ISO-10303-21;
HEADER;
/* Generated by software containing ST-Developer
 * from STEP Tools, Inc. (www.steptools.com) 
 */

FILE_DESCRIPTION(
/* description */ (''),
/* implementation_level */ '2;1');

FILE_NAME(
/* name */ '3d_printed sensor.step',
/* time_stamp */ '2026-05-10T19:40:54+06:00',
/* author */ (''),
/* organization */ (''),
/* preprocessor_version */ 'ST-DEVELOPER v20.1',
/* originating_system */ 'Autodesk Translation Framework v14.24.0.0',
/* authorisation */ '');

FILE_SCHEMA (('AUTOMOTIVE_DESIGN { 1 0 10303 214 3 1 1 }'));
ENDSEC;

DATA;
#10=MECHANICAL_DESIGN_GEOMETRIC_PRESENTATION_REPRESENTATION('',(#237,#238,
#239,#240,#241,#242,#243,#244,#245,#246,#247,#248,#249,#250,#251,#252,#253,
#254,#255),#16434);
#11=ITEM_DEFINED_TRANSFORMATION($,$,#8679,#9084);
#12=ITEM_DEFINED_TRANSFORMATION($,$,#8678,#9359);
#13=(
REPRESENTATION_RELATIONSHIP($,$,#16449,#16448)
REPRESENTATION_RELATIONSHIP_WITH_TRANSFORMATION(#11)
SHAPE_REPRESENTATION_RELATIONSHIP()
);
#14=(
REPRESENTATION_RELATIONSHIP($,$,#16448,#16447)
REPRESENTATION_RELATIONSHIP_WITH_TRANSFORMATION(#12)
SHAPE_REPRESENTATION_RELATIONSHIP()
);
#15=CONTEXT_DEPENDENT_SHAPE_REPRESENTATION(#13,#16445);
#16=CONTEXT_DEPENDENT_SHAPE_REPRESENTATION(#14,#16446);
#17=NEXT_ASSEMBLY_USAGE_OCCURRENCE(
'Pinky-Thumb-finger-sensor_Conductive-TPU:1',
'Pinky-Thumb-finger-sensor_Conductive-TPU:1',
'Pinky-Thumb-finger-sensor_Conductive-TPU:1',#16452,#16453,
'Pinky-Thumb-finger-sensor_Conductive-TPU:1');
#18=NEXT_ASSEMBLY_USAGE_OCCURRENCE(
'Pinky_Thumb_finger_Non-Conductive-TPU:1',
'Pinky_Thumb_finger_Non-Conductive-TPU:1',
'Pinky_Thumb_finger_Non-Conductive-TPU:1',#16451,#16452,
'Pinky_Thumb_finger_Non-Conductive-TPU:1');
#19=B_SPLINE_SURFACE_WITH_KNOTS('',3,3,((#12814,#12815,#12816,#12817,#12818,
#12819,#12820),(#12821,#12822,#12823,#12824,#12825,#12826,#12827),(#12828,
#12829,#12830,#12831,#12832,#12833,#12834),(#12835,#12836,#12837,#12838,
#12839,#12840,#12841)),.UNSPECIFIED.,.F.,.F.,.F.,(4,4),(4,2,1,4),(-0.000269319428273599,
1.),(-0.000269319428273552,0.0951480022702276,0.166007774907334,0.237136866972712),
 .UNSPECIFIED.);
#20=B_SPLINE_SURFACE_WITH_KNOTS('',3,3,((#12923,#12924,#12925,#12926,#12927,
#12928),(#12929,#12930,#12931,#12932,#12933,#12934),(#12935,#12936,#12937,
#12938,#12939,#12940),(#12941,#12942,#12943,#12944,#12945,#12946)),
 .UNSPECIFIED.,.F.,.F.,.F.,(4,4),(4,2,4),(-0.00025990037464592,1.),(-0.000259900374645681,
0.213608355494612,0.319285670365375),.UNSPECIFIED.);
#21=B_SPLINE_SURFACE_WITH_KNOTS('',3,3,((#13012,#13013,#13014,#13015,#13016),
(#13017,#13018,#13019,#13020,#13021),(#13022,#13023,#13024,#13025,#13026),
(#13027,#13028,#13029,#13030,#13031)),.UNSPECIFIED.,.F.,.F.,.F.,(4,4),(4,
1,4),(-7.96857840950204E-5,1.),(-7.96857840946513E-5,0.136725329996028,
0.319105455774826),.UNSPECIFIED.);
#22=B_SPLINE_SURFACE_WITH_KNOTS('',3,3,((#13089,#13090,#13091,#13092,#13093,
#13094,#13095,#13096,#13097,#13098),(#13099,#13100,#13101,#13102,#13103,
#13104,#13105,#13106,#13107,#13108),(#13109,#13110,#13111,#13112,#13113,
#13114,#13115,#13116,#13117,#13118),(#13119,#13120,#13121,#13122,#13123,
#13124,#13125,#13126,#13127,#13128)),.UNSPECIFIED.,.F.,.F.,.F.,(4,4),(4,
2,2,2,4),(-0.000372698642630266,1.),(-0.00037269864263005,0.0474482009926472,
0.0951480022702306,0.187892027855185,0.237240246187071),.UNSPECIFIED.);
#23=B_SPLINE_SURFACE_WITH_KNOTS('',3,1,((#13224,#13225),(#13226,#13227),
(#13228,#13229),(#13230,#13231),(#13232,#13233),(#13234,#13235)),
 .UNSPECIFIED.,.F.,.F.,.F.,(4,1,1,4),(2,2),(0.,0.285714285714286,0.571428571428571,
1.),(0.,0.024),.UNSPECIFIED.);
#24=B_SPLINE_SURFACE_WITH_KNOTS('',3,1,((#13240,#13241),(#13242,#13243),
(#13244,#13245),(#13246,#13247),(#13248,#13249),(#13250,#13251),(#13252,
#13253)),.UNSPECIFIED.,.F.,.F.,.F.,(4,1,1,1,4),(2,2),(0.,0.285714285714286,
0.571428571428571,0.714285714285714,1.),(0.,0.024),.UNSPECIFIED.);
#25=B_SPLINE_SURFACE_WITH_KNOTS('',3,3,((#13257,#13258,#13259,#13260,#13261,
#13262,#13263,#13264,#13265),(#13266,#13267,#13268,#13269,#13270,#13271,
#13272,#13273,#13274),(#13275,#13276,#13277,#13278,#13279,#13280,#13281,
#13282,#13283),(#13284,#13285,#13286,#13287,#13288,#13289,#13290,#13291,
#13292)),.UNSPECIFIED.,.F.,.F.,.F.,(4,4),(4,2,1,2,4),(-0.000124444522910013,
1.),(-0.000124444522909886,0.0459908135150138,0.112929159525452,0.21333667854111,
0.241100217236062),.UNSPECIFIED.);
#26=B_SPLINE_SURFACE_WITH_KNOTS('',3,3,((#13390,#13391,#13392,#13393,#13394),
(#13395,#13396,#13397,#13398,#13399),(#13400,#13401,#13402,#13403,#13404),
(#13405,#13406,#13407,#13408,#13409)),.UNSPECIFIED.,.F.,.F.,.F.,(4,4),(4,
1,4),(0.,1.),(2.28482013499021E-16,0.135419386713133,0.315978568997311),
 .UNSPECIFIED.);
#27=B_SPLINE_SURFACE_WITH_KNOTS('',3,3,((#13417,#13418,#13419,#13420,#13421),
(#13422,#13423,#13424,#13425,#13426),(#13427,#13428,#13429,#13430,#13431),
(#13432,#13433,#13434,#13435,#13436)),.UNSPECIFIED.,.F.,.F.,.F.,(4,4),(4,
1,4),(0.,1.),(1.62392713000316E-33,0.135419386713134,0.315978568997312),
 .UNSPECIFIED.);
#28=B_SPLINE_SURFACE_WITH_KNOTS('',3,3,((#13452,#13453,#13454,#13455,#13456,
#13457,#13458,#13459),(#13460,#13461,#13462,#13463,#13464,#13465,#13466,
#13467),(#13468,#13469,#13470,#13471,#13472,#13473,#13474,#13475),(#13476,
#13477,#13478,#13479,#13480,#13481,#13482,#13483)),.UNSPECIFIED.,.F.,.F.,
 .F.,(4,4),(4,1,1,2,4),(-0.000114205768125654,1.),(-0.00011420576812533,
0.0640010035623334,0.128002007124666,0.213336678541111,0.241089978481278),
 .UNSPECIFIED.);
#29=B_SPLINE_SURFACE_WITH_KNOTS('',3,1,((#13496,#13497),(#13498,#13499),
(#13500,#13501),(#13502,#13503),(#13504,#13505)),.UNSPECIFIED.,.F.,.F.,
 .F.,(4,1,4),(2,2),(0.,0.571428571428571,1.),(0.,0.0240000000000001),
 .UNSPECIFIED.);
#30=B_SPLINE_SURFACE_WITH_KNOTS('',3,1,((#13509,#13510),(#13511,#13512),
(#13513,#13514),(#13515,#13516),(#13517,#13518),(#13519,#13520),(#13521,
#13522),(#13523,#13524),(#13525,#13526)),.UNSPECIFIED.,.F.,.F.,.F.,(4,1,
1,1,1,1,4),(2,2),(0.,0.142857142857143,0.285714285714286,0.428571428571429,
0.571428571428571,0.857142857142857,1.),(0.,0.0240000000000002),
 .UNSPECIFIED.);
#31=B_SPLINE_SURFACE_WITH_KNOTS('',3,1,((#13553,#13554),(#13555,#13556),
(#13557,#13558),(#13559,#13560),(#13561,#13562)),.UNSPECIFIED.,.F.,.F.,
 .F.,(4,1,4),(2,2),(0.,0.571428571428571,1.),(0.,0.12),.UNSPECIFIED.);
#32=B_SPLINE_SURFACE_WITH_KNOTS('',3,1,((#13565,#13566),(#13567,#13568),
(#13569,#13570),(#13571,#13572)),.UNSPECIFIED.,.F.,.F.,.F.,(4,4),(2,2),
(0.,1.),(0.,0.120000000000001),.UNSPECIFIED.);
#33=B_SPLINE_SURFACE_WITH_KNOTS('',3,1,((#13577,#13578),(#13579,#13580),
(#13581,#13582),(#13583,#13584),(#13585,#13586)),.UNSPECIFIED.,.F.,.F.,
 .F.,(4,1,4),(2,2),(0.,0.571428571428571,1.),(0.,0.12),.UNSPECIFIED.);
#34=B_SPLINE_SURFACE_WITH_KNOTS('',3,1,((#13589,#13590),(#13591,#13592),
(#13593,#13594),(#13595,#13596)),.UNSPECIFIED.,.F.,.F.,.F.,(4,4),(2,2),
(0.,1.),(0.,0.12),.UNSPECIFIED.);
#35=B_SPLINE_SURFACE_WITH_KNOTS('',3,1,((#13601,#13602),(#13603,#13604),
(#13605,#13606),(#13607,#13608),(#13609,#13610),(#13611,#13612),(#13613,
#13614)),.UNSPECIFIED.,.F.,.F.,.F.,(4,1,1,1,4),(2,2),(0.,0.285714285714286,
0.571428571428571,0.714285714285714,1.),(0.,0.0240000000000001),
 .UNSPECIFIED.);
#36=B_SPLINE_SURFACE_WITH_KNOTS('',3,1,((#13619,#13620),(#13621,#13622),
(#13623,#13624),(#13625,#13626),(#13627,#13628),(#13629,#13630),(#13631,
#13632),(#13633,#13634),(#13635,#13636)),.UNSPECIFIED.,.F.,.F.,.F.,(4,1,
1,1,1,1,4),(2,2),(0.,0.142857142857143,0.285714285714286,0.428571428571429,
0.571428571428571,0.857142857142857,1.),(0.,0.024),.UNSPECIFIED.);
#37=B_SPLINE_SURFACE_WITH_KNOTS('',3,1,((#13640,#13641),(#13642,#13643),
(#13644,#13645),(#13646,#13647),(#13648,#13649),(#13650,#13651),(#13652,
#13653)),.UNSPECIFIED.,.F.,.F.,.F.,(4,1,1,1,4),(2,2),(0.,0.285714285714286,
0.571428571428571,0.714285714285714,1.),(0.,0.12),.UNSPECIFIED.);
#38=B_SPLINE_SURFACE_WITH_KNOTS('',3,1,((#13655,#13656),(#13657,#13658),
(#13659,#13660),(#13661,#13662),(#13663,#13664),(#13665,#13666)),
 .UNSPECIFIED.,.F.,.F.,.F.,(4,1,1,4),(2,2),(0.,0.21146114094825,0.35243523491375,
0.49340932887925),(0.,0.12),.UNSPECIFIED.);
#39=B_SPLINE_SURFACE_WITH_KNOTS('',3,1,((#13671,#13672),(#13673,#13674),
(#13675,#13676),(#13677,#13678),(#13679,#13680),(#13681,#13682),(#13683,
#13684)),.UNSPECIFIED.,.F.,.F.,.F.,(4,1,1,1,4),(2,2),(0.,0.285714285714286,
0.571428571428571,0.785714285714286,1.),(0.,0.12),.UNSPECIFIED.);
#40=B_SPLINE_SURFACE_WITH_KNOTS('',3,1,((#13687,#13688),(#13689,#13690),
(#13691,#13692),(#13693,#13694),(#13695,#13696),(#13697,#13698),(#13699,
#13700)),.UNSPECIFIED.,.F.,.F.,.F.,(4,1,1,1,4),(2,2),(0.,0.285714285714286,
0.571428571428571,0.785714285714286,1.),(0.,0.12),.UNSPECIFIED.);
#41=B_SPLINE_SURFACE_WITH_KNOTS('',3,1,((#13703,#13704),(#13705,#13706),
(#13707,#13708),(#13709,#13710),(#13711,#13712),(#13713,#13714),(#13715,
#13716)),.UNSPECIFIED.,.F.,.F.,.F.,(4,1,1,1,4),(2,2),(0.,0.285714285714286,
0.571428571428571,0.714285714285714,1.),(0.,0.12),.UNSPECIFIED.);
#42=B_SPLINE_SURFACE_WITH_KNOTS('',3,1,((#13719,#13720),(#13721,#13722),
(#13723,#13724),(#13725,#13726),(#13727,#13728),(#13729,#13730)),
 .UNSPECIFIED.,.F.,.F.,.F.,(4,1,1,4),(2,2),(0.,0.285714285714286,0.571428571428571,
1.),(0.,0.12),.UNSPECIFIED.);
#43=B_SPLINE_SURFACE_WITH_KNOTS('',3,1,((#13755,#13756),(#13757,#13758),
(#13759,#13760),(#13761,#13762),(#13763,#13764)),.UNSPECIFIED.,.F.,.F.,
 .F.,(4,1,4),(2,2),(0.,0.571428571428571,1.),(0.,0.12),.UNSPECIFIED.);
#44=B_SPLINE_SURFACE_WITH_KNOTS('',3,1,((#13769,#13770),(#13771,#13772),
(#13773,#13774),(#13775,#13776)),.UNSPECIFIED.,.F.,.F.,.F.,(4,4),(2,2),
(0.,1.),(0.,0.120000000000001),.UNSPECIFIED.);
#45=B_SPLINE_SURFACE_WITH_KNOTS('',3,1,((#13779,#13780),(#13781,#13782),
(#13783,#13784),(#13785,#13786),(#13787,#13788)),.UNSPECIFIED.,.F.,.F.,
 .F.,(4,1,4),(2,2),(0.,0.571428571428571,1.),(0.,0.12),.UNSPECIFIED.);
#46=B_SPLINE_SURFACE_WITH_KNOTS('',3,1,((#13793,#13794),(#13795,#13796),
(#13797,#13798),(#13799,#13800)),.UNSPECIFIED.,.F.,.F.,.F.,(4,4),(2,2),
(0.,1.),(0.,0.12),.UNSPECIFIED.);
#47=B_SPLINE_SURFACE_WITH_KNOTS('',3,1,((#13802,#13803),(#13804,#13805),
(#13806,#13807),(#13808,#13809),(#13810,#13811),(#13812,#13813),(#13814,
#13815)),.UNSPECIFIED.,.F.,.F.,.F.,(4,1,1,1,4),(2,2),(0.,0.285714285714286,
0.571428571428571,0.714285714285714,1.),(0.,0.12),.UNSPECIFIED.);
#48=B_SPLINE_SURFACE_WITH_KNOTS('',3,1,((#13820,#13821),(#13822,#13823),
(#13824,#13825),(#13826,#13827),(#13828,#13829),(#13830,#13831),(#13832,
#13833)),.UNSPECIFIED.,.F.,.F.,.F.,(4,1,1,1,4),(2,2),(0.,0.285714285714286,
0.571428571428571,0.785714285714286,1.),(0.,0.12),.UNSPECIFIED.);
#49=B_SPLINE_SURFACE_WITH_KNOTS('',3,1,((#13837,#13838),(#13839,#13840),
(#13841,#13842),(#13843,#13844),(#13845,#13846),(#13847,#13848),(#13849,
#13850)),.UNSPECIFIED.,.F.,.F.,.F.,(4,1,1,1,4),(2,2),(0.,0.285714285714286,
0.571428571428571,0.785714285714286,1.),(0.,0.12),.UNSPECIFIED.);
#50=B_SPLINE_SURFACE_WITH_KNOTS('',3,1,((#13852,#13853),(#13854,#13855),
(#13856,#13857),(#13858,#13859),(#13860,#13861),(#13862,#13863),(#13864,
#13865)),.UNSPECIFIED.,.F.,.F.,.F.,(4,1,1,1,4),(2,2),(0.,0.285714285714286,
0.571428571428571,0.714285714285714,1.),(0.,0.12),.UNSPECIFIED.);
#51=B_SPLINE_SURFACE_WITH_KNOTS('',3,1,((#13867,#13868),(#13869,#13870),
(#13871,#13872),(#13873,#13874),(#13875,#13876),(#13877,#13878)),
 .UNSPECIFIED.,.F.,.F.,.F.,(4,1,1,4),(2,2),(0.506590671120758,0.647564765086255,
0.788538859051753,1.),(0.,0.12),.UNSPECIFIED.);
#52=B_SPLINE_SURFACE_WITH_KNOTS('',3,1,((#13881,#13882),(#13883,#13884),
(#13885,#13886),(#13887,#13888),(#13889,#13890),(#13891,#13892)),
 .UNSPECIFIED.,.F.,.F.,.F.,(4,1,1,4),(2,2),(0.,0.285714285714286,0.571428571428571,
1.),(0.,0.12),.UNSPECIFIED.);
#53=B_SPLINE_SURFACE_WITH_KNOTS('',3,1,((#13893,#13894),(#13895,#13896),
(#13897,#13898),(#13899,#13900),(#13901,#13902),(#13903,#13904)),
 .UNSPECIFIED.,.F.,.F.,.F.,(4,1,1,4),(2,2),(0.,0.285714285714286,0.571428571428571,
1.),(0.,0.0240000000000001),.UNSPECIFIED.);
#54=B_SPLINE_SURFACE_WITH_KNOTS('',3,1,((#13907,#13908),(#13909,#13910),
(#13911,#13912),(#13913,#13914),(#13915,#13916)),.UNSPECIFIED.,.F.,.F.,
 .F.,(4,1,4),(2,2),(0.,0.571428571428571,1.),(0.,0.0240000000000001),
 .UNSPECIFIED.);
#55=B_SPLINE_SURFACE_WITH_KNOTS('',3,3,((#14153,#14154,#14155,#14156,#14157,
#14158,#14159),(#14160,#14161,#14162,#14163,#14164,#14165,#14166),(#14167,
#14168,#14169,#14170,#14171,#14172,#14173),(#14174,#14175,#14176,#14177,
#14178,#14179,#14180)),.UNSPECIFIED.,.F.,.F.,.F.,(4,4),(4,2,1,4),(-0.000269319428273599,
1.),(-0.000269319428273552,0.0951480022702276,0.166007774907334,0.237136866972712),
 .UNSPECIFIED.);
#56=B_SPLINE_SURFACE_WITH_KNOTS('',3,3,((#14270,#14271,#14272,#14273,#14274,
#14275),(#14276,#14277,#14278,#14279,#14280,#14281),(#14282,#14283,#14284,
#14285,#14286,#14287),(#14288,#14289,#14290,#14291,#14292,#14293)),
 .UNSPECIFIED.,.F.,.F.,.F.,(4,4),(4,2,4),(-0.00025990037464592,1.),(-0.000259900374645681,
0.213608355494612,0.319285670365375),.UNSPECIFIED.);
#57=B_SPLINE_SURFACE_WITH_KNOTS('',3,3,((#14370,#14371,#14372,#14373,#14374),
(#14375,#14376,#14377,#14378,#14379),(#14380,#14381,#14382,#14383,#14384),
(#14385,#14386,#14387,#14388,#14389)),.UNSPECIFIED.,.F.,.F.,.F.,(4,4),(4,
1,4),(-7.96857840950204E-5,1.),(-7.96857840946513E-5,0.136725329996028,
0.319105455774826),.UNSPECIFIED.);
#58=B_SPLINE_SURFACE_WITH_KNOTS('',3,3,((#14453,#14454,#14455,#14456,#14457,
#14458,#14459,#14460,#14461,#14462),(#14463,#14464,#14465,#14466,#14467,
#14468,#14469,#14470,#14471,#14472),(#14473,#14474,#14475,#14476,#14477,
#14478,#14479,#14480,#14481,#14482),(#14483,#14484,#14485,#14486,#14487,
#14488,#14489,#14490,#14491,#14492)),.UNSPECIFIED.,.F.,.F.,.F.,(4,4),(4,
2,2,2,4),(-0.000372698642630266,1.),(-0.00037269864263005,0.0474482009926472,
0.0951480022702306,0.187892027855185,0.237240246187071),.UNSPECIFIED.);
#59=B_SPLINE_SURFACE_WITH_KNOTS('',3,1,((#14600,#14601),(#14602,#14603),
(#14604,#14605),(#14606,#14607),(#14608,#14609),(#14610,#14611)),
 .UNSPECIFIED.,.F.,.F.,.F.,(4,1,1,4),(2,2),(0.,0.285714285714286,0.571428571428571,
1.),(0.,0.024),.UNSPECIFIED.);
#60=B_SPLINE_SURFACE_WITH_KNOTS('',3,1,((#14626,#14627),(#14628,#14629),
(#14630,#14631),(#14632,#14633),(#14634,#14635),(#14636,#14637),(#14638,
#14639)),.UNSPECIFIED.,.F.,.F.,.F.,(4,1,1,1,4),(2,2),(0.,0.285714285714286,
0.571428571428571,0.714285714285714,1.),(0.,0.024),.UNSPECIFIED.);
#61=B_SPLINE_SURFACE_WITH_KNOTS('',3,3,((#14937,#14938,#14939,#14940,#14941,
#14942,#14943,#14944,#14945),(#14946,#14947,#14948,#14949,#14950,#14951,
#14952,#14953,#14954),(#14955,#14956,#14957,#14958,#14959,#14960,#14961,
#14962,#14963),(#14964,#14965,#14966,#14967,#14968,#14969,#14970,#14971,
#14972)),.UNSPECIFIED.,.F.,.F.,.F.,(4,4),(4,2,1,2,4),(-0.000124444522910013,
1.),(-0.000124444522909886,0.0459908135150138,0.112929159525452,0.21333667854111,
0.241100217236062),.UNSPECIFIED.);
#62=B_SPLINE_SURFACE_WITH_KNOTS('',3,3,((#15070,#15071,#15072,#15073,#15074),
(#15075,#15076,#15077,#15078,#15079),(#15080,#15081,#15082,#15083,#15084),
(#15085,#15086,#15087,#15088,#15089)),.UNSPECIFIED.,.F.,.F.,.F.,(4,4),(4,
1,4),(0.,1.),(2.28482013499021E-16,0.135419386713133,0.315978568997311),
 .UNSPECIFIED.);
#63=B_SPLINE_SURFACE_WITH_KNOTS('',3,3,((#15097,#15098,#15099,#15100,#15101),
(#15102,#15103,#15104,#15105,#15106),(#15107,#15108,#15109,#15110,#15111),
(#15112,#15113,#15114,#15115,#15116)),.UNSPECIFIED.,.F.,.F.,.F.,(4,4),(4,
1,4),(0.,1.),(1.62392713000316E-33,0.135419386713134,0.315978568997312),
 .UNSPECIFIED.);
#64=B_SPLINE_SURFACE_WITH_KNOTS('',3,3,((#15132,#15133,#15134,#15135,#15136,
#15137,#15138,#15139),(#15140,#15141,#15142,#15143,#15144,#15145,#15146,
#15147),(#15148,#15149,#15150,#15151,#15152,#15153,#15154,#15155),(#15156,
#15157,#15158,#15159,#15160,#15161,#15162,#15163)),.UNSPECIFIED.,.F.,.F.,
 .F.,(4,4),(4,1,1,2,4),(-0.000114205768125654,1.),(-0.00011420576812533,
0.0640010035623334,0.128002007124666,0.213336678541111,0.241089978481278),
 .UNSPECIFIED.);
#65=B_SPLINE_SURFACE_WITH_KNOTS('',3,1,((#15179,#15180),(#15181,#15182),
(#15183,#15184),(#15185,#15186),(#15187,#15188)),.UNSPECIFIED.,.F.,.F.,
 .F.,(4,1,4),(2,2),(0.,0.571428571428571,1.),(0.,0.0240000000000001),
 .UNSPECIFIED.);
#66=B_SPLINE_SURFACE_WITH_KNOTS('',3,1,((#15200,#15201),(#15202,#15203),
(#15204,#15205),(#15206,#15207),(#15208,#15209),(#15210,#15211),(#15212,
#15213),(#15214,#15215),(#15216,#15217)),.UNSPECIFIED.,.F.,.F.,.F.,(4,1,
1,1,1,1,4),(2,2),(0.,0.142857142857143,0.285714285714286,0.428571428571429,
0.571428571428571,0.857142857142857,1.),(0.,0.0240000000000002),
 .UNSPECIFIED.);
#67=B_SPLINE_SURFACE_WITH_KNOTS('',3,1,((#15299,#15300),(#15301,#15302),
(#15303,#15304),(#15305,#15306)),.UNSPECIFIED.,.F.,.F.,.F.,(4,4),(2,2),
(0.,1.),(0.,0.120000000000001),.UNSPECIFIED.);
#68=B_SPLINE_SURFACE_WITH_KNOTS('',3,1,((#15314,#15315),(#15316,#15317),
(#15318,#15319),(#15320,#15321),(#15322,#15323)),.UNSPECIFIED.,.F.,.F.,
 .F.,(4,1,4),(2,2),(0.,0.571428571428571,1.),(0.,0.12),.UNSPECIFIED.);
#69=B_SPLINE_SURFACE_WITH_KNOTS('',3,1,((#15333,#15334),(#15335,#15336),
(#15337,#15338),(#15339,#15340)),.UNSPECIFIED.,.F.,.F.,.F.,(4,4),(2,2),
(0.,1.),(0.,0.120000000000001),.UNSPECIFIED.);
#70=B_SPLINE_SURFACE_WITH_KNOTS('',3,1,((#15350,#15351),(#15352,#15353),
(#15354,#15355),(#15356,#15357),(#15358,#15359)),.UNSPECIFIED.,.F.,.F.,
 .F.,(4,1,4),(2,2),(0.,0.571428571428571,1.),(0.,0.12),.UNSPECIFIED.);
#71=B_SPLINE_SURFACE_WITH_KNOTS('',3,1,((#15369,#15370),(#15371,#15372),
(#15373,#15374),(#15375,#15376)),.UNSPECIFIED.,.F.,.F.,.F.,(4,4),(2,2),
(0.,1.),(0.,0.12),.UNSPECIFIED.);
#72=B_SPLINE_SURFACE_WITH_KNOTS('',3,1,((#15387,#15388),(#15389,#15390),
(#15391,#15392),(#15393,#15394)),.UNSPECIFIED.,.F.,.F.,.F.,(4,4),(2,2),
(0.,1.),(0.,0.12),.UNSPECIFIED.);
#73=B_SPLINE_SURFACE_WITH_KNOTS('',3,1,((#15402,#15403),(#15404,#15405),
(#15406,#15407),(#15408,#15409),(#15410,#15411),(#15412,#15413),(#15414,
#15415)),.UNSPECIFIED.,.F.,.F.,.F.,(4,1,1,1,4),(2,2),(0.,0.285714285714286,
0.571428571428571,0.714285714285714,1.),(0.,0.0240000000000001),
 .UNSPECIFIED.);
#74=B_SPLINE_SURFACE_WITH_KNOTS('',3,1,((#15431,#15432),(#15433,#15434),
(#15435,#15436),(#15437,#15438),(#15439,#15440),(#15441,#15442),(#15443,
#15444),(#15445,#15446),(#15447,#15448)),.UNSPECIFIED.,.F.,.F.,.F.,(4,1,
1,1,1,1,4),(2,2),(0.,0.142857142857143,0.285714285714286,0.428571428571429,
0.571428571428571,0.857142857142857,1.),(0.,0.024),.UNSPECIFIED.);
#75=B_SPLINE_SURFACE_WITH_KNOTS('',3,1,((#15464,#15465),(#15466,#15467),
(#15468,#15469),(#15470,#15471),(#15472,#15473),(#15474,#15475),(#15476,
#15477)),.UNSPECIFIED.,.F.,.F.,.F.,(4,1,1,1,4),(2,2),(0.,0.285714285714286,
0.571428571428571,0.714285714285714,1.),(0.,0.12),.UNSPECIFIED.);
#76=B_SPLINE_SURFACE_WITH_KNOTS('',3,1,((#15487,#15488),(#15489,#15490),
(#15491,#15492),(#15493,#15494),(#15495,#15496),(#15497,#15498)),
 .UNSPECIFIED.,.F.,.F.,.F.,(4,1,1,4),(2,2),(0.,0.21146114094825,0.35243523491375,
0.49340932887925),(0.,0.12),.UNSPECIFIED.);
#77=B_SPLINE_SURFACE_WITH_KNOTS('',3,1,((#15513,#15514),(#15515,#15516),
(#15517,#15518),(#15519,#15520),(#15521,#15522),(#15523,#15524),(#15525,
#15526)),.UNSPECIFIED.,.F.,.F.,.F.,(4,1,1,1,4),(2,2),(0.,0.285714285714286,
0.571428571428571,0.785714285714286,1.),(0.,0.12),.UNSPECIFIED.);
#78=B_SPLINE_SURFACE_WITH_KNOTS('',3,1,((#15538,#15539),(#15540,#15541),
(#15542,#15543),(#15544,#15545),(#15546,#15547),(#15548,#15549),(#15550,
#15551)),.UNSPECIFIED.,.F.,.F.,.F.,(4,1,1,1,4),(2,2),(0.,0.285714285714286,
0.571428571428571,0.785714285714286,1.),(0.,0.12),.UNSPECIFIED.);
#79=B_SPLINE_SURFACE_WITH_KNOTS('',3,1,((#15563,#15564),(#15565,#15566),
(#15567,#15568),(#15569,#15570),(#15571,#15572),(#15573,#15574),(#15575,
#15576)),.UNSPECIFIED.,.F.,.F.,.F.,(4,1,1,1,4),(2,2),(0.,0.285714285714286,
0.571428571428571,0.714285714285714,1.),(0.,0.12),.UNSPECIFIED.);
#80=B_SPLINE_SURFACE_WITH_KNOTS('',3,1,((#15588,#15589),(#15590,#15591),
(#15592,#15593),(#15594,#15595),(#15596,#15597),(#15598,#15599)),
 .UNSPECIFIED.,.F.,.F.,.F.,(4,1,1,4),(2,2),(0.,0.285714285714286,0.571428571428571,
1.),(0.,0.12),.UNSPECIFIED.);
#81=B_SPLINE_SURFACE_WITH_KNOTS('',3,1,((#15670,#15671),(#15672,#15673),
(#15674,#15675),(#15676,#15677)),.UNSPECIFIED.,.F.,.F.,.F.,(4,4),(2,2),
(0.,1.),(0.,0.12),.UNSPECIFIED.);
#82=B_SPLINE_SURFACE_WITH_KNOTS('',3,1,((#15683,#15684),(#15685,#15686),
(#15687,#15688),(#15689,#15690),(#15691,#15692)),.UNSPECIFIED.,.F.,.F.,
 .F.,(4,1,4),(2,2),(0.,0.571428571428571,1.),(0.,0.12),.UNSPECIFIED.);
#83=B_SPLINE_SURFACE_WITH_KNOTS('',3,1,((#15706,#15707),(#15708,#15709),
(#15710,#15711),(#15712,#15713)),.UNSPECIFIED.,.F.,.F.,.F.,(4,4),(2,2),
(0.,1.),(0.,0.120000000000001),.UNSPECIFIED.);
#84=B_SPLINE_SURFACE_WITH_KNOTS('',3,1,((#15719,#15720),(#15721,#15722),
(#15723,#15724),(#15725,#15726),(#15727,#15728)),.UNSPECIFIED.,.F.,.F.,
 .F.,(4,1,4),(2,2),(0.,0.571428571428571,1.),(0.,0.12),.UNSPECIFIED.);
#85=B_SPLINE_SURFACE_WITH_KNOTS('',3,1,((#15742,#15743),(#15744,#15745),
(#15746,#15747),(#15748,#15749)),.UNSPECIFIED.,.F.,.F.,.F.,(4,4),(2,2),
(0.,1.),(0.,0.12),.UNSPECIFIED.);
#86=B_SPLINE_SURFACE_WITH_KNOTS('',3,1,((#15758,#15759),(#15760,#15761),
(#15762,#15763),(#15764,#15765)),.UNSPECIFIED.,.F.,.F.,.F.,(4,4),(2,2),
(0.,1.),(0.,0.12),.UNSPECIFIED.);
#87=B_SPLINE_SURFACE_WITH_KNOTS('',3,1,((#15767,#15768),(#15769,#15770),
(#15771,#15772),(#15773,#15774),(#15775,#15776),(#15777,#15778),(#15779,
#15780)),.UNSPECIFIED.,.F.,.F.,.F.,(4,1,1,1,4),(2,2),(0.,0.285714285714286,
0.571428571428571,0.714285714285714,1.),(0.,0.12),.UNSPECIFIED.);
#88=B_SPLINE_SURFACE_WITH_KNOTS('',3,1,((#15796,#15797),(#15798,#15799),
(#15800,#15801),(#15802,#15803),(#15804,#15805),(#15806,#15807),(#15808,
#15809)),.UNSPECIFIED.,.F.,.F.,.F.,(4,1,1,1,4),(2,2),(0.,0.285714285714286,
0.571428571428571,0.785714285714286,1.),(0.,0.12),.UNSPECIFIED.);
#89=B_SPLINE_SURFACE_WITH_KNOTS('',3,1,((#15823,#15824),(#15825,#15826),
(#15827,#15828),(#15829,#15830),(#15831,#15832),(#15833,#15834),(#15835,
#15836)),.UNSPECIFIED.,.F.,.F.,.F.,(4,1,1,1,4),(2,2),(0.,0.285714285714286,
0.571428571428571,0.785714285714286,1.),(0.,0.12),.UNSPECIFIED.);
#90=B_SPLINE_SURFACE_WITH_KNOTS('',3,1,((#15846,#15847),(#15848,#15849),
(#15850,#15851),(#15852,#15853),(#15854,#15855),(#15856,#15857),(#15858,
#15859)),.UNSPECIFIED.,.F.,.F.,.F.,(4,1,1,1,4),(2,2),(0.,0.285714285714286,
0.571428571428571,0.714285714285714,1.),(0.,0.12),.UNSPECIFIED.);
#91=B_SPLINE_SURFACE_WITH_KNOTS('',3,1,((#15869,#15870),(#15871,#15872),
(#15873,#15874),(#15875,#15876),(#15877,#15878),(#15879,#15880)),
 .UNSPECIFIED.,.F.,.F.,.F.,(4,1,1,4),(2,2),(0.506590671120758,0.647564765086255,
0.788538859051753,1.),(0.,0.12),.UNSPECIFIED.);
#92=B_SPLINE_SURFACE_WITH_KNOTS('',3,1,((#15891,#15892),(#15893,#15894),
(#15895,#15896),(#15897,#15898),(#15899,#15900),(#15901,#15902)),
 .UNSPECIFIED.,.F.,.F.,.F.,(4,1,1,4),(2,2),(0.,0.285714285714286,0.571428571428571,
1.),(0.,0.12),.UNSPECIFIED.);
#93=B_SPLINE_SURFACE_WITH_KNOTS('',3,1,((#15909,#15910),(#15911,#15912),
(#15913,#15914),(#15915,#15916),(#15917,#15918),(#15919,#15920)),
 .UNSPECIFIED.,.F.,.F.,.F.,(4,1,1,4),(2,2),(0.,0.285714285714286,0.571428571428571,
1.),(0.,0.0240000000000001),.UNSPECIFIED.);
#94=B_SPLINE_SURFACE_WITH_KNOTS('',3,1,((#15931,#15932),(#15933,#15934),
(#15935,#15936),(#15937,#15938),(#15939,#15940)),.UNSPECIFIED.,.F.,.F.,
 .F.,(4,1,4),(2,2),(0.,0.571428571428571,1.),(0.,0.0240000000000001),
 .UNSPECIFIED.);
#95=ELLIPSE('',#8831,12.2436841448717,8.63749774155066);
#96=ELLIPSE('',#8843,12.2436841447822,8.63749774142352);
#97=ELLIPSE('',#8854,12.2436841447852,8.63749774142785);
#98=ELLIPSE('',#8859,12.2436841447822,8.63749774142352);
#99=ELLIPSE('',#9092,7.35047591800131,5.16335203314004);
#100=ELLIPSE('',#9095,12.2436841447822,8.63749774142352);
#101=ELLIPSE('',#9100,10.944624937133,7.71646966844888);
#102=ELLIPSE('',#9101,10.944624937015,7.71646966828114);
#103=ELLIPSE('',#9106,12.2436841447852,8.63749774142785);
#104=ELLIPSE('',#9109,7.35047591799655,5.16335203313321);
#105=ELLIPSE('',#9140,7.35047591799655,5.16335203313321);
#106=ELLIPSE('',#9143,12.2436841448717,8.63749774155066);
#107=ELLIPSE('',#9147,10.944624937015,7.71646966828114);
#108=ELLIPSE('',#9175,7.35047591800131,5.16335203314004);
#109=ELLIPSE('',#9178,12.2436841447822,8.63749774142352);
#110=ELLIPSE('',#9182,10.944624937133,7.71646966844888);
#111=B_SPLINE_CURVE_WITH_KNOTS('',3,(#11959,#11960,#11961,#11962,#11963,
#11964),.UNSPECIFIED.,.F.,.F.,(4,1,1,4),(0.,0.0509178499587638,0.0848630832646063,
0.118808316570449),.UNSPECIFIED.);
#112=B_SPLINE_CURVE_WITH_KNOTS('',3,(#11980,#11981,#11982,#11983,#11984,
#11985),.UNSPECIFIED.,.F.,.F.,(4,1,1,4),(0.122305499974283,0.156211292185386,
0.19011708439649,0.240975772713145),.UNSPECIFIED.);
#113=B_SPLINE_CURVE_WITH_KNOTS('',3,(#12006,#12007,#12008,#12009,#12010,
#12011,#12012,#12013,#12014),.UNSPECIFIED.,.F.,.F.,(4,1,1,1,1,1,4),(0.,
0.0344251103875931,0.0688502207751863,0.103275331162779,0.137700441550372,
0.206550662325559,0.240975772713152),.UNSPECIFIED.);
#114=B_SPLINE_CURVE_WITH_KNOTS('',3,(#12023,#12024,#12025,#12026,#12027),
 .UNSPECIFIED.,.F.,.F.,(4,1,4),(0.,0.180559182284178,0.315978568997312),
 .UNSPECIFIED.);
#115=B_SPLINE_CURVE_WITH_KNOTS('',3,(#12036,#12037,#12038,#12039,#12040,
#12041,#12042,#12043,#12044),.UNSPECIFIED.,.F.,.F.,(4,1,1,1,1,1,4),(0.,
0.0344251103875931,0.0688502207751863,0.103275331162779,0.137700441550373,
0.206550662325559,0.240975772713152),.UNSPECIFIED.);
#116=B_SPLINE_CURVE_WITH_KNOTS('',3,(#12053,#12054,#12055,#12056,#12057),
 .UNSPECIFIED.,.F.,.F.,(4,1,4),(0.,0.180559182284178,0.315978568997312),
 .UNSPECIFIED.);
#117=B_SPLINE_CURVE_WITH_KNOTS('',3,(#12124,#12125,#12126,#12127,#12128,
#12129,#12130),.UNSPECIFIED.,.F.,.F.,(4,1,1,1,4),(0.,0.0676764421555546,
0.135352884311109,0.169191105388887,0.236867547544441),.UNSPECIFIED.);
#118=B_SPLINE_CURVE_WITH_KNOTS('',3,(#12139,#12140,#12141,#12142,#12143,
#12144,#12145),.UNSPECIFIED.,.F.,.F.,(4,1,1,1,4),(0.,0.0676764421555549,
0.13535288431111,0.169191105388887,0.236867547544442),.UNSPECIFIED.);
#119=B_SPLINE_CURVE_WITH_KNOTS('',3,(#12154,#12155,#12156,#12157,#12158,
#12159,#12160),.UNSPECIFIED.,.F.,.F.,(4,1,1,1,4),(0.,0.0676764421555544,
0.135352884311109,0.169191105388886,0.23686754754444),.UNSPECIFIED.);
#120=B_SPLINE_CURVE_WITH_KNOTS('',3,(#12169,#12170,#12171,#12172,#12173,
#12174),.UNSPECIFIED.,.F.,.F.,(4,1,1,4),(0.,0.0911502199973517,0.182300439994703,
0.319025769990731),.UNSPECIFIED.);
#121=B_SPLINE_CURVE_WITH_KNOTS('',3,(#12183,#12184,#12185,#12186,#12187,
#12188,#12189),.UNSPECIFIED.,.F.,.F.,(4,1,1,1,4),(0.,0.0676764421555543,
0.135352884311109,0.169191105388886,0.23686754754444),.UNSPECIFIED.);
#122=B_SPLINE_CURVE_WITH_KNOTS('',3,(#12198,#12199,#12200,#12201,#12202,
#12203),.UNSPECIFIED.,.F.,.F.,(4,1,1,4),(0.,0.0911502199973512,0.182300439994702,
0.319025769990729),.UNSPECIFIED.);
#123=B_SPLINE_CURVE_WITH_KNOTS('',3,(#12251,#12252,#12253,#12254,#12255,
#12256,#12257),.UNSPECIFIED.,.F.,.F.,(4,1,1,1,4),(0.,0.0663419244283308,
0.132683848856662,0.18244029217791,0.232196735499158),.UNSPECIFIED.);
#124=B_SPLINE_CURVE_WITH_KNOTS('',3,(#12261,#12262,#12263,#12264,#12265),
 .UNSPECIFIED.,.F.,.F.,(4,1,4),(0.,0.234774621090478,0.410855586908337),
 .UNSPECIFIED.);
#125=B_SPLINE_CURVE_WITH_KNOTS('',3,(#12283,#12284,#12285,#12286,#12287,
#12288,#12289),.UNSPECIFIED.,.F.,.F.,(4,1,1,1,4),(0.,0.0656437211516404,
0.131287442303281,0.180520233167011,0.229753024030741),.UNSPECIFIED.);
#126=B_SPLINE_CURVE_WITH_KNOTS('',3,(#12293,#12294,#12295,#12296,#12297),
 .UNSPECIFIED.,.F.,.F.,(4,1,4),(0.,0.23507385060371,0.411379238556493),
 .UNSPECIFIED.);
#127=B_SPLINE_CURVE_WITH_KNOTS('',3,(#12312,#12313,#12314,#12315,#12316,
#12317),.UNSPECIFIED.,.F.,.F.,(4,1,1,4),(0.,0.061691287457689,0.123382574915378,
0.215919506101912),.UNSPECIFIED.);
#128=B_SPLINE_CURVE_WITH_KNOTS('',3,(#12334,#12335,#12336,#12337),
 .UNSPECIFIED.,.F.,.F.,(4,4),(0.,0.403651733221814),.UNSPECIFIED.);
#129=B_SPLINE_CURVE_WITH_KNOTS('',3,(#12341,#12342,#12343,#12344,#12345,
#12346,#12347),.UNSPECIFIED.,.F.,.F.,(4,1,1,1,4),(0.,0.0680540739764483,
0.136108147952897,0.170135184941121,0.238189258917569),.UNSPECIFIED.);
#130=B_SPLINE_CURVE_WITH_KNOTS('',3,(#12357,#12358,#12359,#12360,#12361,
#12362,#12363),.UNSPECIFIED.,.F.,.F.,(4,1,1,1,4),(0.,0.0680540739764483,
0.136108147952897,0.170135184941121,0.238189258917569),.UNSPECIFIED.);
#131=B_SPLINE_CURVE_WITH_KNOTS('',3,(#12367,#12368,#12369,#12370),
 .UNSPECIFIED.,.F.,.F.,(4,4),(0.,0.40365173322181),.UNSPECIFIED.);
#132=B_SPLINE_CURVE_WITH_KNOTS('',3,(#12382,#12383,#12384,#12385,#12386,
#12387),.UNSPECIFIED.,.F.,.F.,(4,1,1,4),(0.,0.0616912874576892,0.123382574915378,
0.215919506101912),.UNSPECIFIED.);
#133=B_SPLINE_CURVE_WITH_KNOTS('',3,(#12403,#12404,#12405,#12406,#12407),
 .UNSPECIFIED.,.F.,.F.,(4,1,4),(0.,0.23507385060371,0.411379238556493),
 .UNSPECIFIED.);
#134=B_SPLINE_CURVE_WITH_KNOTS('',3,(#12411,#12412,#12413,#12414,#12415,
#12416,#12417),.UNSPECIFIED.,.F.,.F.,(4,1,1,1,4),(0.,0.0656437211516404,
0.131287442303281,0.180520233167011,0.229753024030742),.UNSPECIFIED.);
#135=B_SPLINE_CURVE_WITH_KNOTS('',3,(#12433,#12434,#12435,#12436,#12437),
 .UNSPECIFIED.,.F.,.F.,(4,1,4),(0.,0.234774621090478,0.410855586908337),
 .UNSPECIFIED.);
#136=B_SPLINE_CURVE_WITH_KNOTS('',3,(#12440,#12441,#12442,#12443,#12444,
#12445,#12446),.UNSPECIFIED.,.F.,.F.,(4,1,1,1,4),(0.,0.0663419244283307,
0.132683848856661,0.182440292177909,0.232196735499158),.UNSPECIFIED.);
#137=B_SPLINE_CURVE_WITH_KNOTS('',3,(#12460,#12461,#12462,#12463),
 .UNSPECIFIED.,.F.,.F.,(4,4),(0.,0.403651733221761),.UNSPECIFIED.);
#138=B_SPLINE_CURVE_WITH_KNOTS('',3,(#12467,#12468,#12469,#12470,#12471,
#12472,#12473),.UNSPECIFIED.,.F.,.F.,(4,1,1,1,4),(0.,0.0680540739764483,
0.102081110964672,0.170135184941121,0.238189258917569),.UNSPECIFIED.);
#139=B_SPLINE_CURVE_WITH_KNOTS('',3,(#12477,#12478,#12479,#12480,#12481,
#12482,#12483),.UNSPECIFIED.,.F.,.F.,(4,1,1,1,4),(0.,0.0676764421555547,
0.101514663233332,0.169191105388887,0.236867547544441),.UNSPECIFIED.);
#140=B_SPLINE_CURVE_WITH_KNOTS('',3,(#12487,#12488,#12489,#12490,#12491,
#12492,#12493),.UNSPECIFIED.,.F.,.F.,(4,1,1,1,4),(0.,0.0492327908637303,
0.0984655817274606,0.164109302879101,0.229753024030741),.UNSPECIFIED.);
#141=B_SPLINE_CURVE_WITH_KNOTS('',3,(#12497,#12498,#12499,#12500,#12501),
 .UNSPECIFIED.,.F.,.F.,(4,1,4),(0.,0.176305387952783,0.411379238556493),
 .UNSPECIFIED.);
#142=B_SPLINE_CURVE_WITH_KNOTS('',3,(#12517,#12518,#12519,#12520,#12521,
#12522),.UNSPECIFIED.,.F.,.F.,(4,1,1,4),(0.,0.0925369311865339,0.154228218644223,
0.215919506101913),.UNSPECIFIED.);
#143=B_SPLINE_CURVE_WITH_KNOTS('',3,(#12524,#12525,#12526,#12527,#12528,
#12529),.UNSPECIFIED.,.F.,.F.,(4,1,1,4),(0.,0.0509178499587631,0.0848630832646052,
0.118808316570447),.UNSPECIFIED.);
#144=B_SPLINE_CURVE_WITH_KNOTS('',3,(#12533,#12534,#12535,#12536,#12537,
#12538,#12539),.UNSPECIFIED.,.F.,.F.,(4,1,1,1,4),(0.,0.0497564433212481,
0.0995128866424961,0.165854811070827,0.232196735499158),.UNSPECIFIED.);
#145=B_SPLINE_CURVE_WITH_KNOTS('',3,(#12543,#12544,#12545,#12546,#12547),
 .UNSPECIFIED.,.F.,.F.,(4,1,4),(0.,0.176080965817859,0.410855586908337),
 .UNSPECIFIED.);
#146=B_SPLINE_CURVE_WITH_KNOTS('',3,(#12567,#12568,#12569,#12570,#12571),
 .UNSPECIFIED.,.F.,.F.,(4,1,4),(0.,0.176080965817859,0.410855586908337),
 .UNSPECIFIED.);
#147=B_SPLINE_CURVE_WITH_KNOTS('',3,(#12575,#12576,#12577,#12578,#12579,
#12580,#12581),.UNSPECIFIED.,.F.,.F.,(4,1,1,1,4),(0.,0.0497564433212481,
0.0995128866424962,0.165854811070827,0.232196735499158),.UNSPECIFIED.);
#148=B_SPLINE_CURVE_WITH_KNOTS('',3,(#12585,#12586,#12587,#12588,#12589,
#12590),.UNSPECIFIED.,.F.,.F.,(4,1,1,4),(0.122305499974283,0.156211292185385,
0.190117084396489,0.240975772713145),.UNSPECIFIED.);
#149=B_SPLINE_CURVE_WITH_KNOTS('',3,(#12592,#12593,#12594,#12595,#12596,
#12597),.UNSPECIFIED.,.F.,.F.,(4,1,1,4),(0.,0.0925369311865333,0.154228218644222,
0.215919506101911),.UNSPECIFIED.);
#150=B_SPLINE_CURVE_WITH_KNOTS('',3,(#12613,#12614,#12615,#12616,#12617),
 .UNSPECIFIED.,.F.,.F.,(4,1,4),(0.,0.176305387952783,0.411379238556493),
 .UNSPECIFIED.);
#151=B_SPLINE_CURVE_WITH_KNOTS('',3,(#12621,#12622,#12623,#12624,#12625,
#12626,#12627),.UNSPECIFIED.,.F.,.F.,(4,1,1,1,4),(0.,0.0492327908637301,
0.0984655817274602,0.1641093028791,0.22975302403074),.UNSPECIFIED.);
#152=B_SPLINE_CURVE_WITH_KNOTS('',3,(#12631,#12632,#12633,#12634,#12635,
#12636,#12637),.UNSPECIFIED.,.F.,.F.,(4,1,1,1,4),(0.,0.0676764421555547,
0.101514663233332,0.169191105388887,0.236867547544442),.UNSPECIFIED.);
#153=B_SPLINE_CURVE_WITH_KNOTS('',3,(#12641,#12642,#12643,#12644,#12645,
#12646,#12647),.UNSPECIFIED.,.F.,.F.,(4,1,1,1,4),(0.,0.0680540739764484,
0.102081110964673,0.170135184941121,0.238189258917569),.UNSPECIFIED.);
#154=B_SPLINE_CURVE_WITH_KNOTS('',3,(#12651,#12652,#12653,#12654),
 .UNSPECIFIED.,.F.,.F.,(4,4),(0.,0.403651733221807),.UNSPECIFIED.);
#155=B_SPLINE_CURVE_WITH_KNOTS('',3,(#12666,#12667,#12668,#12669,#12670,
#12671,#12672),.UNSPECIFIED.,.F.,.F.,(4,2,1,4),(4.61880697209998E-17,0.0951480022702276,
0.166007774907334,0.236867547544439),.UNSPECIFIED.);
#156=B_SPLINE_CURVE_WITH_KNOTS('',3,(#12676,#12677,#12678,#12679,#12680),
 .UNSPECIFIED.,.F.,.F.,(4,1,4),(3.00222453186503E-16,0.136725329996028,
0.319025769990731),.UNSPECIFIED.);
#157=B_SPLINE_CURVE_WITH_KNOTS('',3,(#12684,#12685,#12686,#12687,#12688,
#12689,#12690,#12691,#12692,#12693),.UNSPECIFIED.,.F.,.F.,(4,2,2,2,4),(1.84752278884E-16,
0.0474482009926472,0.0951480022702306,0.187892027855185,0.236867547544441),
 .UNSPECIFIED.);
#158=B_SPLINE_CURVE_WITH_KNOTS('',3,(#12696,#12697,#12698,#12699,#12700,
#12701),.UNSPECIFIED.,.F.,.F.,(4,2,4),(0.,0.213608355494612,0.319025769990729),
 .UNSPECIFIED.);
#159=B_SPLINE_CURVE_WITH_KNOTS('',3,(#12710,#12711,#12712,#12713,#12714,
#12715,#12716,#12717,#12718),.UNSPECIFIED.,.F.,.F.,(4,2,1,2,4),(0.,0.0459908135150138,
0.112929159525452,0.21333667854111,0.240975772713152),.UNSPECIFIED.);
#160=B_SPLINE_CURVE_WITH_KNOTS('',3,(#12722,#12723,#12724,#12725,#12726),
 .UNSPECIFIED.,.F.,.F.,(4,1,4),(2.28482013499021E-16,0.135419386713133,
0.315978568997311),.UNSPECIFIED.);
#161=B_SPLINE_CURVE_WITH_KNOTS('',3,(#12730,#12731,#12732,#12733,#12734,
#12735,#12736,#12737),.UNSPECIFIED.,.F.,.F.,(4,1,1,2,4),(3.23682852456948E-16,
0.0640010035623334,0.128002007124666,0.213336678541111,0.240975772713152),
 .UNSPECIFIED.);
#162=B_SPLINE_CURVE_WITH_KNOTS('',3,(#12741,#12742,#12743,#12744,#12745),
 .UNSPECIFIED.,.F.,.F.,(4,1,4),(1.62392713000316E-33,0.135419386713134,
0.315978568997312),.UNSPECIFIED.);
#163=B_SPLINE_CURVE_WITH_KNOTS('',3,(#12843,#12844,#12845,#12846,#12847,
#12848,#12849,#12850,#12851,#12852,#12853,#12854,#12855,#12856,#12857,#12858,
#12859,#12860,#12861,#12862,#12863,#12864,#12865,#12866,#12867,#12868,#12869,
#12870,#12871,#12872,#12873,#12874,#12875,#12876,#12877,#12878,#12879,#12880,
#12881,#12882,#12883,#12884,#12885,#12886,#12887,#12888,#12889,#12890,#12891,
#12892,#12893,#12894,#12895,#12896,#12897,#12898,#12899,#12900,#12901,#12902,
#12903,#12904,#12905,#12906,#12907,#12908,#12909,#12910,#12911,#12912,#12913,
#12914,#12915,#12916,#12917,#12918,#12919,#12920,#12921),.UNSPECIFIED.,
 .F.,.F.,(4,3,3,3,3,3,3,3,3,3,3,3,3,3,3,3,3,3,3,3,3,3,3,3,3,3,4),(-0.236867547544439,
-0.227874750964916,-0.218425514117256,-0.208460158082859,-0.197639635285674,
-0.186337121707164,-0.174641591076881,-0.172802955322488,-0.166156817824702,
-0.162153999400896,-0.150383503150028,-0.137823818844314,-0.125132532488991,
-0.112638649208081,-0.10014476592717,-0.0951941501336266,-0.0922702057625866,
-0.0807954753444466,-0.0697806510580928,-0.0641319631226719,-0.0522993630896263,
-0.0408609121702054,-0.0302806058982845,-0.0201684393637357,-0.0100842196818679,
-0.000950407920773897,-4.61880697209998E-17),.UNSPECIFIED.);
#164=B_SPLINE_CURVE_WITH_KNOTS('',3,(#12949,#12950,#12951,#12952,#12953,
#12954,#12955,#12956,#12957,#12958,#12959,#12960,#12961,#12962,#12963,#12964,
#12965,#12966,#12967,#12968,#12969,#12970,#12971,#12972,#12973,#12974,#12975,
#12976,#12977,#12978,#12979,#12980,#12981,#12982,#12983,#12984,#12985,#12986,
#12987,#12988,#12989,#12990,#12991,#12992,#12993,#12994,#12995,#12996,#12997,
#12998,#12999,#13000,#13001,#13002,#13003),.UNSPECIFIED.,.F.,.F.,(4,3,3,
3,3,3,3,3,3,3,3,3,3,3,3,3,3,3,4),(-0.319025769990729,-0.299759955997519,
-0.279382469464938,-0.258459916419738,-0.237102456968744,-0.229537802791869,
-0.216820981168501,-0.210191201784114,-0.187813738012282,-0.165118171727898,
-0.142631453225758,-0.136064465775867,-0.113077816478312,-0.0901888757613811,
-0.0676416568210358,-0.0464968728823799,-0.026085689712602,-0.00666808815196668,
0.),.UNSPECIFIED.);
#165=B_SPLINE_CURVE_WITH_KNOTS('',3,(#13033,#13034,#13035,#13036,#13037,
#13038,#13039,#13040,#13041,#13042,#13043,#13044,#13045,#13046,#13047,#13048,
#13049,#13050,#13051,#13052,#13053,#13054,#13055,#13056,#13057,#13058,#13059,
#13060,#13061,#13062,#13063,#13064,#13065,#13066,#13067,#13068,#13069,#13070,
#13071,#13072,#13073,#13074,#13075,#13076,#13077,#13078,#13079,#13080,#13081,
#13082,#13083,#13084,#13085,#13086,#13087),.UNSPECIFIED.,.F.,.F.,(4,3,3,
3,3,3,3,3,3,3,3,3,3,3,3,3,3,3,4),(-0.319025769990731,-0.298928780948615,
-0.277612266011443,-0.255588458245093,-0.232782359749715,-0.229626324389349,
-0.207921889356867,-0.185298479151125,-0.162532155371009,-0.148982511706691,
-0.139320486917001,-0.136007074351495,-0.113264757004857,-0.0905502657511662,
-0.0679126993133747,-0.0468454178626947,-0.026504379926174,-0.0071612917426867,
-3.00222453186503E-16),.UNSPECIFIED.);
#166=B_SPLINE_CURVE_WITH_KNOTS('',3,(#13131,#13132,#13133,#13134,#13135,
#13136,#13137,#13138,#13139,#13140,#13141,#13142,#13143,#13144,#13145,#13146,
#13147,#13148,#13149,#13150,#13151,#13152,#13153,#13154,#13155,#13156,#13157,
#13158,#13159,#13160,#13161,#13162,#13163,#13164,#13165,#13166,#13167,#13168,
#13169,#13170,#13171,#13172,#13173,#13174,#13175,#13176,#13177,#13178,#13179,
#13180,#13181,#13182,#13183,#13184,#13185,#13186,#13187,#13188,#13189,#13190,
#13191,#13192,#13193,#13194,#13195,#13196,#13197,#13198,#13199,#13200,#13201,
#13202,#13203,#13204,#13205,#13206,#13207,#13208,#13209,#13210,#13211,#13212,
#13213,#13214,#13215,#13216,#13217,#13218,#13219,#13220,#13221),
 .UNSPECIFIED.,.F.,.F.,(4,3,3,3,3,3,3,3,3,3,3,3,3,3,3,3,3,3,3,3,3,3,3,3,
3,3,3,3,3,3,4),(-0.236867547544441,-0.22827111801756,-0.21920220438337,
-0.20963451043328,-0.199436774778343,-0.192284684892159,-0.18903502082081,
-0.186149892669357,-0.173744094987456,-0.17279361029386,-0.161753775731598,
-0.150174460497723,-0.137667808007216,-0.125201728015017,-0.112674789275357,
-0.100903104338121,-0.100147850535696,-0.0955712131861877,-0.0929161581698784,
-0.0819285810642417,-0.0713322553579585,-0.0641733600356432,-0.0550197672210146,
-0.0501009744314938,-0.047824384026185,-0.0460254886327204,-0.0358293916113388,
-0.0260552337369215,-0.0166560190033144,-0.00790084019156103,-1.84752278884E-16),
 .UNSPECIFIED.);
#167=B_SPLINE_CURVE_WITH_KNOTS('',3,(#13296,#13297,#13298,#13299,#13300,
#13301,#13302,#13303,#13304,#13305,#13306,#13307,#13308,#13309,#13310,#13311,
#13312,#13313,#13314,#13315,#13316,#13317,#13318,#13319,#13320,#13321,#13322,
#13323,#13324,#13325,#13326,#13327,#13328,#13329,#13330,#13331,#13332,#13333,
#13334,#13335,#13336,#13337,#13338,#13339,#13340,#13341,#13342,#13343,#13344,
#13345,#13346,#13347,#13348,#13349,#13350,#13351,#13352,#13353,#13354,#13355,
#13356,#13357,#13358,#13359,#13360,#13361,#13362,#13363,#13364,#13365,#13366,
#13367,#13368,#13369,#13370,#13371,#13372,#13373,#13374,#13375,#13376,#13377,
#13378,#13379,#13380),.UNSPECIFIED.,.F.,.F.,(4,3,3,3,3,3,3,3,3,3,3,3,3,
3,3,3,3,3,3,3,3,3,3,3,3,3,3,3,4),(-0.240975772713152,-0.231826538390378,
-0.222198227170017,-0.214321001590323,-0.210424343038935,-0.200129632834516,
-0.189361470508967,-0.177882315811101,-0.176341590832615,-0.165101324839014,
-0.153433295207942,-0.141348350633961,-0.139476496390593,-0.127539868207704,
-0.115511103547945,-0.109422038495498,-0.101581788721788,-0.08801760466354,
-0.0749848482356845,-0.0629896735251931,-0.051526179607373,-0.0463980579983059,
-0.0417786154408108,-0.032574343799761,-0.0306061669526786,-0.020086393350818,
-0.010043196675409,-0.00105252784903074,0.),.UNSPECIFIED.);
#168=B_SPLINE_CURVE_WITH_KNOTS('',3,(#13411,#13412,#13413,#13414,#13415),
 .UNSPECIFIED.,.F.,.F.,(4,1,4),(-0.315978568997311,-0.135419386713133,-2.28482013499021E-16),
 .UNSPECIFIED.);
#169=B_SPLINE_CURVE_WITH_KNOTS('',3,(#13439,#13440,#13441,#13442,#13443),
 .UNSPECIFIED.,.F.,.F.,(4,1,4),(-0.315978568997312,-0.135419386713134,-1.62392713000316E-33),
 .UNSPECIFIED.);
#170=B_SPLINE_CURVE_WITH_KNOTS('',3,(#13484,#13485,#13486,#13487,#13488,
#13489,#13490,#13491,#13492),.UNSPECIFIED.,.F.,.F.,(4,1,1,1,1,1,4),(0.,
0.142857142857143,0.285714285714286,0.428571428571429,0.571428571428571,
0.857142857142857,1.),.UNSPECIFIED.);
#171=B_SPLINE_CURVE_WITH_KNOTS('',3,(#14182,#14183,#14184,#14185,#14186,
#14187,#14188,#14189,#14190,#14191,#14192,#14193,#14194,#14195,#14196,#14197,
#14198,#14199,#14200,#14201,#14202,#14203,#14204,#14205,#14206,#14207,#14208,
#14209,#14210,#14211,#14212,#14213,#14214,#14215,#14216,#14217,#14218,#14219,
#14220,#14221,#14222,#14223,#14224,#14225,#14226,#14227,#14228,#14229,#14230,
#14231,#14232,#14233,#14234,#14235,#14236,#14237,#14238,#14239,#14240,#14241,
#14242,#14243,#14244,#14245,#14246,#14247,#14248,#14249,#14250,#14251,#14252,
#14253,#14254,#14255,#14256,#14257,#14258,#14259,#14260),.UNSPECIFIED.,
 .F.,.F.,(4,3,3,3,3,3,3,3,3,3,3,3,3,3,3,3,3,3,3,3,3,3,3,3,3,3,4),(-0.236867547544439,
-0.227874750964916,-0.218425514117256,-0.208460158082859,-0.197639635285674,
-0.186337121707164,-0.174641591076881,-0.172802955322488,-0.166156817824702,
-0.162153999400896,-0.150383503150028,-0.137823818844314,-0.125132532488991,
-0.112638649208081,-0.10014476592717,-0.0951941501336266,-0.0922702057625866,
-0.0807954753444466,-0.0697806510580928,-0.0641319631226719,-0.0522993630896263,
-0.0408609121702054,-0.0302806058982845,-0.0201684393637357,-0.0100842196818679,
-0.000950407920773897,-4.61880697209998E-17),.UNSPECIFIED.);
#172=B_SPLINE_CURVE_WITH_KNOTS('',3,(#14263,#14264,#14265,#14266,#14267,
#14268,#14269),.UNSPECIFIED.,.F.,.F.,(4,2,1,4),(4.61880697209998E-17,0.0951480022702276,
0.166007774907334,0.236867547544439),.UNSPECIFIED.);
#173=B_SPLINE_CURVE_WITH_KNOTS('',3,(#14297,#14298,#14299,#14300,#14301,
#14302,#14303,#14304,#14305,#14306,#14307,#14308,#14309,#14310,#14311,#14312,
#14313,#14314,#14315,#14316,#14317,#14318,#14319,#14320,#14321,#14322,#14323,
#14324,#14325,#14326,#14327,#14328,#14329,#14330,#14331,#14332,#14333,#14334,
#14335,#14336,#14337,#14338,#14339,#14340,#14341,#14342,#14343,#14344,#14345,
#14346,#14347,#14348,#14349,#14350,#14351),.UNSPECIFIED.,.F.,.F.,(4,3,3,
3,3,3,3,3,3,3,3,3,3,3,3,3,3,3,4),(-0.319025769990729,-0.299759955997519,
-0.279382469464938,-0.258459916419738,-0.237102456968744,-0.229537802791869,
-0.216820981168501,-0.210191201784114,-0.187813738012282,-0.165118171727898,
-0.142631453225758,-0.136064465775867,-0.113077816478312,-0.0901888757613811,
-0.0676416568210358,-0.0464968728823799,-0.026085689712602,-0.00666808815196668,
0.),.UNSPECIFIED.);
#174=B_SPLINE_CURVE_WITH_KNOTS('',3,(#14352,#14353,#14354,#14355,#14356,
#14357),.UNSPECIFIED.,.F.,.F.,(4,2,4),(0.,0.213608355494612,0.319025769990729),
 .UNSPECIFIED.);
#175=B_SPLINE_CURVE_WITH_KNOTS('',3,(#14391,#14392,#14393,#14394,#14395,
#14396,#14397,#14398,#14399,#14400,#14401,#14402,#14403,#14404,#14405,#14406,
#14407,#14408,#14409,#14410,#14411,#14412,#14413,#14414,#14415,#14416,#14417,
#14418,#14419,#14420,#14421,#14422,#14423,#14424,#14425,#14426,#14427,#14428,
#14429,#14430,#14431,#14432,#14433,#14434,#14435,#14436,#14437,#14438,#14439,
#14440,#14441,#14442,#14443,#14444,#14445),.UNSPECIFIED.,.F.,.F.,(4,3,3,
3,3,3,3,3,3,3,3,3,3,3,3,3,3,3,4),(-0.319025769990731,-0.298928780948615,
-0.277612266011443,-0.255588458245093,-0.232782359749715,-0.229626324389349,
-0.207921889356867,-0.185298479151125,-0.162532155371009,-0.148982511706691,
-0.139320486917001,-0.136007074351495,-0.113264757004857,-0.0905502657511662,
-0.0679126993133747,-0.0468454178626947,-0.026504379926174,-0.0071612917426867,
-3.00222453186503E-16),.UNSPECIFIED.);
#176=B_SPLINE_CURVE_WITH_KNOTS('',3,(#14448,#14449,#14450,#14451,#14452),
 .UNSPECIFIED.,.F.,.F.,(4,1,4),(3.00222453186503E-16,0.136725329996028,
0.319025769990731),.UNSPECIFIED.);
#177=B_SPLINE_CURVE_WITH_KNOTS('',3,(#14496,#14497,#14498,#14499,#14500,
#14501,#14502,#14503,#14504,#14505,#14506,#14507,#14508,#14509,#14510,#14511,
#14512,#14513,#14514,#14515,#14516,#14517,#14518,#14519,#14520,#14521,#14522,
#14523,#14524,#14525,#14526,#14527,#14528,#14529,#14530,#14531,#14532,#14533,
#14534,#14535,#14536,#14537,#14538,#14539,#14540,#14541,#14542,#14543,#14544,
#14545,#14546,#14547,#14548,#14549,#14550,#14551,#14552,#14553,#14554,#14555,
#14556,#14557,#14558,#14559,#14560,#14561,#14562,#14563,#14564,#14565,#14566,
#14567,#14568,#14569,#14570,#14571,#14572,#14573,#14574,#14575,#14576,#14577,
#14578,#14579,#14580,#14581,#14582,#14583,#14584,#14585,#14586),
 .UNSPECIFIED.,.F.,.F.,(4,3,3,3,3,3,3,3,3,3,3,3,3,3,3,3,3,3,3,3,3,3,3,3,
3,3,3,3,3,3,4),(-0.236867547544441,-0.22827111801756,-0.21920220438337,
-0.20963451043328,-0.199436774778343,-0.192284684892159,-0.18903502082081,
-0.186149892669357,-0.173744094987456,-0.17279361029386,-0.161753775731598,
-0.150174460497723,-0.137667808007216,-0.125201728015017,-0.112674789275357,
-0.100903104338121,-0.100147850535696,-0.0955712131861877,-0.0929161581698784,
-0.0819285810642417,-0.0713322553579585,-0.0641733600356432,-0.0550197672210146,
-0.0501009744314938,-0.047824384026185,-0.0460254886327204,-0.0358293916113388,
-0.0260552337369215,-0.0166560190033144,-0.00790084019156103,-1.84752278884E-16),
 .UNSPECIFIED.);
#178=B_SPLINE_CURVE_WITH_KNOTS('',3,(#14587,#14588,#14589,#14590,#14591,
#14592,#14593,#14594,#14595,#14596),.UNSPECIFIED.,.F.,.F.,(4,2,2,2,4),(1.84752278884E-16,
0.0474482009926472,0.0951480022702306,0.187892027855185,0.236867547544441),
 .UNSPECIFIED.);
#179=B_SPLINE_CURVE_WITH_KNOTS('',3,(#14615,#14616,#14617,#14618,#14619,
#14620),.UNSPECIFIED.,.F.,.F.,(4,1,1,4),(0.,0.0911502199973517,0.182300439994703,
0.319025769990731),.UNSPECIFIED.);
#180=B_SPLINE_CURVE_WITH_KNOTS('',3,(#14642,#14643,#14644,#14645,#14646,
#14647,#14648),.UNSPECIFIED.,.F.,.F.,(4,1,1,1,4),(0.,0.0676764421555543,
0.135352884311109,0.169191105388886,0.23686754754444),.UNSPECIFIED.);
#181=B_SPLINE_CURVE_WITH_KNOTS('',3,(#14672,#14673,#14674,#14675,#14676),
 .UNSPECIFIED.,.F.,.F.,(4,1,4),(0.,0.176080965817859,0.410855586908337),
 .UNSPECIFIED.);
#182=B_SPLINE_CURVE_WITH_KNOTS('',3,(#14680,#14681,#14682,#14683,#14684,
#14685,#14686),.UNSPECIFIED.,.F.,.F.,(4,1,1,1,4),(0.,0.0497564433212481,
0.0995128866424962,0.165854811070827,0.232196735499158),.UNSPECIFIED.);
#183=B_SPLINE_CURVE_WITH_KNOTS('',3,(#14690,#14691,#14692,#14693,#14694,
#14695),.UNSPECIFIED.,.F.,.F.,(4,1,1,4),(0.122305499974283,0.156211292185385,
0.190117084396489,0.240975772713145),.UNSPECIFIED.);
#184=B_SPLINE_CURVE_WITH_KNOTS('',3,(#14697,#14698,#14699,#14700,#14701,
#14702),.UNSPECIFIED.,.F.,.F.,(4,1,1,4),(0.,0.0925369311865333,0.154228218644222,
0.215919506101911),.UNSPECIFIED.);
#185=B_SPLINE_CURVE_WITH_KNOTS('',3,(#14718,#14719,#14720,#14721,#14722),
 .UNSPECIFIED.,.F.,.F.,(4,1,4),(0.,0.176305387952783,0.411379238556493),
 .UNSPECIFIED.);
#186=B_SPLINE_CURVE_WITH_KNOTS('',3,(#14726,#14727,#14728,#14729,#14730,
#14731,#14732),.UNSPECIFIED.,.F.,.F.,(4,1,1,1,4),(0.,0.0492327908637301,
0.0984655817274602,0.1641093028791,0.22975302403074),.UNSPECIFIED.);
#187=B_SPLINE_CURVE_WITH_KNOTS('',3,(#14736,#14737,#14738,#14739,#14740,
#14741,#14742),.UNSPECIFIED.,.F.,.F.,(4,1,1,1,4),(0.,0.0676764421555547,
0.101514663233332,0.169191105388887,0.236867547544442),.UNSPECIFIED.);
#188=B_SPLINE_CURVE_WITH_KNOTS('',3,(#14746,#14747,#14748,#14749,#14750,
#14751,#14752),.UNSPECIFIED.,.F.,.F.,(4,1,1,1,4),(0.,0.0680540739764484,
0.102081110964673,0.170135184941121,0.238189258917569),.UNSPECIFIED.);
#189=B_SPLINE_CURVE_WITH_KNOTS('',3,(#14756,#14757,#14758,#14759),
 .UNSPECIFIED.,.F.,.F.,(4,4),(0.,0.403651733221807),.UNSPECIFIED.);
#190=B_SPLINE_CURVE_WITH_KNOTS('',3,(#14791,#14792,#14793,#14794),
 .UNSPECIFIED.,.F.,.F.,(4,4),(0.,0.403651733221761),.UNSPECIFIED.);
#191=B_SPLINE_CURVE_WITH_KNOTS('',3,(#14798,#14799,#14800,#14801,#14802,
#14803,#14804),.UNSPECIFIED.,.F.,.F.,(4,1,1,1,4),(0.,0.0680540739764483,
0.102081110964672,0.170135184941121,0.238189258917569),.UNSPECIFIED.);
#192=B_SPLINE_CURVE_WITH_KNOTS('',3,(#14808,#14809,#14810,#14811,#14812,
#14813,#14814),.UNSPECIFIED.,.F.,.F.,(4,1,1,1,4),(0.,0.0676764421555547,
0.101514663233332,0.169191105388887,0.236867547544441),.UNSPECIFIED.);
#193=B_SPLINE_CURVE_WITH_KNOTS('',3,(#14818,#14819,#14820,#14821,#14822,
#14823,#14824),.UNSPECIFIED.,.F.,.F.,(4,1,1,1,4),(0.,0.0492327908637303,
0.0984655817274606,0.164109302879101,0.229753024030741),.UNSPECIFIED.);
#194=B_SPLINE_CURVE_WITH_KNOTS('',3,(#14828,#14829,#14830,#14831,#14832),
 .UNSPECIFIED.,.F.,.F.,(4,1,4),(0.,0.176305387952783,0.411379238556493),
 .UNSPECIFIED.);
#195=B_SPLINE_CURVE_WITH_KNOTS('',3,(#14848,#14849,#14850,#14851,#14852,
#14853),.UNSPECIFIED.,.F.,.F.,(4,1,1,4),(0.,0.0925369311865339,0.154228218644223,
0.215919506101913),.UNSPECIFIED.);
#196=B_SPLINE_CURVE_WITH_KNOTS('',3,(#14855,#14856,#14857,#14858,#14859,
#14860),.UNSPECIFIED.,.F.,.F.,(4,1,1,4),(0.,0.0509178499587631,0.0848630832646052,
0.118808316570447),.UNSPECIFIED.);
#197=B_SPLINE_CURVE_WITH_KNOTS('',3,(#14864,#14865,#14866,#14867,#14868,
#14869,#14870),.UNSPECIFIED.,.F.,.F.,(4,1,1,1,4),(0.,0.0497564433212481,
0.0995128866424961,0.165854811070827,0.232196735499158),.UNSPECIFIED.);
#198=B_SPLINE_CURVE_WITH_KNOTS('',3,(#14874,#14875,#14876,#14877,#14878),
 .UNSPECIFIED.,.F.,.F.,(4,1,4),(0.,0.176080965817859,0.410855586908337),
 .UNSPECIFIED.);
#199=B_SPLINE_CURVE_WITH_KNOTS('',3,(#14894,#14895,#14896,#14897,#14898,
#14899,#14900,#14901,#14902),.UNSPECIFIED.,.F.,.F.,(4,2,1,2,4),(0.,0.0459908135150138,
0.112929159525452,0.21333667854111,0.240975772713152),.UNSPECIFIED.);
#200=B_SPLINE_CURVE_WITH_KNOTS('',3,(#14906,#14907,#14908,#14909,#14910),
 .UNSPECIFIED.,.F.,.F.,(4,1,4),(2.28482013499021E-16,0.135419386713133,
0.315978568997311),.UNSPECIFIED.);
#201=B_SPLINE_CURVE_WITH_KNOTS('',3,(#14914,#14915,#14916,#14917,#14918,
#14919,#14920,#14921),.UNSPECIFIED.,.F.,.F.,(4,1,1,2,4),(3.23682852456948E-16,
0.0640010035623334,0.128002007124666,0.213336678541111,0.240975772713152),
 .UNSPECIFIED.);
#202=B_SPLINE_CURVE_WITH_KNOTS('',3,(#14925,#14926,#14927,#14928,#14929),
 .UNSPECIFIED.,.F.,.F.,(4,1,4),(1.62392713000316E-33,0.135419386713134,
0.315978568997312),.UNSPECIFIED.);
#203=B_SPLINE_CURVE_WITH_KNOTS('',3,(#14976,#14977,#14978,#14979,#14980,
#14981,#14982,#14983,#14984,#14985,#14986,#14987,#14988,#14989,#14990,#14991,
#14992,#14993,#14994,#14995,#14996,#14997,#14998,#14999,#15000,#15001,#15002,
#15003,#15004,#15005,#15006,#15007,#15008,#15009,#15010,#15011,#15012,#15013,
#15014,#15015,#15016,#15017,#15018,#15019,#15020,#15021,#15022,#15023,#15024,
#15025,#15026,#15027,#15028,#15029,#15030,#15031,#15032,#15033,#15034,#15035,
#15036,#15037,#15038,#15039,#15040,#15041,#15042,#15043,#15044,#15045,#15046,
#15047,#15048,#15049,#15050,#15051,#15052,#15053,#15054,#15055,#15056,#15057,
#15058,#15059,#15060),.UNSPECIFIED.,.F.,.F.,(4,3,3,3,3,3,3,3,3,3,3,3,3,
3,3,3,3,3,3,3,3,3,3,3,3,3,3,3,4),(-0.240975772713152,-0.231826538390378,
-0.222198227170017,-0.214321001590323,-0.210424343038935,-0.200129632834516,
-0.189361470508967,-0.177882315811101,-0.176341590832615,-0.165101324839014,
-0.153433295207942,-0.141348350633961,-0.139476496390593,-0.127539868207704,
-0.115511103547945,-0.109422038495498,-0.101581788721788,-0.08801760466354,
-0.0749848482356845,-0.0629896735251931,-0.051526179607373,-0.0463980579983059,
-0.0417786154408108,-0.032574343799761,-0.0306061669526786,-0.020086393350818,
-0.010043196675409,-0.00105252784903074,0.),.UNSPECIFIED.);
#204=B_SPLINE_CURVE_WITH_KNOTS('',3,(#15091,#15092,#15093,#15094,#15095),
 .UNSPECIFIED.,.F.,.F.,(4,1,4),(-0.315978568997311,-0.135419386713133,-2.28482013499021E-16),
 .UNSPECIFIED.);
#205=B_SPLINE_CURVE_WITH_KNOTS('',3,(#15119,#15120,#15121,#15122,#15123),
 .UNSPECIFIED.,.F.,.F.,(4,1,4),(-0.315978568997312,-0.135419386713134,-1.62392713000316E-33),
 .UNSPECIFIED.);
#206=B_SPLINE_CURVE_WITH_KNOTS('',3,(#15164,#15165,#15166,#15167,#15168,
#15169,#15170,#15171,#15172),.UNSPECIFIED.,.F.,.F.,(4,1,1,1,1,1,4),(0.,
0.142857142857143,0.285714285714286,0.428571428571429,0.571428571428571,
0.857142857142857,1.),.UNSPECIFIED.);
#207=B_SPLINE_CURVE_WITH_KNOTS('',3,(#15191,#15192,#15193,#15194,#15195),
 .UNSPECIFIED.,.F.,.F.,(4,1,4),(0.,0.180559182284178,0.315978568997312),
 .UNSPECIFIED.);
#208=B_SPLINE_CURVE_WITH_KNOTS('',3,(#15220,#15221,#15222,#15223,#15224,
#15225,#15226,#15227,#15228),.UNSPECIFIED.,.F.,.F.,(4,1,1,1,1,1,4),(0.,
0.0344251103875931,0.0688502207751863,0.103275331162779,0.137700441550373,
0.206550662325559,0.240975772713152),.UNSPECIFIED.);
#209=B_SPLINE_CURVE_WITH_KNOTS('',3,(#15324,#15325,#15326,#15327,#15328),
 .UNSPECIFIED.,.F.,.F.,(4,1,4),(0.,0.234774621090478,0.410855586908337),
 .UNSPECIFIED.);
#210=B_SPLINE_CURVE_WITH_KNOTS('',3,(#15360,#15361,#15362,#15363,#15364),
 .UNSPECIFIED.,.F.,.F.,(4,1,4),(0.,0.23507385060371,0.411379238556493),
 .UNSPECIFIED.);
#211=B_SPLINE_CURVE_WITH_KNOTS('',3,(#15378,#15379,#15380,#15381),
 .UNSPECIFIED.,.F.,.F.,(4,4),(0.,0.403651733221814),.UNSPECIFIED.);
#212=B_SPLINE_CURVE_WITH_KNOTS('',3,(#15418,#15419,#15420,#15421,#15422,
#15423,#15424),.UNSPECIFIED.,.F.,.F.,(4,1,1,1,4),(0.,0.0676764421555544,
0.135352884311109,0.169191105388886,0.23686754754444),.UNSPECIFIED.);
#213=B_SPLINE_CURVE_WITH_KNOTS('',3,(#15449,#15450,#15451,#15452,#15453,
#15454,#15455,#15456,#15457),.UNSPECIFIED.,.F.,.F.,(4,1,1,1,1,1,4),(0.,
0.0344251103875931,0.0688502207751863,0.103275331162779,0.137700441550372,
0.206550662325559,0.240975772713152),.UNSPECIFIED.);
#214=B_SPLINE_CURVE_WITH_KNOTS('',3,(#15480,#15481,#15482,#15483,#15484,
#15485,#15486),.UNSPECIFIED.,.F.,.F.,(4,1,1,1,4),(0.,0.0676764421555546,
0.135352884311109,0.169191105388887,0.236867547544441),.UNSPECIFIED.);
#215=B_SPLINE_CURVE_WITH_KNOTS('',3,(#15503,#15504,#15505,#15506,#15507,
#15508),.UNSPECIFIED.,.F.,.F.,(4,1,1,4),(0.,0.0509178499587638,0.0848630832646063,
0.118808316570449),.UNSPECIFIED.);
#216=B_SPLINE_CURVE_WITH_KNOTS('',3,(#15527,#15528,#15529,#15530,#15531,
#15532,#15533),.UNSPECIFIED.,.F.,.F.,(4,1,1,1,4),(0.,0.0663419244283308,
0.132683848856662,0.18244029217791,0.232196735499158),.UNSPECIFIED.);
#217=B_SPLINE_CURVE_WITH_KNOTS('',3,(#15552,#15553,#15554,#15555,#15556,
#15557,#15558),.UNSPECIFIED.,.F.,.F.,(4,1,1,1,4),(0.,0.0656437211516404,
0.131287442303281,0.180520233167011,0.229753024030741),.UNSPECIFIED.);
#218=B_SPLINE_CURVE_WITH_KNOTS('',3,(#15577,#15578,#15579,#15580,#15581,
#15582,#15583),.UNSPECIFIED.,.F.,.F.,(4,1,1,1,4),(0.,0.0680540739764483,
0.136108147952897,0.170135184941121,0.238189258917569),.UNSPECIFIED.);
#219=B_SPLINE_CURVE_WITH_KNOTS('',3,(#15600,#15601,#15602,#15603,#15604,
#15605),.UNSPECIFIED.,.F.,.F.,(4,1,1,4),(0.,0.061691287457689,0.123382574915378,
0.215919506101912),.UNSPECIFIED.);
#220=B_SPLINE_CURVE_WITH_KNOTS('',3,(#15694,#15695,#15696,#15697,#15698),
 .UNSPECIFIED.,.F.,.F.,(4,1,4),(0.,0.234774621090478,0.410855586908337),
 .UNSPECIFIED.);
#221=B_SPLINE_CURVE_WITH_KNOTS('',3,(#15730,#15731,#15732,#15733,#15734),
 .UNSPECIFIED.,.F.,.F.,(4,1,4),(0.,0.23507385060371,0.411379238556493),
 .UNSPECIFIED.);
#222=B_SPLINE_CURVE_WITH_KNOTS('',3,(#15750,#15751,#15752,#15753),
 .UNSPECIFIED.,.F.,.F.,(4,4),(0.,0.40365173322181),.UNSPECIFIED.);
#223=B_SPLINE_CURVE_WITH_KNOTS('',3,(#15784,#15785,#15786,#15787,#15788,
#15789,#15790),.UNSPECIFIED.,.F.,.F.,(4,1,1,1,4),(0.,0.0676764421555549,
0.13535288431111,0.169191105388887,0.236867547544442),.UNSPECIFIED.);
#224=B_SPLINE_CURVE_WITH_KNOTS('',3,(#15811,#15812,#15813,#15814,#15815,
#15816,#15817),.UNSPECIFIED.,.F.,.F.,(4,1,1,1,4),(0.,0.0663419244283307,
0.132683848856661,0.182440292177909,0.232196735499158),.UNSPECIFIED.);
#225=B_SPLINE_CURVE_WITH_KNOTS('',3,(#15838,#15839,#15840,#15841,#15842,
#15843,#15844),.UNSPECIFIED.,.F.,.F.,(4,1,1,1,4),(0.,0.0656437211516404,
0.131287442303281,0.180520233167011,0.229753024030742),.UNSPECIFIED.);
#226=B_SPLINE_CURVE_WITH_KNOTS('',3,(#15861,#15862,#15863,#15864,#15865,
#15866,#15867),.UNSPECIFIED.,.F.,.F.,(4,1,1,1,4),(0.,0.0680540739764483,
0.136108147952897,0.170135184941121,0.238189258917569),.UNSPECIFIED.);
#227=B_SPLINE_CURVE_WITH_KNOTS('',3,(#15884,#15885,#15886,#15887,#15888,
#15889),.UNSPECIFIED.,.F.,.F.,(4,1,1,4),(0.122305499974283,0.156211292185386,
0.19011708439649,0.240975772713145),.UNSPECIFIED.);
#228=B_SPLINE_CURVE_WITH_KNOTS('',3,(#15903,#15904,#15905,#15906,#15907,
#15908),.UNSPECIFIED.,.F.,.F.,(4,1,1,4),(0.,0.0616912874576892,0.123382574915378,
0.215919506101912),.UNSPECIFIED.);
#229=B_SPLINE_CURVE_WITH_KNOTS('',3,(#15921,#15922,#15923,#15924,#15925,
#15926),.UNSPECIFIED.,.F.,.F.,(4,1,1,4),(0.,0.0911502199973512,0.182300439994702,
0.319025769990729),.UNSPECIFIED.);
#230=B_SPLINE_CURVE_WITH_KNOTS('',3,(#15941,#15942,#15943,#15944,#15945),
 .UNSPECIFIED.,.F.,.F.,(4,1,4),(0.,0.180559182284178,0.315978568997312),
 .UNSPECIFIED.);
#231=SHAPE_REPRESENTATION_RELATIONSHIP('SRR','None',#16449,#234);
#232=SHAPE_REPRESENTATION_RELATIONSHIP('SRR','None',#16448,#235);
#233=SHAPE_REPRESENTATION_RELATIONSHIP('SRR','None',#16447,#236);
#234=ADVANCED_BREP_SHAPE_REPRESENTATION('',(#256),#16433);
#235=ADVANCED_BREP_SHAPE_REPRESENTATION('',(#257,#258,#259,#260,#261,#262,
#263),#16432);
#236=ADVANCED_BREP_SHAPE_REPRESENTATION('',(#264,#265,#266,#267,#268),#16431);
#237=STYLED_ITEM('',(#16468),#256);
#238=STYLED_ITEM('',(#16470),#8259);
#239=STYLED_ITEM('',(#16470),#8260);
#240=STYLED_ITEM('',(#16470),#8261);
#241=STYLED_ITEM('',(#16470),#8262);
#242=STYLED_ITEM('',(#16470),#8263);
#243=STYLED_ITEM('',(#16470),#8264);
#244=STYLED_ITEM('',(#16469),#257);
#245=STYLED_ITEM('',(#16469),#258);
#246=STYLED_ITEM('',(#16469),#259);
#247=STYLED_ITEM('',(#16469),#260);
#248=STYLED_ITEM('',(#16469),#261);
#249=STYLED_ITEM('',(#16469),#262);
#250=STYLED_ITEM('',(#16469),#263);
#251=STYLED_ITEM('',(#16467),#264);
#252=STYLED_ITEM('',(#16467),#265);
#253=STYLED_ITEM('',(#16468),#266);
#254=STYLED_ITEM('',(#16467),#267);
#255=STYLED_ITEM('',(#16467),#268);
#256=MANIFOLD_SOLID_BREP('Body3',#8652);
#257=MANIFOLD_SOLID_BREP('Body1',#8653);
#258=MANIFOLD_SOLID_BREP('Body2',#8654);
#259=MANIFOLD_SOLID_BREP('Body4',#8655);
#260=MANIFOLD_SOLID_BREP('Body5',#8656);
#261=MANIFOLD_SOLID_BREP('Body6',#8657);
#262=MANIFOLD_SOLID_BREP('Body7',#8658);
#263=MANIFOLD_SOLID_BREP('Body8',#8659);
#264=MANIFOLD_SOLID_BREP('Body1',#8660);
#265=MANIFOLD_SOLID_BREP('Body2',#8661);
#266=MANIFOLD_SOLID_BREP('Body3',#8662);
#267=MANIFOLD_SOLID_BREP('Body4',#8663);
#268=MANIFOLD_SOLID_BREP('Body5',#8664);
#269=FACE_BOUND('',#1277,.T.);
#270=FACE_BOUND('',#1278,.T.);
#271=FACE_BOUND('',#1280,.T.);
#272=FACE_BOUND('',#1281,.T.);
#273=FACE_BOUND('',#1282,.T.);
#274=FACE_BOUND('',#1283,.T.);
#275=FACE_BOUND('',#1325,.T.);
#276=FACE_BOUND('',#1326,.T.);
#277=FACE_BOUND('',#1327,.T.);
#278=FACE_BOUND('',#1328,.T.);
#279=FACE_BOUND('',#1331,.T.);
#280=FACE_BOUND('',#1332,.T.);
#281=FACE_BOUND('',#1334,.T.);
#282=FACE_BOUND('',#1335,.T.);
#283=FACE_BOUND('',#1337,.T.);
#284=FACE_BOUND('',#1338,.T.);
#285=FACE_BOUND('',#1343,.T.);
#286=FACE_BOUND('',#1344,.T.);
#287=FACE_BOUND('',#1345,.T.);
#288=FACE_BOUND('',#1346,.T.);
#289=FACE_BOUND('',#1347,.T.);
#290=FACE_BOUND('',#1348,.T.);
#291=FACE_BOUND('',#1349,.T.);
#292=FACE_BOUND('',#1350,.T.);
#293=FACE_BOUND('',#1356,.T.);
#294=FACE_BOUND('',#1359,.T.);
#295=FACE_BOUND('',#1364,.T.);
#296=FACE_BOUND('',#1367,.T.);
#297=FACE_BOUND('',#1370,.T.);
#298=FACE_BOUND('',#1374,.T.);
#299=FACE_BOUND('',#1463,.T.);
#300=FACE_BOUND('',#1466,.T.);
#301=FACE_BOUND('',#1470,.T.);
#302=FACE_BOUND('',#1473,.T.);
#303=FACE_BOUND('',#1477,.T.);
#304=FACE_BOUND('',#1480,.T.);
#305=FACE_BOUND('',#1490,.T.);
#306=FACE_BOUND('',#1493,.T.);
#307=FACE_BOUND('',#1496,.T.);
#308=FACE_BOUND('',#1502,.T.);
#309=FACE_BOUND('',#1505,.T.);
#310=FACE_BOUND('',#1508,.T.);
#311=FACE_BOUND('',#1514,.T.);
#312=FACE_BOUND('',#1517,.T.);
#313=FACE_BOUND('',#1520,.T.);
#314=FACE_BOUND('',#1526,.T.);
#315=FACE_BOUND('',#1529,.T.);
#316=FACE_BOUND('',#1532,.T.);
#317=FACE_BOUND('',#1538,.T.);
#318=FACE_BOUND('',#1541,.T.);
#319=FACE_BOUND('',#1544,.T.);
#320=FACE_BOUND('',#1550,.T.);
#321=FACE_BOUND('',#1553,.T.);
#322=FACE_BOUND('',#1556,.T.);
#323=FACE_BOUND('',#1572,.T.);
#324=FACE_BOUND('',#1573,.T.);
#325=FACE_BOUND('',#1574,.T.);
#326=FACE_BOUND('',#1575,.T.);
#327=FACE_BOUND('',#1576,.T.);
#328=FACE_BOUND('',#1667,.T.);
#329=FACE_BOUND('',#1668,.T.);
#330=FACE_BOUND('',#1669,.T.);
#331=FACE_BOUND('',#1670,.T.);
#332=FACE_BOUND('',#1671,.T.);
#333=FACE_BOUND('',#1673,.T.);
#334=FACE_BOUND('',#1676,.T.);
#335=FACE_BOUND('',#1680,.T.);
#336=FACE_BOUND('',#1683,.T.);
#337=FACE_BOUND('',#1687,.T.);
#338=FACE_BOUND('',#1690,.T.);
#339=FACE_BOUND('',#1701,.T.);
#340=FACE_BOUND('',#1704,.T.);
#341=FACE_BOUND('',#1707,.T.);
#342=FACE_BOUND('',#1747,.T.);
#343=FACE_BOUND('',#1748,.T.);
#344=FACE_BOUND('',#1749,.T.);
#345=FACE_BOUND('',#1750,.T.);
#346=FACE_BOUND('',#1772,.T.);
#347=FACE_BOUND('',#1773,.T.);
#348=FACE_BOUND('',#1777,.T.);
#349=FACE_BOUND('',#1780,.T.);
#350=FACE_BOUND('',#1783,.T.);
#351=FACE_BOUND('',#1789,.T.);
#352=FACE_BOUND('',#1792,.T.);
#353=FACE_BOUND('',#1795,.T.);
#354=CIRCLE('',#8696,0.841844269564874);
#355=CIRCLE('',#8697,0.841844269564874);
#356=CIRCLE('',#8699,1.16624257779791);
#357=CIRCLE('',#8700,1.16624257779791);
#358=CIRCLE('',#8703,1.16619038112018);
#359=CIRCLE('',#8704,1.16619038112018);
#360=CIRCLE('',#8706,0.841844269564874);
#361=CIRCLE('',#8707,0.841844269564874);
#362=CIRCLE('',#8710,1.16618556184077);
#363=CIRCLE('',#8711,1.16618556184077);
#364=CIRCLE('',#8713,2.91549586791393);
#365=CIRCLE('',#8714,2.91549586791393);
#366=CIRCLE('',#8716,1.16618556184087);
#367=CIRCLE('',#8717,1.16618556184087);
#368=CIRCLE('',#8719,2.91549586791382);
#369=CIRCLE('',#8720,2.91549586791382);
#370=CIRCLE('',#8740,1.2018428154679);
#371=CIRCLE('',#8741,1.2018428154679);
#372=CIRCLE('',#8743,1.20184281546778);
#373=CIRCLE('',#8744,1.20184281546778);
#374=CIRCLE('',#8746,1.20184281546777);
#375=CIRCLE('',#8747,1.20184281546777);
#376=CIRCLE('',#8749,2.70416939342623);
#377=CIRCLE('',#8750,2.70416939342623);
#378=CIRCLE('',#8752,1.2018428154679);
#379=CIRCLE('',#8753,1.2018428154679);
#380=CIRCLE('',#8755,2.70416939342628);
#381=CIRCLE('',#8756,2.70416939342628);
#382=CIRCLE('',#8778,0.841844269564874);
#383=CIRCLE('',#8779,0.841844269564874);
#384=CIRCLE('',#8781,1.16624257779791);
#385=CIRCLE('',#8784,1.16619038112018);
#386=CIRCLE('',#8786,0.841844269564874);
#387=CIRCLE('',#8787,0.841844269564874);
#388=CIRCLE('',#8790,1.16618556184077);
#389=CIRCLE('',#8792,2.91549586791393);
#390=CIRCLE('',#8794,1.16618556184087);
#391=CIRCLE('',#8796,2.91549586791382);
#392=CIRCLE('',#8808,1.2018428154679);
#393=CIRCLE('',#8810,1.20184281546778);
#394=CIRCLE('',#8812,1.20184281546777);
#395=CIRCLE('',#8814,2.70416939342623);
#396=CIRCLE('',#8816,1.2018428154679);
#397=CIRCLE('',#8818,2.70416939342628);
#398=CIRCLE('',#8824,1.5);
#399=CIRCLE('',#8825,1.5);
#400=CIRCLE('',#8826,1.4);
#401=CIRCLE('',#8827,1.4);
#402=CIRCLE('',#8829,1.5);
#403=CIRCLE('',#8830,1.5);
#404=CIRCLE('',#8832,1.4);
#405=CIRCLE('',#8833,1.4);
#406=CIRCLE('',#8835,1.5);
#407=CIRCLE('',#8836,1.5);
#408=CIRCLE('',#8837,1.4);
#409=CIRCLE('',#8838,1.4);
#410=CIRCLE('',#8840,1.5);
#411=CIRCLE('',#8841,1.5);
#412=CIRCLE('',#8844,1.5);
#413=CIRCLE('',#8845,1.5);
#414=CIRCLE('',#8847,1.5);
#415=CIRCLE('',#8848,1.5);
#416=CIRCLE('',#8850,1.5);
#417=CIRCLE('',#8851,1.5);
#418=CIRCLE('',#8852,1.5);
#419=CIRCLE('',#8853,1.5);
#420=CIRCLE('',#8855,1.5);
#421=CIRCLE('',#8856,1.5);
#422=CIRCLE('',#8857,1.5);
#423=CIRCLE('',#8858,1.5);
#424=CIRCLE('',#8860,1.5);
#425=CIRCLE('',#8861,1.5);
#426=CIRCLE('',#8862,1.5);
#427=CIRCLE('',#8863,1.5);
#428=CIRCLE('',#8864,1.14999999999999);
#429=CIRCLE('',#8865,1.14999999999999);
#430=CIRCLE('',#8866,1.14999999999999);
#431=CIRCLE('',#8867,1.15);
#432=CIRCLE('',#8868,1.15);
#433=CIRCLE('',#8869,1.15);
#434=CIRCLE('',#8874,1.15);
#435=CIRCLE('',#8876,1.);
#436=CIRCLE('',#8878,1.15);
#437=CIRCLE('',#8880,0.999999999999996);
#438=CIRCLE('',#8882,0.999999999999996);
#439=CIRCLE('',#8884,1.);
#440=CIRCLE('',#8886,1.4);
#441=CIRCLE('',#8889,1.4);
#442=CIRCLE('',#8892,1.15);
#443=CIRCLE('',#8894,1.);
#444=CIRCLE('',#8896,1.);
#445=CIRCLE('',#8898,1.4);
#446=CIRCLE('',#8952,1.4);
#447=CIRCLE('',#8953,0.999999999999996);
#448=CIRCLE('',#8955,0.999999999999996);
#449=CIRCLE('',#8957,1.14999999999999);
#450=CIRCLE('',#8961,1.4);
#451=CIRCLE('',#8962,0.999999999999996);
#452=CIRCLE('',#8964,0.999999999999996);
#453=CIRCLE('',#8966,1.14999999999999);
#454=CIRCLE('',#8970,1.4);
#455=CIRCLE('',#8971,0.999999999999996);
#456=CIRCLE('',#8973,0.999999999999996);
#457=CIRCLE('',#8975,1.14999999999999);
#458=CIRCLE('',#8983,0.899999999999999);
#459=CIRCLE('',#8985,0.899999999999999);
#460=CIRCLE('',#8987,0.999999999999999);
#461=CIRCLE('',#8989,0.999999999999999);
#462=CIRCLE('',#8991,1.1);
#463=CIRCLE('',#8993,1.1);
#464=CIRCLE('',#8995,1.2);
#465=CIRCLE('',#8997,1.2);
#466=CIRCLE('',#9000,0.899999999999999);
#467=CIRCLE('',#9002,0.899999999999999);
#468=CIRCLE('',#9004,0.999999999999999);
#469=CIRCLE('',#9006,0.999999999999999);
#470=CIRCLE('',#9008,1.1);
#471=CIRCLE('',#9010,1.1);
#472=CIRCLE('',#9012,1.2);
#473=CIRCLE('',#9014,1.2);
#474=CIRCLE('',#9017,0.899999999999999);
#475=CIRCLE('',#9019,0.899999999999999);
#476=CIRCLE('',#9021,0.999999999999999);
#477=CIRCLE('',#9023,0.999999999999999);
#478=CIRCLE('',#9025,1.1);
#479=CIRCLE('',#9027,1.1);
#480=CIRCLE('',#9029,1.2);
#481=CIRCLE('',#9031,1.2);
#482=CIRCLE('',#9034,0.899999999999999);
#483=CIRCLE('',#9036,0.899999999999999);
#484=CIRCLE('',#9038,0.999999999999999);
#485=CIRCLE('',#9040,0.999999999999999);
#486=CIRCLE('',#9042,1.1);
#487=CIRCLE('',#9044,1.1);
#488=CIRCLE('',#9046,1.2);
#489=CIRCLE('',#9048,1.2);
#490=CIRCLE('',#9051,0.899999999999999);
#491=CIRCLE('',#9053,0.899999999999999);
#492=CIRCLE('',#9055,0.999999999999999);
#493=CIRCLE('',#9057,0.999999999999999);
#494=CIRCLE('',#9059,1.1);
#495=CIRCLE('',#9061,1.1);
#496=CIRCLE('',#9063,1.2);
#497=CIRCLE('',#9065,1.2);
#498=CIRCLE('',#9068,0.899999999999999);
#499=CIRCLE('',#9070,0.899999999999999);
#500=CIRCLE('',#9072,0.999999999999999);
#501=CIRCLE('',#9074,0.999999999999999);
#502=CIRCLE('',#9076,1.1);
#503=CIRCLE('',#9078,1.1);
#504=CIRCLE('',#9080,1.2);
#505=CIRCLE('',#9082,1.2);
#506=CIRCLE('',#9093,1.5);
#507=CIRCLE('',#9094,1.5);
#508=CIRCLE('',#9096,1.5);
#509=CIRCLE('',#9097,1.5);
#510=CIRCLE('',#9098,1.5);
#511=CIRCLE('',#9099,1.5);
#512=CIRCLE('',#9102,1.5);
#513=CIRCLE('',#9103,1.5);
#514=CIRCLE('',#9104,1.5);
#515=CIRCLE('',#9105,1.5);
#516=CIRCLE('',#9107,1.5);
#517=CIRCLE('',#9108,1.5);
#518=CIRCLE('',#9110,1.14999999999999);
#519=CIRCLE('',#9111,1.14999999999999);
#520=CIRCLE('',#9112,1.14999999999999);
#521=CIRCLE('',#9123,1.5);
#522=CIRCLE('',#9126,1.5);
#523=CIRCLE('',#9129,1.5);
#524=CIRCLE('',#9132,1.5);
#525=CIRCLE('',#9135,1.5);
#526=CIRCLE('',#9138,1.5);
#527=CIRCLE('',#9160,1.5);
#528=CIRCLE('',#9163,1.5);
#529=CIRCLE('',#9165,1.5);
#530=CIRCLE('',#9168,1.5);
#531=CIRCLE('',#9170,1.5);
#532=CIRCLE('',#9173,1.5);
#533=CIRCLE('',#9187,1.4);
#534=CIRCLE('',#9188,1.4);
#535=CIRCLE('',#9189,1.4);
#536=CIRCLE('',#9191,1.4);
#537=CIRCLE('',#9192,0.999999999999996);
#538=CIRCLE('',#9194,0.999999999999996);
#539=CIRCLE('',#9196,1.14999999999999);
#540=CIRCLE('',#9200,1.4);
#541=CIRCLE('',#9201,0.999999999999996);
#542=CIRCLE('',#9203,0.999999999999996);
#543=CIRCLE('',#9205,1.14999999999999);
#544=CIRCLE('',#9209,1.4);
#545=CIRCLE('',#9210,0.999999999999996);
#546=CIRCLE('',#9212,0.999999999999996);
#547=CIRCLE('',#9214,1.14999999999999);
#548=CIRCLE('',#9223,0.899999999999999);
#549=CIRCLE('',#9225,0.899999999999999);
#550=CIRCLE('',#9227,0.999999999999999);
#551=CIRCLE('',#9229,0.999999999999999);
#552=CIRCLE('',#9231,1.1);
#553=CIRCLE('',#9233,1.1);
#554=CIRCLE('',#9235,1.2);
#555=CIRCLE('',#9237,1.2);
#556=CIRCLE('',#9250,1.2018428154679);
#557=CIRCLE('',#9251,1.2018428154679);
#558=CIRCLE('',#9255,0.841844269564874);
#559=CIRCLE('',#9256,0.841844269564874);
#560=CIRCLE('',#9258,1.16624257779791);
#561=CIRCLE('',#9259,1.16624257779791);
#562=CIRCLE('',#9263,1.16619038112018);
#563=CIRCLE('',#9264,1.16619038112018);
#564=CIRCLE('',#9266,0.841844269564874);
#565=CIRCLE('',#9267,0.841844269564874);
#566=CIRCLE('',#9271,1.20184281546778);
#567=CIRCLE('',#9272,1.20184281546778);
#568=CIRCLE('',#9274,1.20184281546777);
#569=CIRCLE('',#9275,1.20184281546777);
#570=CIRCLE('',#9277,2.70416939342623);
#571=CIRCLE('',#9278,2.70416939342623);
#572=CIRCLE('',#9280,1.2018428154679);
#573=CIRCLE('',#9281,1.2018428154679);
#574=CIRCLE('',#9283,2.70416939342628);
#575=CIRCLE('',#9284,2.70416939342628);
#576=CIRCLE('',#9286,1.16618556184077);
#577=CIRCLE('',#9287,1.16618556184077);
#578=CIRCLE('',#9289,2.91549586791393);
#579=CIRCLE('',#9290,2.91549586791393);
#580=CIRCLE('',#9292,1.16618556184087);
#581=CIRCLE('',#9293,1.16618556184087);
#582=CIRCLE('',#9295,2.91549586791382);
#583=CIRCLE('',#9296,2.91549586791382);
#584=CIRCLE('',#9326,0.899999999999999);
#585=CIRCLE('',#9328,0.899999999999999);
#586=CIRCLE('',#9330,0.999999999999999);
#587=CIRCLE('',#9332,0.999999999999999);
#588=CIRCLE('',#9334,1.1);
#589=CIRCLE('',#9336,1.1);
#590=CIRCLE('',#9338,1.2);
#591=CIRCLE('',#9340,1.2);
#592=CIRCLE('',#9343,0.899999999999999);
#593=CIRCLE('',#9345,0.899999999999999);
#594=CIRCLE('',#9347,0.999999999999999);
#595=CIRCLE('',#9349,0.999999999999999);
#596=CIRCLE('',#9351,1.1);
#597=CIRCLE('',#9353,1.1);
#598=CIRCLE('',#9355,1.2);
#599=CIRCLE('',#9357,1.2);
#600=CYLINDRICAL_SURFACE('',#8695,0.841844269564874);
#601=CYLINDRICAL_SURFACE('',#8698,1.16624257779791);
#602=CYLINDRICAL_SURFACE('',#8702,1.1661927914875);
#603=CYLINDRICAL_SURFACE('',#8705,0.841844269564874);
#604=CYLINDRICAL_SURFACE('',#8709,1.16618556184077);
#605=CYLINDRICAL_SURFACE('',#8712,2.91549586791393);
#606=CYLINDRICAL_SURFACE('',#8715,1.16618556184087);
#607=CYLINDRICAL_SURFACE('',#8718,2.91549586791382);
#608=CYLINDRICAL_SURFACE('',#8739,1.2018428154679);
#609=CYLINDRICAL_SURFACE('',#8742,1.20184281546778);
#610=CYLINDRICAL_SURFACE('',#8745,1.20184281546777);
#611=CYLINDRICAL_SURFACE('',#8748,2.70416419476253);
#612=CYLINDRICAL_SURFACE('',#8751,1.2018428154679);
#613=CYLINDRICAL_SURFACE('',#8754,2.70416419476185);
#614=CYLINDRICAL_SURFACE('',#8777,0.841844269564874);
#615=CYLINDRICAL_SURFACE('',#8780,1.16624257779791);
#616=CYLINDRICAL_SURFACE('',#8783,1.1661927914875);
#617=CYLINDRICAL_SURFACE('',#8785,0.841844269564874);
#618=CYLINDRICAL_SURFACE('',#8789,1.16618556184077);
#619=CYLINDRICAL_SURFACE('',#8791,2.91549586791393);
#620=CYLINDRICAL_SURFACE('',#8793,1.16618556184087);
#621=CYLINDRICAL_SURFACE('',#8795,2.91549586791382);
#622=CYLINDRICAL_SURFACE('',#8807,1.2018428154679);
#623=CYLINDRICAL_SURFACE('',#8809,1.20184281546778);
#624=CYLINDRICAL_SURFACE('',#8811,1.20184281546777);
#625=CYLINDRICAL_SURFACE('',#8813,2.70416419476253);
#626=CYLINDRICAL_SURFACE('',#8815,1.2018428154679);
#627=CYLINDRICAL_SURFACE('',#8817,2.70416419476185);
#628=CYLINDRICAL_SURFACE('',#8870,1.5);
#629=CYLINDRICAL_SURFACE('',#8872,1.5);
#630=CYLINDRICAL_SURFACE('',#8873,1.15);
#631=CYLINDRICAL_SURFACE('',#8877,1.15);
#632=CYLINDRICAL_SURFACE('',#8881,0.999999999999996);
#633=CYLINDRICAL_SURFACE('',#8883,1.);
#634=CYLINDRICAL_SURFACE('',#8885,1.4);
#635=CYLINDRICAL_SURFACE('',#8888,1.4);
#636=CYLINDRICAL_SURFACE('',#8891,1.15);
#637=CYLINDRICAL_SURFACE('',#8895,1.);
#638=CYLINDRICAL_SURFACE('',#8897,1.4);
#639=CYLINDRICAL_SURFACE('',#8912,1.5);
#640=CYLINDRICAL_SURFACE('',#8914,1.5);
#641=CYLINDRICAL_SURFACE('',#8916,1.5);
#642=CYLINDRICAL_SURFACE('',#8918,1.5);
#643=CYLINDRICAL_SURFACE('',#8920,1.5);
#644=CYLINDRICAL_SURFACE('',#8935,1.5);
#645=CYLINDRICAL_SURFACE('',#8937,1.5);
#646=CYLINDRICAL_SURFACE('',#8938,1.5);
#647=CYLINDRICAL_SURFACE('',#8940,1.5);
#648=CYLINDRICAL_SURFACE('',#8941,1.5);
#649=CYLINDRICAL_SURFACE('',#8954,0.999999999999996);
#650=CYLINDRICAL_SURFACE('',#8958,1.14999999999999);
#651=CYLINDRICAL_SURFACE('',#8959,1.4);
#652=CYLINDRICAL_SURFACE('',#8963,0.999999999999996);
#653=CYLINDRICAL_SURFACE('',#8967,1.14999999999999);
#654=CYLINDRICAL_SURFACE('',#8968,1.4);
#655=CYLINDRICAL_SURFACE('',#8972,0.999999999999996);
#656=CYLINDRICAL_SURFACE('',#8976,1.14999999999999);
#657=CYLINDRICAL_SURFACE('',#8977,1.4);
#658=CYLINDRICAL_SURFACE('',#8984,0.899999999999999);
#659=CYLINDRICAL_SURFACE('',#8988,0.999999999999999);
#660=CYLINDRICAL_SURFACE('',#8992,1.1);
#661=CYLINDRICAL_SURFACE('',#8996,1.2);
#662=CYLINDRICAL_SURFACE('',#9001,0.899999999999999);
#663=CYLINDRICAL_SURFACE('',#9005,0.999999999999999);
#664=CYLINDRICAL_SURFACE('',#9009,1.1);
#665=CYLINDRICAL_SURFACE('',#9013,1.2);
#666=CYLINDRICAL_SURFACE('',#9018,0.899999999999999);
#667=CYLINDRICAL_SURFACE('',#9022,0.999999999999999);
#668=CYLINDRICAL_SURFACE('',#9026,1.1);
#669=CYLINDRICAL_SURFACE('',#9030,1.2);
#670=CYLINDRICAL_SURFACE('',#9035,0.899999999999999);
#671=CYLINDRICAL_SURFACE('',#9039,0.999999999999999);
#672=CYLINDRICAL_SURFACE('',#9043,1.1);
#673=CYLINDRICAL_SURFACE('',#9047,1.2);
#674=CYLINDRICAL_SURFACE('',#9052,0.899999999999999);
#675=CYLINDRICAL_SURFACE('',#9056,0.999999999999999);
#676=CYLINDRICAL_SURFACE('',#9060,1.1);
#677=CYLINDRICAL_SURFACE('',#9064,1.2);
#678=CYLINDRICAL_SURFACE('',#9069,0.899999999999999);
#679=CYLINDRICAL_SURFACE('',#9073,0.999999999999999);
#680=CYLINDRICAL_SURFACE('',#9077,1.1);
#681=CYLINDRICAL_SURFACE('',#9081,1.2);
#682=CYLINDRICAL_SURFACE('',#9122,1.5);
#683=CYLINDRICAL_SURFACE('',#9125,1.5);
#684=CYLINDRICAL_SURFACE('',#9128,1.5);
#685=CYLINDRICAL_SURFACE('',#9131,1.5);
#686=CYLINDRICAL_SURFACE('',#9134,1.5);
#687=CYLINDRICAL_SURFACE('',#9137,1.5);
#688=CYLINDRICAL_SURFACE('',#9159,1.5);
#689=CYLINDRICAL_SURFACE('',#9162,1.5);
#690=CYLINDRICAL_SURFACE('',#9164,1.5);
#691=CYLINDRICAL_SURFACE('',#9167,1.5);
#692=CYLINDRICAL_SURFACE('',#9169,1.5);
#693=CYLINDRICAL_SURFACE('',#9172,1.5);
#694=CYLINDRICAL_SURFACE('',#9193,0.999999999999996);
#695=CYLINDRICAL_SURFACE('',#9197,1.14999999999999);
#696=CYLINDRICAL_SURFACE('',#9198,1.4);
#697=CYLINDRICAL_SURFACE('',#9202,0.999999999999996);
#698=CYLINDRICAL_SURFACE('',#9206,1.14999999999999);
#699=CYLINDRICAL_SURFACE('',#9207,1.4);
#700=CYLINDRICAL_SURFACE('',#9211,0.999999999999996);
#701=CYLINDRICAL_SURFACE('',#9215,1.14999999999999);
#702=CYLINDRICAL_SURFACE('',#9216,1.4);
#703=CYLINDRICAL_SURFACE('',#9224,0.899999999999999);
#704=CYLINDRICAL_SURFACE('',#9228,0.999999999999999);
#705=CYLINDRICAL_SURFACE('',#9232,1.1);
#706=CYLINDRICAL_SURFACE('',#9236,1.2);
#707=CYLINDRICAL_SURFACE('',#9249,1.2018428154679);
#708=CYLINDRICAL_SURFACE('',#9254,0.841844269564874);
#709=CYLINDRICAL_SURFACE('',#9257,1.16624257779791);
#710=CYLINDRICAL_SURFACE('',#9262,1.1661927914875);
#711=CYLINDRICAL_SURFACE('',#9265,0.841844269564874);
#712=CYLINDRICAL_SURFACE('',#9270,1.20184281546778);
#713=CYLINDRICAL_SURFACE('',#9273,1.20184281546777);
#714=CYLINDRICAL_SURFACE('',#9276,2.70416419476253);
#715=CYLINDRICAL_SURFACE('',#9279,1.2018428154679);
#716=CYLINDRICAL_SURFACE('',#9282,2.70416419476185);
#717=CYLINDRICAL_SURFACE('',#9285,1.16618556184077);
#718=CYLINDRICAL_SURFACE('',#9288,2.91549586791393);
#719=CYLINDRICAL_SURFACE('',#9291,1.16618556184087);
#720=CYLINDRICAL_SURFACE('',#9294,2.91549586791382);
#721=CYLINDRICAL_SURFACE('',#9327,0.899999999999999);
#722=CYLINDRICAL_SURFACE('',#9331,0.999999999999999);
#723=CYLINDRICAL_SURFACE('',#9335,1.1);
#724=CYLINDRICAL_SURFACE('',#9339,1.2);
#725=CYLINDRICAL_SURFACE('',#9344,0.899999999999999);
#726=CYLINDRICAL_SURFACE('',#9348,0.999999999999999);
#727=CYLINDRICAL_SURFACE('',#9352,1.1);
#728=CYLINDRICAL_SURFACE('',#9356,1.2);
#729=FACE_OUTER_BOUND('',#1221,.T.);
#730=FACE_OUTER_BOUND('',#1222,.T.);
#731=FACE_OUTER_BOUND('',#1223,.T.);
#732=FACE_OUTER_BOUND('',#1224,.T.);
#733=FACE_OUTER_BOUND('',#1225,.T.);
#734=FACE_OUTER_BOUND('',#1226,.T.);
#735=FACE_OUTER_BOUND('',#1227,.T.);
#736=FACE_OUTER_BOUND('',#1228,.T.);
#737=FACE_OUTER_BOUND('',#1229,.T.);
#738=FACE_OUTER_BOUND('',#1230,.T.);
#739=FACE_OUTER_BOUND('',#1231,.T.);
#740=FACE_OUTER_BOUND('',#1232,.T.);
#741=FACE_OUTER_BOUND('',#1233,.T.);
#742=FACE_OUTER_BOUND('',#1234,.T.);
#743=FACE_OUTER_BOUND('',#1235,.T.);
#744=FACE_OUTER_BOUND('',#1236,.T.);
#745=FACE_OUTER_BOUND('',#1237,.T.);
#746=FACE_OUTER_BOUND('',#1238,.T.);
#747=FACE_OUTER_BOUND('',#1239,.T.);
#748=FACE_OUTER_BOUND('',#1240,.T.);
#749=FACE_OUTER_BOUND('',#1241,.T.);
#750=FACE_OUTER_BOUND('',#1242,.T.);
#751=FACE_OUTER_BOUND('',#1243,.T.);
#752=FACE_OUTER_BOUND('',#1244,.T.);
#753=FACE_OUTER_BOUND('',#1245,.T.);
#754=FACE_OUTER_BOUND('',#1246,.T.);
#755=FACE_OUTER_BOUND('',#1247,.T.);
#756=FACE_OUTER_BOUND('',#1248,.T.);
#757=FACE_OUTER_BOUND('',#1249,.T.);
#758=FACE_OUTER_BOUND('',#1250,.T.);
#759=FACE_OUTER_BOUND('',#1251,.T.);
#760=FACE_OUTER_BOUND('',#1252,.T.);
#761=FACE_OUTER_BOUND('',#1253,.T.);
#762=FACE_OUTER_BOUND('',#1254,.T.);
#763=FACE_OUTER_BOUND('',#1255,.T.);
#764=FACE_OUTER_BOUND('',#1256,.T.);
#765=FACE_OUTER_BOUND('',#1257,.T.);
#766=FACE_OUTER_BOUND('',#1258,.T.);
#767=FACE_OUTER_BOUND('',#1259,.T.);
#768=FACE_OUTER_BOUND('',#1260,.T.);
#769=FACE_OUTER_BOUND('',#1261,.T.);
#770=FACE_OUTER_BOUND('',#1262,.T.);
#771=FACE_OUTER_BOUND('',#1263,.T.);
#772=FACE_OUTER_BOUND('',#1264,.T.);
#773=FACE_OUTER_BOUND('',#1265,.T.);
#774=FACE_OUTER_BOUND('',#1266,.T.);
#775=FACE_OUTER_BOUND('',#1267,.T.);
#776=FACE_OUTER_BOUND('',#1268,.T.);
#777=FACE_OUTER_BOUND('',#1269,.T.);
#778=FACE_OUTER_BOUND('',#1270,.T.);
#779=FACE_OUTER_BOUND('',#1271,.T.);
#780=FACE_OUTER_BOUND('',#1272,.T.);
#781=FACE_OUTER_BOUND('',#1273,.T.);
#782=FACE_OUTER_BOUND('',#1274,.T.);
#783=FACE_OUTER_BOUND('',#1275,.T.);
#784=FACE_OUTER_BOUND('',#1276,.T.);
#785=FACE_OUTER_BOUND('',#1279,.T.);
#786=FACE_OUTER_BOUND('',#1284,.T.);
#787=FACE_OUTER_BOUND('',#1285,.T.);
#788=FACE_OUTER_BOUND('',#1286,.T.);
#789=FACE_OUTER_BOUND('',#1287,.T.);
#790=FACE_OUTER_BOUND('',#1288,.T.);
#791=FACE_OUTER_BOUND('',#1289,.T.);
#792=FACE_OUTER_BOUND('',#1290,.T.);
#793=FACE_OUTER_BOUND('',#1291,.T.);
#794=FACE_OUTER_BOUND('',#1292,.T.);
#795=FACE_OUTER_BOUND('',#1293,.T.);
#796=FACE_OUTER_BOUND('',#1294,.T.);
#797=FACE_OUTER_BOUND('',#1295,.T.);
#798=FACE_OUTER_BOUND('',#1296,.T.);
#799=FACE_OUTER_BOUND('',#1297,.T.);
#800=FACE_OUTER_BOUND('',#1298,.T.);
#801=FACE_OUTER_BOUND('',#1299,.T.);
#802=FACE_OUTER_BOUND('',#1300,.T.);
#803=FACE_OUTER_BOUND('',#1301,.T.);
#804=FACE_OUTER_BOUND('',#1302,.T.);
#805=FACE_OUTER_BOUND('',#1303,.T.);
#806=FACE_OUTER_BOUND('',#1304,.T.);
#807=FACE_OUTER_BOUND('',#1305,.T.);
#808=FACE_OUTER_BOUND('',#1306,.T.);
#809=FACE_OUTER_BOUND('',#1307,.T.);
#810=FACE_OUTER_BOUND('',#1308,.T.);
#811=FACE_OUTER_BOUND('',#1309,.T.);
#812=FACE_OUTER_BOUND('',#1310,.T.);
#813=FACE_OUTER_BOUND('',#1311,.T.);
#814=FACE_OUTER_BOUND('',#1312,.T.);
#815=FACE_OUTER_BOUND('',#1313,.T.);
#816=FACE_OUTER_BOUND('',#1314,.T.);
#817=FACE_OUTER_BOUND('',#1315,.T.);
#818=FACE_OUTER_BOUND('',#1316,.T.);
#819=FACE_OUTER_BOUND('',#1317,.T.);
#820=FACE_OUTER_BOUND('',#1318,.T.);
#821=FACE_OUTER_BOUND('',#1319,.T.);
#822=FACE_OUTER_BOUND('',#1320,.T.);
#823=FACE_OUTER_BOUND('',#1321,.T.);
#824=FACE_OUTER_BOUND('',#1322,.T.);
#825=FACE_OUTER_BOUND('',#1323,.T.);
#826=FACE_OUTER_BOUND('',#1324,.T.);
#827=FACE_OUTER_BOUND('',#1329,.T.);
#828=FACE_OUTER_BOUND('',#1330,.T.);
#829=FACE_OUTER_BOUND('',#1333,.T.);
#830=FACE_OUTER_BOUND('',#1336,.T.);
#831=FACE_OUTER_BOUND('',#1339,.T.);
#832=FACE_OUTER_BOUND('',#1340,.T.);
#833=FACE_OUTER_BOUND('',#1341,.T.);
#834=FACE_OUTER_BOUND('',#1342,.T.);
#835=FACE_OUTER_BOUND('',#1351,.T.);
#836=FACE_OUTER_BOUND('',#1352,.T.);
#837=FACE_OUTER_BOUND('',#1353,.T.);
#838=FACE_OUTER_BOUND('',#1354,.T.);
#839=FACE_OUTER_BOUND('',#1355,.T.);
#840=FACE_OUTER_BOUND('',#1357,.T.);
#841=FACE_OUTER_BOUND('',#1358,.T.);
#842=FACE_OUTER_BOUND('',#1360,.T.);
#843=FACE_OUTER_BOUND('',#1361,.T.);
#844=FACE_OUTER_BOUND('',#1362,.T.);
#845=FACE_OUTER_BOUND('',#1363,.T.);
#846=FACE_OUTER_BOUND('',#1365,.T.);
#847=FACE_OUTER_BOUND('',#1366,.T.);
#848=FACE_OUTER_BOUND('',#1368,.T.);
#849=FACE_OUTER_BOUND('',#1369,.T.);
#850=FACE_OUTER_BOUND('',#1371,.T.);
#851=FACE_OUTER_BOUND('',#1372,.T.);
#852=FACE_OUTER_BOUND('',#1373,.T.);
#853=FACE_OUTER_BOUND('',#1375,.T.);
#854=FACE_OUTER_BOUND('',#1376,.T.);
#855=FACE_OUTER_BOUND('',#1377,.T.);
#856=FACE_OUTER_BOUND('',#1378,.T.);
#857=FACE_OUTER_BOUND('',#1379,.T.);
#858=FACE_OUTER_BOUND('',#1380,.T.);
#859=FACE_OUTER_BOUND('',#1381,.T.);
#860=FACE_OUTER_BOUND('',#1382,.T.);
#861=FACE_OUTER_BOUND('',#1383,.T.);
#862=FACE_OUTER_BOUND('',#1384,.T.);
#863=FACE_OUTER_BOUND('',#1385,.T.);
#864=FACE_OUTER_BOUND('',#1386,.T.);
#865=FACE_OUTER_BOUND('',#1387,.T.);
#866=FACE_OUTER_BOUND('',#1388,.T.);
#867=FACE_OUTER_BOUND('',#1389,.T.);
#868=FACE_OUTER_BOUND('',#1390,.T.);
#869=FACE_OUTER_BOUND('',#1391,.T.);
#870=FACE_OUTER_BOUND('',#1392,.T.);
#871=FACE_OUTER_BOUND('',#1393,.T.);
#872=FACE_OUTER_BOUND('',#1394,.T.);
#873=FACE_OUTER_BOUND('',#1395,.T.);
#874=FACE_OUTER_BOUND('',#1396,.T.);
#875=FACE_OUTER_BOUND('',#1397,.T.);
#876=FACE_OUTER_BOUND('',#1398,.T.);
#877=FACE_OUTER_BOUND('',#1399,.T.);
#878=FACE_OUTER_BOUND('',#1400,.T.);
#879=FACE_OUTER_BOUND('',#1401,.T.);
#880=FACE_OUTER_BOUND('',#1402,.T.);
#881=FACE_OUTER_BOUND('',#1403,.T.);
#882=FACE_OUTER_BOUND('',#1404,.T.);
#883=FACE_OUTER_BOUND('',#1405,.T.);
#884=FACE_OUTER_BOUND('',#1406,.T.);
#885=FACE_OUTER_BOUND('',#1407,.T.);
#886=FACE_OUTER_BOUND('',#1408,.T.);
#887=FACE_OUTER_BOUND('',#1409,.T.);
#888=FACE_OUTER_BOUND('',#1410,.T.);
#889=FACE_OUTER_BOUND('',#1411,.T.);
#890=FACE_OUTER_BOUND('',#1412,.T.);
#891=FACE_OUTER_BOUND('',#1413,.T.);
#892=FACE_OUTER_BOUND('',#1414,.T.);
#893=FACE_OUTER_BOUND('',#1415,.T.);
#894=FACE_OUTER_BOUND('',#1416,.T.);
#895=FACE_OUTER_BOUND('',#1417,.T.);
#896=FACE_OUTER_BOUND('',#1418,.T.);
#897=FACE_OUTER_BOUND('',#1419,.T.);
#898=FACE_OUTER_BOUND('',#1420,.T.);
#899=FACE_OUTER_BOUND('',#1421,.T.);
#900=FACE_OUTER_BOUND('',#1422,.T.);
#901=FACE_OUTER_BOUND('',#1423,.T.);
#902=FACE_OUTER_BOUND('',#1424,.T.);
#903=FACE_OUTER_BOUND('',#1425,.T.);
#904=FACE_OUTER_BOUND('',#1426,.T.);
#905=FACE_OUTER_BOUND('',#1427,.T.);
#906=FACE_OUTER_BOUND('',#1428,.T.);
#907=FACE_OUTER_BOUND('',#1429,.T.);
#908=FACE_OUTER_BOUND('',#1430,.T.);
#909=FACE_OUTER_BOUND('',#1431,.T.);
#910=FACE_OUTER_BOUND('',#1432,.T.);
#911=FACE_OUTER_BOUND('',#1433,.T.);
#912=FACE_OUTER_BOUND('',#1434,.T.);
#913=FACE_OUTER_BOUND('',#1435,.T.);
#914=FACE_OUTER_BOUND('',#1436,.T.);
#915=FACE_OUTER_BOUND('',#1437,.T.);
#916=FACE_OUTER_BOUND('',#1438,.T.);
#917=FACE_OUTER_BOUND('',#1439,.T.);
#918=FACE_OUTER_BOUND('',#1440,.T.);
#919=FACE_OUTER_BOUND('',#1441,.T.);
#920=FACE_OUTER_BOUND('',#1442,.T.);
#921=FACE_OUTER_BOUND('',#1443,.T.);
#922=FACE_OUTER_BOUND('',#1444,.T.);
#923=FACE_OUTER_BOUND('',#1445,.T.);
#924=FACE_OUTER_BOUND('',#1446,.T.);
#925=FACE_OUTER_BOUND('',#1447,.T.);
#926=FACE_OUTER_BOUND('',#1448,.T.);
#927=FACE_OUTER_BOUND('',#1449,.T.);
#928=FACE_OUTER_BOUND('',#1450,.T.);
#929=FACE_OUTER_BOUND('',#1451,.T.);
#930=FACE_OUTER_BOUND('',#1452,.T.);
#931=FACE_OUTER_BOUND('',#1453,.T.);
#932=FACE_OUTER_BOUND('',#1454,.T.);
#933=FACE_OUTER_BOUND('',#1455,.T.);
#934=FACE_OUTER_BOUND('',#1456,.T.);
#935=FACE_OUTER_BOUND('',#1457,.T.);
#936=FACE_OUTER_BOUND('',#1458,.T.);
#937=FACE_OUTER_BOUND('',#1459,.T.);
#938=FACE_OUTER_BOUND('',#1460,.T.);
#939=FACE_OUTER_BOUND('',#1461,.T.);
#940=FACE_OUTER_BOUND('',#1462,.T.);
#941=FACE_OUTER_BOUND('',#1464,.T.);
#942=FACE_OUTER_BOUND('',#1465,.T.);
#943=FACE_OUTER_BOUND('',#1467,.T.);
#944=FACE_OUTER_BOUND('',#1468,.T.);
#945=FACE_OUTER_BOUND('',#1469,.T.);
#946=FACE_OUTER_BOUND('',#1471,.T.);
#947=FACE_OUTER_BOUND('',#1472,.T.);
#948=FACE_OUTER_BOUND('',#1474,.T.);
#949=FACE_OUTER_BOUND('',#1475,.T.);
#950=FACE_OUTER_BOUND('',#1476,.T.);
#951=FACE_OUTER_BOUND('',#1478,.T.);
#952=FACE_OUTER_BOUND('',#1479,.T.);
#953=FACE_OUTER_BOUND('',#1481,.T.);
#954=FACE_OUTER_BOUND('',#1482,.T.);
#955=FACE_OUTER_BOUND('',#1483,.T.);
#956=FACE_OUTER_BOUND('',#1484,.T.);
#957=FACE_OUTER_BOUND('',#1485,.T.);
#958=FACE_OUTER_BOUND('',#1486,.T.);
#959=FACE_OUTER_BOUND('',#1487,.T.);
#960=FACE_OUTER_BOUND('',#1488,.T.);
#961=FACE_OUTER_BOUND('',#1489,.T.);
#962=FACE_OUTER_BOUND('',#1491,.T.);
#963=FACE_OUTER_BOUND('',#1492,.T.);
#964=FACE_OUTER_BOUND('',#1494,.T.);
#965=FACE_OUTER_BOUND('',#1495,.T.);
#966=FACE_OUTER_BOUND('',#1497,.T.);
#967=FACE_OUTER_BOUND('',#1498,.T.);
#968=FACE_OUTER_BOUND('',#1499,.T.);
#969=FACE_OUTER_BOUND('',#1500,.T.);
#970=FACE_OUTER_BOUND('',#1501,.T.);
#971=FACE_OUTER_BOUND('',#1503,.T.);
#972=FACE_OUTER_BOUND('',#1504,.T.);
#973=FACE_OUTER_BOUND('',#1506,.T.);
#974=FACE_OUTER_BOUND('',#1507,.T.);
#975=FACE_OUTER_BOUND('',#1509,.T.);
#976=FACE_OUTER_BOUND('',#1510,.T.);
#977=FACE_OUTER_BOUND('',#1511,.T.);
#978=FACE_OUTER_BOUND('',#1512,.T.);
#979=FACE_OUTER_BOUND('',#1513,.T.);
#980=FACE_OUTER_BOUND('',#1515,.T.);
#981=FACE_OUTER_BOUND('',#1516,.T.);
#982=FACE_OUTER_BOUND('',#1518,.T.);
#983=FACE_OUTER_BOUND('',#1519,.T.);
#984=FACE_OUTER_BOUND('',#1521,.T.);
#985=FACE_OUTER_BOUND('',#1522,.T.);
#986=FACE_OUTER_BOUND('',#1523,.T.);
#987=FACE_OUTER_BOUND('',#1524,.T.);
#988=FACE_OUTER_BOUND('',#1525,.T.);
#989=FACE_OUTER_BOUND('',#1527,.T.);
#990=FACE_OUTER_BOUND('',#1528,.T.);
#991=FACE_OUTER_BOUND('',#1530,.T.);
#992=FACE_OUTER_BOUND('',#1531,.T.);
#993=FACE_OUTER_BOUND('',#1533,.T.);
#994=FACE_OUTER_BOUND('',#1534,.T.);
#995=FACE_OUTER_BOUND('',#1535,.T.);
#996=FACE_OUTER_BOUND('',#1536,.T.);
#997=FACE_OUTER_BOUND('',#1537,.T.);
#998=FACE_OUTER_BOUND('',#1539,.T.);
#999=FACE_OUTER_BOUND('',#1540,.T.);
#1000=FACE_OUTER_BOUND('',#1542,.T.);
#1001=FACE_OUTER_BOUND('',#1543,.T.);
#1002=FACE_OUTER_BOUND('',#1545,.T.);
#1003=FACE_OUTER_BOUND('',#1546,.T.);
#1004=FACE_OUTER_BOUND('',#1547,.T.);
#1005=FACE_OUTER_BOUND('',#1548,.T.);
#1006=FACE_OUTER_BOUND('',#1549,.T.);
#1007=FACE_OUTER_BOUND('',#1551,.T.);
#1008=FACE_OUTER_BOUND('',#1552,.T.);
#1009=FACE_OUTER_BOUND('',#1554,.T.);
#1010=FACE_OUTER_BOUND('',#1555,.T.);
#1011=FACE_OUTER_BOUND('',#1557,.T.);
#1012=FACE_OUTER_BOUND('',#1558,.T.);
#1013=FACE_OUTER_BOUND('',#1559,.T.);
#1014=FACE_OUTER_BOUND('',#1560,.T.);
#1015=FACE_OUTER_BOUND('',#1561,.T.);
#1016=FACE_OUTER_BOUND('',#1562,.T.);
#1017=FACE_OUTER_BOUND('',#1563,.T.);
#1018=FACE_OUTER_BOUND('',#1564,.T.);
#1019=FACE_OUTER_BOUND('',#1565,.T.);
#1020=FACE_OUTER_BOUND('',#1566,.T.);
#1021=FACE_OUTER_BOUND('',#1567,.T.);
#1022=FACE_OUTER_BOUND('',#1568,.T.);
#1023=FACE_OUTER_BOUND('',#1569,.T.);
#1024=FACE_OUTER_BOUND('',#1570,.T.);
#1025=FACE_OUTER_BOUND('',#1571,.T.);
#1026=FACE_OUTER_BOUND('',#1577,.T.);
#1027=FACE_OUTER_BOUND('',#1578,.T.);
#1028=FACE_OUTER_BOUND('',#1579,.T.);
#1029=FACE_OUTER_BOUND('',#1580,.T.);
#1030=FACE_OUTER_BOUND('',#1581,.T.);
#1031=FACE_OUTER_BOUND('',#1582,.T.);
#1032=FACE_OUTER_BOUND('',#1583,.T.);
#1033=FACE_OUTER_BOUND('',#1584,.T.);
#1034=FACE_OUTER_BOUND('',#1585,.T.);
#1035=FACE_OUTER_BOUND('',#1586,.T.);
#1036=FACE_OUTER_BOUND('',#1587,.T.);
#1037=FACE_OUTER_BOUND('',#1588,.T.);
#1038=FACE_OUTER_BOUND('',#1589,.T.);
#1039=FACE_OUTER_BOUND('',#1590,.T.);
#1040=FACE_OUTER_BOUND('',#1591,.T.);
#1041=FACE_OUTER_BOUND('',#1592,.T.);
#1042=FACE_OUTER_BOUND('',#1593,.T.);
#1043=FACE_OUTER_BOUND('',#1594,.T.);
#1044=FACE_OUTER_BOUND('',#1595,.T.);
#1045=FACE_OUTER_BOUND('',#1596,.T.);
#1046=FACE_OUTER_BOUND('',#1597,.T.);
#1047=FACE_OUTER_BOUND('',#1598,.T.);
#1048=FACE_OUTER_BOUND('',#1599,.T.);
#1049=FACE_OUTER_BOUND('',#1600,.T.);
#1050=FACE_OUTER_BOUND('',#1601,.T.);
#1051=FACE_OUTER_BOUND('',#1602,.T.);
#1052=FACE_OUTER_BOUND('',#1603,.T.);
#1053=FACE_OUTER_BOUND('',#1604,.T.);
#1054=FACE_OUTER_BOUND('',#1605,.T.);
#1055=FACE_OUTER_BOUND('',#1606,.T.);
#1056=FACE_OUTER_BOUND('',#1607,.T.);
#1057=FACE_OUTER_BOUND('',#1608,.T.);
#1058=FACE_OUTER_BOUND('',#1609,.T.);
#1059=FACE_OUTER_BOUND('',#1610,.T.);
#1060=FACE_OUTER_BOUND('',#1611,.T.);
#1061=FACE_OUTER_BOUND('',#1612,.T.);
#1062=FACE_OUTER_BOUND('',#1613,.T.);
#1063=FACE_OUTER_BOUND('',#1614,.T.);
#1064=FACE_OUTER_BOUND('',#1615,.T.);
#1065=FACE_OUTER_BOUND('',#1616,.T.);
#1066=FACE_OUTER_BOUND('',#1617,.T.);
#1067=FACE_OUTER_BOUND('',#1618,.T.);
#1068=FACE_OUTER_BOUND('',#1619,.T.);
#1069=FACE_OUTER_BOUND('',#1620,.T.);
#1070=FACE_OUTER_BOUND('',#1621,.T.);
#1071=FACE_OUTER_BOUND('',#1622,.T.);
#1072=FACE_OUTER_BOUND('',#1623,.T.);
#1073=FACE_OUTER_BOUND('',#1624,.T.);
#1074=FACE_OUTER_BOUND('',#1625,.T.);
#1075=FACE_OUTER_BOUND('',#1626,.T.);
#1076=FACE_OUTER_BOUND('',#1627,.T.);
#1077=FACE_OUTER_BOUND('',#1628,.T.);
#1078=FACE_OUTER_BOUND('',#1629,.T.);
#1079=FACE_OUTER_BOUND('',#1630,.T.);
#1080=FACE_OUTER_BOUND('',#1631,.T.);
#1081=FACE_OUTER_BOUND('',#1632,.T.);
#1082=FACE_OUTER_BOUND('',#1633,.T.);
#1083=FACE_OUTER_BOUND('',#1634,.T.);
#1084=FACE_OUTER_BOUND('',#1635,.T.);
#1085=FACE_OUTER_BOUND('',#1636,.T.);
#1086=FACE_OUTER_BOUND('',#1637,.T.);
#1087=FACE_OUTER_BOUND('',#1638,.T.);
#1088=FACE_OUTER_BOUND('',#1639,.T.);
#1089=FACE_OUTER_BOUND('',#1640,.T.);
#1090=FACE_OUTER_BOUND('',#1641,.T.);
#1091=FACE_OUTER_BOUND('',#1642,.T.);
#1092=FACE_OUTER_BOUND('',#1643,.T.);
#1093=FACE_OUTER_BOUND('',#1644,.T.);
#1094=FACE_OUTER_BOUND('',#1645,.T.);
#1095=FACE_OUTER_BOUND('',#1646,.T.);
#1096=FACE_OUTER_BOUND('',#1647,.T.);
#1097=FACE_OUTER_BOUND('',#1648,.T.);
#1098=FACE_OUTER_BOUND('',#1649,.T.);
#1099=FACE_OUTER_BOUND('',#1650,.T.);
#1100=FACE_OUTER_BOUND('',#1651,.T.);
#1101=FACE_OUTER_BOUND('',#1652,.T.);
#1102=FACE_OUTER_BOUND('',#1653,.T.);
#1103=FACE_OUTER_BOUND('',#1654,.T.);
#1104=FACE_OUTER_BOUND('',#1655,.T.);
#1105=FACE_OUTER_BOUND('',#1656,.T.);
#1106=FACE_OUTER_BOUND('',#1657,.T.);
#1107=FACE_OUTER_BOUND('',#1658,.T.);
#1108=FACE_OUTER_BOUND('',#1659,.T.);
#1109=FACE_OUTER_BOUND('',#1660,.T.);
#1110=FACE_OUTER_BOUND('',#1661,.T.);
#1111=FACE_OUTER_BOUND('',#1662,.T.);
#1112=FACE_OUTER_BOUND('',#1663,.T.);
#1113=FACE_OUTER_BOUND('',#1664,.T.);
#1114=FACE_OUTER_BOUND('',#1665,.T.);
#1115=FACE_OUTER_BOUND('',#1666,.T.);
#1116=FACE_OUTER_BOUND('',#1672,.T.);
#1117=FACE_OUTER_BOUND('',#1674,.T.);
#1118=FACE_OUTER_BOUND('',#1675,.T.);
#1119=FACE_OUTER_BOUND('',#1677,.T.);
#1120=FACE_OUTER_BOUND('',#1678,.T.);
#1121=FACE_OUTER_BOUND('',#1679,.T.);
#1122=FACE_OUTER_BOUND('',#1681,.T.);
#1123=FACE_OUTER_BOUND('',#1682,.T.);
#1124=FACE_OUTER_BOUND('',#1684,.T.);
#1125=FACE_OUTER_BOUND('',#1685,.T.);
#1126=FACE_OUTER_BOUND('',#1686,.T.);
#1127=FACE_OUTER_BOUND('',#1688,.T.);
#1128=FACE_OUTER_BOUND('',#1689,.T.);
#1129=FACE_OUTER_BOUND('',#1691,.T.);
#1130=FACE_OUTER_BOUND('',#1692,.T.);
#1131=FACE_OUTER_BOUND('',#1693,.T.);
#1132=FACE_OUTER_BOUND('',#1694,.T.);
#1133=FACE_OUTER_BOUND('',#1695,.T.);
#1134=FACE_OUTER_BOUND('',#1696,.T.);
#1135=FACE_OUTER_BOUND('',#1697,.T.);
#1136=FACE_OUTER_BOUND('',#1698,.T.);
#1137=FACE_OUTER_BOUND('',#1699,.T.);
#1138=FACE_OUTER_BOUND('',#1700,.T.);
#1139=FACE_OUTER_BOUND('',#1702,.T.);
#1140=FACE_OUTER_BOUND('',#1703,.T.);
#1141=FACE_OUTER_BOUND('',#1705,.T.);
#1142=FACE_OUTER_BOUND('',#1706,.T.);
#1143=FACE_OUTER_BOUND('',#1708,.T.);
#1144=FACE_OUTER_BOUND('',#1709,.T.);
#1145=FACE_OUTER_BOUND('',#1710,.T.);
#1146=FACE_OUTER_BOUND('',#1711,.T.);
#1147=FACE_OUTER_BOUND('',#1712,.T.);
#1148=FACE_OUTER_BOUND('',#1713,.T.);
#1149=FACE_OUTER_BOUND('',#1714,.T.);
#1150=FACE_OUTER_BOUND('',#1715,.T.);
#1151=FACE_OUTER_BOUND('',#1716,.T.);
#1152=FACE_OUTER_BOUND('',#1717,.T.);
#1153=FACE_OUTER_BOUND('',#1718,.T.);
#1154=FACE_OUTER_BOUND('',#1719,.T.);
#1155=FACE_OUTER_BOUND('',#1720,.T.);
#1156=FACE_OUTER_BOUND('',#1721,.T.);
#1157=FACE_OUTER_BOUND('',#1722,.T.);
#1158=FACE_OUTER_BOUND('',#1723,.T.);
#1159=FACE_OUTER_BOUND('',#1724,.T.);
#1160=FACE_OUTER_BOUND('',#1725,.T.);
#1161=FACE_OUTER_BOUND('',#1726,.T.);
#1162=FACE_OUTER_BOUND('',#1727,.T.);
#1163=FACE_OUTER_BOUND('',#1728,.T.);
#1164=FACE_OUTER_BOUND('',#1729,.T.);
#1165=FACE_OUTER_BOUND('',#1730,.T.);
#1166=FACE_OUTER_BOUND('',#1731,.T.);
#1167=FACE_OUTER_BOUND('',#1732,.T.);
#1168=FACE_OUTER_BOUND('',#1733,.T.);
#1169=FACE_OUTER_BOUND('',#1734,.T.);
#1170=FACE_OUTER_BOUND('',#1735,.T.);
#1171=FACE_OUTER_BOUND('',#1736,.T.);
#1172=FACE_OUTER_BOUND('',#1737,.T.);
#1173=FACE_OUTER_BOUND('',#1738,.T.);
#1174=FACE_OUTER_BOUND('',#1739,.T.);
#1175=FACE_OUTER_BOUND('',#1740,.T.);
#1176=FACE_OUTER_BOUND('',#1741,.T.);
#1177=FACE_OUTER_BOUND('',#1742,.T.);
#1178=FACE_OUTER_BOUND('',#1743,.T.);
#1179=FACE_OUTER_BOUND('',#1744,.T.);
#1180=FACE_OUTER_BOUND('',#1745,.T.);
#1181=FACE_OUTER_BOUND('',#1746,.T.);
#1182=FACE_OUTER_BOUND('',#1751,.T.);
#1183=FACE_OUTER_BOUND('',#1752,.T.);
#1184=FACE_OUTER_BOUND('',#1753,.T.);
#1185=FACE_OUTER_BOUND('',#1754,.T.);
#1186=FACE_OUTER_BOUND('',#1755,.T.);
#1187=FACE_OUTER_BOUND('',#1756,.T.);
#1188=FACE_OUTER_BOUND('',#1757,.T.);
#1189=FACE_OUTER_BOUND('',#1758,.T.);
#1190=FACE_OUTER_BOUND('',#1759,.T.);
#1191=FACE_OUTER_BOUND('',#1760,.T.);
#1192=FACE_OUTER_BOUND('',#1761,.T.);
#1193=FACE_OUTER_BOUND('',#1762,.T.);
#1194=FACE_OUTER_BOUND('',#1763,.T.);
#1195=FACE_OUTER_BOUND('',#1764,.T.);
#1196=FACE_OUTER_BOUND('',#1765,.T.);
#1197=FACE_OUTER_BOUND('',#1766,.T.);
#1198=FACE_OUTER_BOUND('',#1767,.T.);
#1199=FACE_OUTER_BOUND('',#1768,.T.);
#1200=FACE_OUTER_BOUND('',#1769,.T.);
#1201=FACE_OUTER_BOUND('',#1770,.T.);
#1202=FACE_OUTER_BOUND('',#1771,.T.);
#1203=FACE_OUTER_BOUND('',#1774,.T.);
#1204=FACE_OUTER_BOUND('',#1775,.T.);
#1205=FACE_OUTER_BOUND('',#1776,.T.);
#1206=FACE_OUTER_BOUND('',#1778,.T.);
#1207=FACE_OUTER_BOUND('',#1779,.T.);
#1208=FACE_OUTER_BOUND('',#1781,.T.);
#1209=FACE_OUTER_BOUND('',#1782,.T.);
#1210=FACE_OUTER_BOUND('',#1784,.T.);
#1211=FACE_OUTER_BOUND('',#1785,.T.);
#1212=FACE_OUTER_BOUND('',#1786,.T.);
#1213=FACE_OUTER_BOUND('',#1787,.T.);
#1214=FACE_OUTER_BOUND('',#1788,.T.);
#1215=FACE_OUTER_BOUND('',#1790,.T.);
#1216=FACE_OUTER_BOUND('',#1791,.T.);
#1217=FACE_OUTER_BOUND('',#1793,.T.);
#1218=FACE_OUTER_BOUND('',#1794,.T.);
#1219=FACE_OUTER_BOUND('',#1796,.T.);
#1220=FACE_OUTER_BOUND('',#1797,.T.);
#1221=EDGE_LOOP('',(#5455,#5456,#5457,#5458));
#1222=EDGE_LOOP('',(#5459,#5460,#5461,#5462));
#1223=EDGE_LOOP('',(#5463,#5464,#5465,#5466));
#1224=EDGE_LOOP('',(#5467,#5468,#5469,#5470));
#1225=EDGE_LOOP('',(#5471,#5472,#5473,#5474));
#1226=EDGE_LOOP('',(#5475,#5476,#5477,#5478,#5479,#5480,#5481,#5482));
#1227=EDGE_LOOP('',(#5483,#5484,#5485,#5486));
#1228=EDGE_LOOP('',(#5487,#5488,#5489,#5490));
#1229=EDGE_LOOP('',(#5491,#5492,#5493,#5494));
#1230=EDGE_LOOP('',(#5495,#5496,#5497,#5498));
#1231=EDGE_LOOP('',(#5499,#5500,#5501,#5502));
#1232=EDGE_LOOP('',(#5503,#5504,#5505,#5506));
#1233=EDGE_LOOP('',(#5507,#5508,#5509,#5510));
#1234=EDGE_LOOP('',(#5511,#5512,#5513,#5514));
#1235=EDGE_LOOP('',(#5515,#5516,#5517,#5518));
#1236=EDGE_LOOP('',(#5519,#5520,#5521,#5522));
#1237=EDGE_LOOP('',(#5523,#5524,#5525,#5526));
#1238=EDGE_LOOP('',(#5527,#5528,#5529,#5530));
#1239=EDGE_LOOP('',(#5531,#5532,#5533,#5534));
#1240=EDGE_LOOP('',(#5535,#5536,#5537,#5538));
#1241=EDGE_LOOP('',(#5539,#5540,#5541,#5542));
#1242=EDGE_LOOP('',(#5543,#5544,#5545,#5546));
#1243=EDGE_LOOP('',(#5547,#5548,#5549,#5550));
#1244=EDGE_LOOP('',(#5551,#5552,#5553,#5554));
#1245=EDGE_LOOP('',(#5555,#5556,#5557,#5558));
#1246=EDGE_LOOP('',(#5559,#5560,#5561,#5562));
#1247=EDGE_LOOP('',(#5563,#5564,#5565,#5566));
#1248=EDGE_LOOP('',(#5567,#5568,#5569,#5570));
#1249=EDGE_LOOP('',(#5571,#5572,#5573,#5574));
#1250=EDGE_LOOP('',(#5575,#5576,#5577,#5578));
#1251=EDGE_LOOP('',(#5579,#5580,#5581,#5582));
#1252=EDGE_LOOP('',(#5583,#5584,#5585,#5586,#5587,#5588,#5589,#5590));
#1253=EDGE_LOOP('',(#5591,#5592,#5593,#5594));
#1254=EDGE_LOOP('',(#5595,#5596,#5597,#5598));
#1255=EDGE_LOOP('',(#5599,#5600,#5601,#5602));
#1256=EDGE_LOOP('',(#5603,#5604,#5605,#5606));
#1257=EDGE_LOOP('',(#5607,#5608,#5609,#5610));
#1258=EDGE_LOOP('',(#5611,#5612,#5613,#5614));
#1259=EDGE_LOOP('',(#5615,#5616,#5617,#5618));
#1260=EDGE_LOOP('',(#5619,#5620,#5621,#5622));
#1261=EDGE_LOOP('',(#5623,#5624,#5625,#5626));
#1262=EDGE_LOOP('',(#5627,#5628,#5629,#5630));
#1263=EDGE_LOOP('',(#5631,#5632,#5633,#5634));
#1264=EDGE_LOOP('',(#5635,#5636,#5637,#5638));
#1265=EDGE_LOOP('',(#5639,#5640,#5641,#5642));
#1266=EDGE_LOOP('',(#5643,#5644,#5645,#5646));
#1267=EDGE_LOOP('',(#5647,#5648,#5649,#5650));
#1268=EDGE_LOOP('',(#5651,#5652,#5653,#5654));
#1269=EDGE_LOOP('',(#5655,#5656,#5657,#5658));
#1270=EDGE_LOOP('',(#5659,#5660,#5661,#5662));
#1271=EDGE_LOOP('',(#5663,#5664,#5665,#5666));
#1272=EDGE_LOOP('',(#5667,#5668,#5669,#5670));
#1273=EDGE_LOOP('',(#5671,#5672,#5673,#5674));
#1274=EDGE_LOOP('',(#5675,#5676,#5677,#5678));
#1275=EDGE_LOOP('',(#5679,#5680,#5681,#5682));
#1276=EDGE_LOOP('',(#5683,#5684,#5685,#5686,#5687,#5688,#5689,#5690,#5691,
#5692,#5693,#5694,#5695,#5696,#5697,#5698,#5699,#5700,#5701,#5702,#5703,
#5704));
#1277=EDGE_LOOP('',(#5705,#5706,#5707,#5708,#5709,#5710,#5711,#5712));
#1278=EDGE_LOOP('',(#5713,#5714,#5715,#5716,#5717,#5718,#5719,#5720));
#1279=EDGE_LOOP('',(#5721,#5722,#5723,#5724,#5725,#5726,#5727,#5728,#5729,
#5730,#5731,#5732,#5733,#5734,#5735,#5736,#5737,#5738,#5739,#5740,#5741,
#5742));
#1280=EDGE_LOOP('',(#5743,#5744,#5745,#5746,#5747,#5748,#5749,#5750));
#1281=EDGE_LOOP('',(#5751,#5752,#5753,#5754,#5755,#5756,#5757,#5758));
#1282=EDGE_LOOP('',(#5759,#5760,#5761,#5762,#5763,#5764,#5765,#5766));
#1283=EDGE_LOOP('',(#5767,#5768,#5769,#5770,#5771,#5772,#5773,#5774));
#1284=EDGE_LOOP('',(#5775,#5776,#5777,#5778));
#1285=EDGE_LOOP('',(#5779,#5780,#5781,#5782));
#1286=EDGE_LOOP('',(#5783,#5784,#5785,#5786));
#1287=EDGE_LOOP('',(#5787,#5788,#5789,#5790));
#1288=EDGE_LOOP('',(#5791,#5792,#5793,#5794));
#1289=EDGE_LOOP('',(#5795,#5796,#5797,#5798));
#1290=EDGE_LOOP('',(#5799,#5800,#5801,#5802,#5803,#5804,#5805,#5806));
#1291=EDGE_LOOP('',(#5807,#5808,#5809,#5810));
#1292=EDGE_LOOP('',(#5811,#5812,#5813,#5814));
#1293=EDGE_LOOP('',(#5815,#5816,#5817,#5818));
#1294=EDGE_LOOP('',(#5819,#5820,#5821,#5822));
#1295=EDGE_LOOP('',(#5823,#5824,#5825,#5826));
#1296=EDGE_LOOP('',(#5827,#5828,#5829,#5830));
#1297=EDGE_LOOP('',(#5831,#5832,#5833,#5834));
#1298=EDGE_LOOP('',(#5835,#5836,#5837,#5838));
#1299=EDGE_LOOP('',(#5839,#5840,#5841,#5842));
#1300=EDGE_LOOP('',(#5843,#5844,#5845,#5846));
#1301=EDGE_LOOP('',(#5847,#5848,#5849,#5850));
#1302=EDGE_LOOP('',(#5851,#5852,#5853,#5854));
#1303=EDGE_LOOP('',(#5855,#5856,#5857,#5858));
#1304=EDGE_LOOP('',(#5859,#5860,#5861,#5862));
#1305=EDGE_LOOP('',(#5863,#5864,#5865,#5866));
#1306=EDGE_LOOP('',(#5867,#5868,#5869,#5870));
#1307=EDGE_LOOP('',(#5871,#5872,#5873,#5874));
#1308=EDGE_LOOP('',(#5875,#5876,#5877,#5878));
#1309=EDGE_LOOP('',(#5879,#5880,#5881,#5882,#5883,#5884,#5885,#5886));
#1310=EDGE_LOOP('',(#5887,#5888,#5889,#5890));
#1311=EDGE_LOOP('',(#5891,#5892,#5893,#5894));
#1312=EDGE_LOOP('',(#5895,#5896,#5897,#5898));
#1313=EDGE_LOOP('',(#5899,#5900,#5901,#5902));
#1314=EDGE_LOOP('',(#5903,#5904,#5905,#5906));
#1315=EDGE_LOOP('',(#5907,#5908,#5909,#5910));
#1316=EDGE_LOOP('',(#5911,#5912,#5913,#5914));
#1317=EDGE_LOOP('',(#5915,#5916,#5917,#5918));
#1318=EDGE_LOOP('',(#5919,#5920,#5921,#5922));
#1319=EDGE_LOOP('',(#5923,#5924,#5925,#5926));
#1320=EDGE_LOOP('',(#5927,#5928,#5929,#5930));
#1321=EDGE_LOOP('',(#5931,#5932,#5933,#5934));
#1322=EDGE_LOOP('',(#5935,#5936,#5937,#5938));
#1323=EDGE_LOOP('',(#5939,#5940,#5941,#5942));
#1324=EDGE_LOOP('',(#5943,#5944,#5945,#5946,#5947,#5948,#5949,#5950,#5951,
#5952,#5953,#5954,#5955,#5956,#5957,#5958,#5959,#5960,#5961,#5962,#5963,
#5964));
#1325=EDGE_LOOP('',(#5965,#5966,#5967,#5968,#5969,#5970,#5971,#5972));
#1326=EDGE_LOOP('',(#5973,#5974,#5975,#5976,#5977,#5978,#5979,#5980));
#1327=EDGE_LOOP('',(#5981,#5982,#5983,#5984,#5985,#5986,#5987,#5988));
#1328=EDGE_LOOP('',(#5989,#5990,#5991,#5992,#5993,#5994,#5995,#5996));
#1329=EDGE_LOOP('',(#5997,#5998,#5999,#6000));
#1330=EDGE_LOOP('',(#6001,#6002,#6003,#6004,#6005,#6006,#6007,#6008,#6009,
#6010));
#1331=EDGE_LOOP('',(#6011));
#1332=EDGE_LOOP('',(#6012));
#1333=EDGE_LOOP('',(#6013,#6014,#6015,#6016,#6017,#6018,#6019,#6020,#6021,
#6022,#6023,#6024,#6025,#6026,#6027));
#1334=EDGE_LOOP('',(#6028));
#1335=EDGE_LOOP('',(#6029));
#1336=EDGE_LOOP('',(#6030,#6031,#6032,#6033,#6034,#6035,#6036,#6037,#6038,
#6039));
#1337=EDGE_LOOP('',(#6040));
#1338=EDGE_LOOP('',(#6041));
#1339=EDGE_LOOP('',(#6042,#6043,#6044,#6045,#6046,#6047,#6048,#6049,#6050,
#6051));
#1340=EDGE_LOOP('',(#6052,#6053,#6054,#6055,#6056,#6057,#6058,#6059,#6060,
#6061,#6062,#6063,#6064,#6065,#6066));
#1341=EDGE_LOOP('',(#6067,#6068,#6069,#6070,#6071,#6072,#6073,#6074,#6075,
#6076));
#1342=EDGE_LOOP('',(#6077,#6078,#6079,#6080,#6081,#6082,#6083,#6084,#6085,
#6086,#6087,#6088,#6089,#6090,#6091,#6092,#6093,#6094,#6095,#6096,#6097,
#6098,#6099,#6100,#6101,#6102,#6103,#6104,#6105,#6106,#6107,#6108,#6109,
#6110,#6111,#6112,#6113,#6114,#6115,#6116,#6117,#6118,#6119,#6120,#6121,
#6122,#6123,#6124,#6125,#6126,#6127,#6128,#6129,#6130,#6131,#6132,#6133,
#6134,#6135,#6136,#6137,#6138));
#1343=EDGE_LOOP('',(#6139,#6140,#6141,#6142,#6143,#6144,#6145,#6146));
#1344=EDGE_LOOP('',(#6147));
#1345=EDGE_LOOP('',(#6148));
#1346=EDGE_LOOP('',(#6149));
#1347=EDGE_LOOP('',(#6150,#6151,#6152,#6153,#6154,#6155,#6156,#6157));
#1348=EDGE_LOOP('',(#6158));
#1349=EDGE_LOOP('',(#6159));
#1350=EDGE_LOOP('',(#6160));
#1351=EDGE_LOOP('',(#6161,#6162,#6163,#6164));
#1352=EDGE_LOOP('',(#6165,#6166,#6167,#6168,#6169,#6170,#6171,#6172));
#1353=EDGE_LOOP('',(#6173,#6174,#6175,#6176));
#1354=EDGE_LOOP('',(#6177,#6178,#6179,#6180));
#1355=EDGE_LOOP('',(#6181));
#1356=EDGE_LOOP('',(#6182));
#1357=EDGE_LOOP('',(#6183,#6184,#6185,#6186));
#1358=EDGE_LOOP('',(#6187));
#1359=EDGE_LOOP('',(#6188));
#1360=EDGE_LOOP('',(#6189,#6190,#6191,#6192));
#1361=EDGE_LOOP('',(#6193,#6194,#6195,#6196));
#1362=EDGE_LOOP('',(#6197,#6198,#6199,#6200));
#1363=EDGE_LOOP('',(#6201));
#1364=EDGE_LOOP('',(#6202));
#1365=EDGE_LOOP('',(#6203,#6204,#6205,#6206));
#1366=EDGE_LOOP('',(#6207));
#1367=EDGE_LOOP('',(#6208));
#1368=EDGE_LOOP('',(#6209,#6210,#6211,#6212));
#1369=EDGE_LOOP('',(#6213));
#1370=EDGE_LOOP('',(#6214));
#1371=EDGE_LOOP('',(#6215,#6216,#6217,#6218));
#1372=EDGE_LOOP('',(#6219,#6220,#6221,#6222));
#1373=EDGE_LOOP('',(#6223));
#1374=EDGE_LOOP('',(#6224));
#1375=EDGE_LOOP('',(#6225,#6226,#6227,#6228));
#1376=EDGE_LOOP('',(#6229,#6230,#6231,#6232));
#1377=EDGE_LOOP('',(#6233,#6234,#6235,#6236));
#1378=EDGE_LOOP('',(#6237,#6238,#6239,#6240));
#1379=EDGE_LOOP('',(#6241,#6242,#6243,#6244));
#1380=EDGE_LOOP('',(#6245,#6246,#6247,#6248));
#1381=EDGE_LOOP('',(#6249,#6250,#6251,#6252));
#1382=EDGE_LOOP('',(#6253,#6254,#6255,#6256));
#1383=EDGE_LOOP('',(#6257,#6258,#6259,#6260));
#1384=EDGE_LOOP('',(#6261,#6262,#6263,#6264,#6265,#6266));
#1385=EDGE_LOOP('',(#6267,#6268,#6269,#6270));
#1386=EDGE_LOOP('',(#6271,#6272,#6273,#6274,#6275,#6276));
#1387=EDGE_LOOP('',(#6277,#6278,#6279,#6280));
#1388=EDGE_LOOP('',(#6281,#6282,#6283,#6284));
#1389=EDGE_LOOP('',(#6285,#6286,#6287,#6288));
#1390=EDGE_LOOP('',(#6289,#6290,#6291,#6292));
#1391=EDGE_LOOP('',(#6293,#6294,#6295,#6296));
#1392=EDGE_LOOP('',(#6297,#6298,#6299,#6300));
#1393=EDGE_LOOP('',(#6301,#6302,#6303,#6304));
#1394=EDGE_LOOP('',(#6305,#6306,#6307,#6308));
#1395=EDGE_LOOP('',(#6309,#6310,#6311,#6312,#6313,#6314));
#1396=EDGE_LOOP('',(#6315,#6316,#6317,#6318));
#1397=EDGE_LOOP('',(#6319,#6320,#6321,#6322,#6323,#6324));
#1398=EDGE_LOOP('',(#6325,#6326,#6327,#6328));
#1399=EDGE_LOOP('',(#6329,#6330,#6331,#6332));
#1400=EDGE_LOOP('',(#6333,#6334,#6335,#6336));
#1401=EDGE_LOOP('',(#6337,#6338,#6339,#6340));
#1402=EDGE_LOOP('',(#6341,#6342,#6343,#6344));
#1403=EDGE_LOOP('',(#6345,#6346,#6347,#6348));
#1404=EDGE_LOOP('',(#6349,#6350,#6351,#6352));
#1405=EDGE_LOOP('',(#6353,#6354,#6355,#6356));
#1406=EDGE_LOOP('',(#6357,#6358,#6359,#6360));
#1407=EDGE_LOOP('',(#6361,#6362,#6363,#6364));
#1408=EDGE_LOOP('',(#6365,#6366,#6367,#6368));
#1409=EDGE_LOOP('',(#6369,#6370,#6371,#6372));
#1410=EDGE_LOOP('',(#6373,#6374,#6375,#6376));
#1411=EDGE_LOOP('',(#6377,#6378,#6379,#6380));
#1412=EDGE_LOOP('',(#6381,#6382,#6383,#6384));
#1413=EDGE_LOOP('',(#6385,#6386,#6387,#6388));
#1414=EDGE_LOOP('',(#6389,#6390,#6391,#6392));
#1415=EDGE_LOOP('',(#6393,#6394,#6395,#6396));
#1416=EDGE_LOOP('',(#6397,#6398,#6399,#6400));
#1417=EDGE_LOOP('',(#6401,#6402,#6403,#6404,#6405,#6406));
#1418=EDGE_LOOP('',(#6407,#6408,#6409,#6410));
#1419=EDGE_LOOP('',(#6411,#6412,#6413,#6414,#6415,#6416));
#1420=EDGE_LOOP('',(#6417,#6418,#6419,#6420));
#1421=EDGE_LOOP('',(#6421,#6422,#6423,#6424,#6425,#6426,#6427));
#1422=EDGE_LOOP('',(#6428,#6429,#6430,#6431));
#1423=EDGE_LOOP('',(#6432,#6433,#6434,#6435));
#1424=EDGE_LOOP('',(#6436,#6437,#6438,#6439,#6440,#6441,#6442));
#1425=EDGE_LOOP('',(#6443,#6444,#6445,#6446));
#1426=EDGE_LOOP('',(#6447,#6448,#6449,#6450,#6451,#6452,#6453));
#1427=EDGE_LOOP('',(#6454,#6455,#6456,#6457));
#1428=EDGE_LOOP('',(#6458,#6459,#6460,#6461));
#1429=EDGE_LOOP('',(#6462,#6463,#6464,#6465));
#1430=EDGE_LOOP('',(#6466,#6467,#6468,#6469));
#1431=EDGE_LOOP('',(#6470,#6471,#6472,#6473));
#1432=EDGE_LOOP('',(#6474,#6475,#6476,#6477));
#1433=EDGE_LOOP('',(#6478,#6479,#6480,#6481));
#1434=EDGE_LOOP('',(#6482,#6483,#6484,#6485));
#1435=EDGE_LOOP('',(#6486,#6487,#6488,#6489));
#1436=EDGE_LOOP('',(#6490,#6491,#6492,#6493));
#1437=EDGE_LOOP('',(#6494,#6495,#6496,#6497));
#1438=EDGE_LOOP('',(#6498,#6499,#6500,#6501));
#1439=EDGE_LOOP('',(#6502,#6503,#6504,#6505));
#1440=EDGE_LOOP('',(#6506,#6507,#6508,#6509));
#1441=EDGE_LOOP('',(#6510,#6511,#6512,#6513));
#1442=EDGE_LOOP('',(#6514,#6515,#6516,#6517));
#1443=EDGE_LOOP('',(#6518,#6519,#6520,#6521));
#1444=EDGE_LOOP('',(#6522,#6523,#6524,#6525));
#1445=EDGE_LOOP('',(#6526,#6527,#6528,#6529));
#1446=EDGE_LOOP('',(#6530,#6531,#6532,#6533));
#1447=EDGE_LOOP('',(#6534,#6535,#6536,#6537));
#1448=EDGE_LOOP('',(#6538,#6539,#6540,#6541));
#1449=EDGE_LOOP('',(#6542,#6543,#6544,#6545));
#1450=EDGE_LOOP('',(#6546,#6547,#6548,#6549,#6550,#6551,#6552,#6553));
#1451=EDGE_LOOP('',(#6554,#6555,#6556,#6557));
#1452=EDGE_LOOP('',(#6558,#6559,#6560,#6561));
#1453=EDGE_LOOP('',(#6562,#6563,#6564,#6565));
#1454=EDGE_LOOP('',(#6566,#6567,#6568,#6569));
#1455=EDGE_LOOP('',(#6570,#6571,#6572,#6573));
#1456=EDGE_LOOP('',(#6574,#6575,#6576,#6577));
#1457=EDGE_LOOP('',(#6578,#6579,#6580,#6581));
#1458=EDGE_LOOP('',(#6582,#6583,#6584,#6585));
#1459=EDGE_LOOP('',(#6586,#6587,#6588,#6589));
#1460=EDGE_LOOP('',(#6590,#6591,#6592,#6593,#6594,#6595));
#1461=EDGE_LOOP('',(#6596,#6597,#6598,#6599));
#1462=EDGE_LOOP('',(#6600));
#1463=EDGE_LOOP('',(#6601));
#1464=EDGE_LOOP('',(#6602,#6603,#6604,#6605));
#1465=EDGE_LOOP('',(#6606));
#1466=EDGE_LOOP('',(#6607));
#1467=EDGE_LOOP('',(#6608,#6609,#6610,#6611));
#1468=EDGE_LOOP('',(#6612,#6613,#6614,#6615));
#1469=EDGE_LOOP('',(#6616));
#1470=EDGE_LOOP('',(#6617));
#1471=EDGE_LOOP('',(#6618,#6619,#6620,#6621));
#1472=EDGE_LOOP('',(#6622));
#1473=EDGE_LOOP('',(#6623));
#1474=EDGE_LOOP('',(#6624,#6625,#6626,#6627));
#1475=EDGE_LOOP('',(#6628,#6629,#6630,#6631));
#1476=EDGE_LOOP('',(#6632));
#1477=EDGE_LOOP('',(#6633));
#1478=EDGE_LOOP('',(#6634,#6635,#6636,#6637));
#1479=EDGE_LOOP('',(#6638));
#1480=EDGE_LOOP('',(#6639));
#1481=EDGE_LOOP('',(#6640,#6641,#6642,#6643));
#1482=EDGE_LOOP('',(#6644,#6645,#6646,#6647));
#1483=EDGE_LOOP('',(#6648,#6649,#6650,#6651,#6652,#6653,#6654));
#1484=EDGE_LOOP('',(#6655,#6656,#6657,#6658,#6659,#6660,#6661));
#1485=EDGE_LOOP('',(#6662,#6663,#6664,#6665,#6666,#6667,#6668));
#1486=EDGE_LOOP('',(#6669,#6670,#6671,#6672,#6673,#6674));
#1487=EDGE_LOOP('',(#6675));
#1488=EDGE_LOOP('',(#6676,#6677,#6678,#6679));
#1489=EDGE_LOOP('',(#6680));
#1490=EDGE_LOOP('',(#6681));
#1491=EDGE_LOOP('',(#6682,#6683,#6684,#6685));
#1492=EDGE_LOOP('',(#6686));
#1493=EDGE_LOOP('',(#6687));
#1494=EDGE_LOOP('',(#6688,#6689,#6690,#6691));
#1495=EDGE_LOOP('',(#6692));
#1496=EDGE_LOOP('',(#6693));
#1497=EDGE_LOOP('',(#6694,#6695,#6696,#6697));
#1498=EDGE_LOOP('',(#6698));
#1499=EDGE_LOOP('',(#6699));
#1500=EDGE_LOOP('',(#6700,#6701,#6702,#6703));
#1501=EDGE_LOOP('',(#6704));
#1502=EDGE_LOOP('',(#6705));
#1503=EDGE_LOOP('',(#6706,#6707,#6708,#6709));
#1504=EDGE_LOOP('',(#6710));
#1505=EDGE_LOOP('',(#6711));
#1506=EDGE_LOOP('',(#6712,#6713,#6714,#6715));
#1507=EDGE_LOOP('',(#6716));
#1508=EDGE_LOOP('',(#6717));
#1509=EDGE_LOOP('',(#6718,#6719,#6720,#6721));
#1510=EDGE_LOOP('',(#6722));
#1511=EDGE_LOOP('',(#6723));
#1512=EDGE_LOOP('',(#6724,#6725,#6726,#6727));
#1513=EDGE_LOOP('',(#6728));
#1514=EDGE_LOOP('',(#6729));
#1515=EDGE_LOOP('',(#6730,#6731,#6732,#6733));
#1516=EDGE_LOOP('',(#6734));
#1517=EDGE_LOOP('',(#6735));
#1518=EDGE_LOOP('',(#6736,#6737,#6738,#6739));
#1519=EDGE_LOOP('',(#6740));
#1520=EDGE_LOOP('',(#6741));
#1521=EDGE_LOOP('',(#6742,#6743,#6744,#6745));
#1522=EDGE_LOOP('',(#6746));
#1523=EDGE_LOOP('',(#6747));
#1524=EDGE_LOOP('',(#6748,#6749,#6750,#6751));
#1525=EDGE_LOOP('',(#6752));
#1526=EDGE_LOOP('',(#6753));
#1527=EDGE_LOOP('',(#6754,#6755,#6756,#6757));
#1528=EDGE_LOOP('',(#6758));
#1529=EDGE_LOOP('',(#6759));
#1530=EDGE_LOOP('',(#6760,#6761,#6762,#6763));
#1531=EDGE_LOOP('',(#6764));
#1532=EDGE_LOOP('',(#6765));
#1533=EDGE_LOOP('',(#6766,#6767,#6768,#6769));
#1534=EDGE_LOOP('',(#6770));
#1535=EDGE_LOOP('',(#6771));
#1536=EDGE_LOOP('',(#6772,#6773,#6774,#6775));
#1537=EDGE_LOOP('',(#6776));
#1538=EDGE_LOOP('',(#6777));
#1539=EDGE_LOOP('',(#6778,#6779,#6780,#6781));
#1540=EDGE_LOOP('',(#6782));
#1541=EDGE_LOOP('',(#6783));
#1542=EDGE_LOOP('',(#6784,#6785,#6786,#6787));
#1543=EDGE_LOOP('',(#6788));
#1544=EDGE_LOOP('',(#6789));
#1545=EDGE_LOOP('',(#6790,#6791,#6792,#6793));
#1546=EDGE_LOOP('',(#6794));
#1547=EDGE_LOOP('',(#6795));
#1548=EDGE_LOOP('',(#6796,#6797,#6798,#6799));
#1549=EDGE_LOOP('',(#6800));
#1550=EDGE_LOOP('',(#6801));
#1551=EDGE_LOOP('',(#6802,#6803,#6804,#6805));
#1552=EDGE_LOOP('',(#6806));
#1553=EDGE_LOOP('',(#6807));
#1554=EDGE_LOOP('',(#6808,#6809,#6810,#6811));
#1555=EDGE_LOOP('',(#6812));
#1556=EDGE_LOOP('',(#6813));
#1557=EDGE_LOOP('',(#6814,#6815,#6816,#6817));
#1558=EDGE_LOOP('',(#6818));
#1559=EDGE_LOOP('',(#6819,#6820,#6821,#6822));
#1560=EDGE_LOOP('',(#6823,#6824,#6825,#6826));
#1561=EDGE_LOOP('',(#6827,#6828,#6829,#6830));
#1562=EDGE_LOOP('',(#6831,#6832,#6833,#6834));
#1563=EDGE_LOOP('',(#6835,#6836,#6837,#6838));
#1564=EDGE_LOOP('',(#6839,#6840,#6841,#6842));
#1565=EDGE_LOOP('',(#6843,#6844,#6845,#6846));
#1566=EDGE_LOOP('',(#6847,#6848,#6849,#6850));
#1567=EDGE_LOOP('',(#6851,#6852,#6853,#6854));
#1568=EDGE_LOOP('',(#6855,#6856,#6857,#6858));
#1569=EDGE_LOOP('',(#6859,#6860,#6861,#6862));
#1570=EDGE_LOOP('',(#6863,#6864,#6865,#6866));
#1571=EDGE_LOOP('',(#6867,#6868,#6869,#6870,#6871,#6872,#6873,#6874,#6875,
#6876,#6877,#6878,#6879,#6880,#6881,#6882,#6883,#6884,#6885,#6886,#6887,
#6888,#6889,#6890,#6891,#6892,#6893,#6894,#6895,#6896,#6897,#6898,#6899,
#6900,#6901,#6902,#6903,#6904,#6905,#6906,#6907,#6908,#6909,#6910,#6911,
#6912,#6913,#6914,#6915,#6916,#6917,#6918,#6919,#6920,#6921,#6922,#6923,
#6924,#6925,#6926,#6927,#6928,#6929,#6930,#6931,#6932,#6933,#6934,#6935,
#6936,#6937,#6938,#6939,#6940));
#1572=EDGE_LOOP('',(#6941,#6942,#6943,#6944,#6945,#6946,#6947,#6948));
#1573=EDGE_LOOP('',(#6949));
#1574=EDGE_LOOP('',(#6950));
#1575=EDGE_LOOP('',(#6951));
#1576=EDGE_LOOP('',(#6952,#6953,#6954,#6955,#6956,#6957,#6958,#6959));
#1577=EDGE_LOOP('',(#6960,#6961,#6962,#6963));
#1578=EDGE_LOOP('',(#6964,#6965,#6966,#6967));
#1579=EDGE_LOOP('',(#6968,#6969,#6970,#6971));
#1580=EDGE_LOOP('',(#6972,#6973,#6974,#6975));
#1581=EDGE_LOOP('',(#6976,#6977,#6978,#6979));
#1582=EDGE_LOOP('',(#6980,#6981,#6982,#6983));
#1583=EDGE_LOOP('',(#6984,#6985,#6986,#6987));
#1584=EDGE_LOOP('',(#6988,#6989,#6990,#6991));
#1585=EDGE_LOOP('',(#6992,#6993,#6994,#6995));
#1586=EDGE_LOOP('',(#6996,#6997,#6998,#6999));
#1587=EDGE_LOOP('',(#7000,#7001,#7002,#7003));
#1588=EDGE_LOOP('',(#7004,#7005,#7006,#7007));
#1589=EDGE_LOOP('',(#7008,#7009,#7010,#7011));
#1590=EDGE_LOOP('',(#7012,#7013,#7014,#7015));
#1591=EDGE_LOOP('',(#7016,#7017,#7018,#7019));
#1592=EDGE_LOOP('',(#7020,#7021,#7022,#7023));
#1593=EDGE_LOOP('',(#7024,#7025,#7026,#7027));
#1594=EDGE_LOOP('',(#7028,#7029,#7030,#7031));
#1595=EDGE_LOOP('',(#7032,#7033,#7034,#7035));
#1596=EDGE_LOOP('',(#7036,#7037,#7038,#7039));
#1597=EDGE_LOOP('',(#7040,#7041,#7042,#7043));
#1598=EDGE_LOOP('',(#7044,#7045,#7046,#7047));
#1599=EDGE_LOOP('',(#7048,#7049,#7050,#7051));
#1600=EDGE_LOOP('',(#7052,#7053,#7054,#7055));
#1601=EDGE_LOOP('',(#7056,#7057,#7058,#7059));
#1602=EDGE_LOOP('',(#7060,#7061,#7062,#7063));
#1603=EDGE_LOOP('',(#7064,#7065,#7066,#7067));
#1604=EDGE_LOOP('',(#7068,#7069,#7070,#7071));
#1605=EDGE_LOOP('',(#7072,#7073,#7074,#7075));
#1606=EDGE_LOOP('',(#7076,#7077,#7078,#7079));
#1607=EDGE_LOOP('',(#7080,#7081,#7082,#7083));
#1608=EDGE_LOOP('',(#7084,#7085,#7086,#7087));
#1609=EDGE_LOOP('',(#7088,#7089,#7090,#7091));
#1610=EDGE_LOOP('',(#7092,#7093,#7094,#7095));
#1611=EDGE_LOOP('',(#7096,#7097,#7098,#7099));
#1612=EDGE_LOOP('',(#7100,#7101,#7102,#7103));
#1613=EDGE_LOOP('',(#7104,#7105,#7106,#7107));
#1614=EDGE_LOOP('',(#7108,#7109,#7110,#7111));
#1615=EDGE_LOOP('',(#7112,#7113,#7114,#7115));
#1616=EDGE_LOOP('',(#7116,#7117,#7118,#7119));
#1617=EDGE_LOOP('',(#7120,#7121,#7122,#7123));
#1618=EDGE_LOOP('',(#7124,#7125,#7126,#7127));
#1619=EDGE_LOOP('',(#7128,#7129,#7130,#7131));
#1620=EDGE_LOOP('',(#7132,#7133,#7134,#7135));
#1621=EDGE_LOOP('',(#7136,#7137,#7138,#7139));
#1622=EDGE_LOOP('',(#7140,#7141,#7142,#7143));
#1623=EDGE_LOOP('',(#7144,#7145,#7146,#7147));
#1624=EDGE_LOOP('',(#7148,#7149,#7150,#7151));
#1625=EDGE_LOOP('',(#7152,#7153,#7154,#7155));
#1626=EDGE_LOOP('',(#7156,#7157,#7158,#7159));
#1627=EDGE_LOOP('',(#7160,#7161,#7162,#7163));
#1628=EDGE_LOOP('',(#7164,#7165,#7166,#7167));
#1629=EDGE_LOOP('',(#7168,#7169,#7170,#7171));
#1630=EDGE_LOOP('',(#7172,#7173,#7174,#7175));
#1631=EDGE_LOOP('',(#7176,#7177,#7178,#7179));
#1632=EDGE_LOOP('',(#7180,#7181,#7182,#7183));
#1633=EDGE_LOOP('',(#7184,#7185,#7186,#7187));
#1634=EDGE_LOOP('',(#7188,#7189,#7190,#7191));
#1635=EDGE_LOOP('',(#7192,#7193,#7194,#7195));
#1636=EDGE_LOOP('',(#7196,#7197,#7198,#7199));
#1637=EDGE_LOOP('',(#7200,#7201,#7202,#7203));
#1638=EDGE_LOOP('',(#7204,#7205,#7206,#7207));
#1639=EDGE_LOOP('',(#7208,#7209,#7210,#7211));
#1640=EDGE_LOOP('',(#7212,#7213,#7214,#7215));
#1641=EDGE_LOOP('',(#7216,#7217,#7218,#7219));
#1642=EDGE_LOOP('',(#7220,#7221,#7222,#7223));
#1643=EDGE_LOOP('',(#7224,#7225,#7226,#7227));
#1644=EDGE_LOOP('',(#7228,#7229,#7230,#7231));
#1645=EDGE_LOOP('',(#7232,#7233,#7234,#7235));
#1646=EDGE_LOOP('',(#7236,#7237,#7238,#7239));
#1647=EDGE_LOOP('',(#7240,#7241,#7242,#7243));
#1648=EDGE_LOOP('',(#7244,#7245,#7246,#7247));
#1649=EDGE_LOOP('',(#7248,#7249,#7250,#7251));
#1650=EDGE_LOOP('',(#7252,#7253,#7254,#7255));
#1651=EDGE_LOOP('',(#7256,#7257,#7258,#7259));
#1652=EDGE_LOOP('',(#7260,#7261,#7262,#7263));
#1653=EDGE_LOOP('',(#7264,#7265,#7266,#7267));
#1654=EDGE_LOOP('',(#7268,#7269,#7270,#7271));
#1655=EDGE_LOOP('',(#7272,#7273,#7274,#7275));
#1656=EDGE_LOOP('',(#7276,#7277,#7278,#7279));
#1657=EDGE_LOOP('',(#7280,#7281,#7282,#7283));
#1658=EDGE_LOOP('',(#7284,#7285,#7286,#7287));
#1659=EDGE_LOOP('',(#7288,#7289,#7290,#7291));
#1660=EDGE_LOOP('',(#7292,#7293,#7294,#7295));
#1661=EDGE_LOOP('',(#7296,#7297,#7298,#7299));
#1662=EDGE_LOOP('',(#7300,#7301,#7302,#7303));
#1663=EDGE_LOOP('',(#7304,#7305,#7306,#7307));
#1664=EDGE_LOOP('',(#7308,#7309,#7310,#7311));
#1665=EDGE_LOOP('',(#7312,#7313,#7314,#7315));
#1666=EDGE_LOOP('',(#7316,#7317,#7318,#7319,#7320,#7321,#7322,#7323,#7324,
#7325,#7326,#7327,#7328,#7329,#7330,#7331,#7332,#7333,#7334,#7335,#7336,
#7337,#7338,#7339,#7340,#7341,#7342,#7343,#7344,#7345,#7346,#7347,#7348,
#7349,#7350,#7351,#7352,#7353,#7354,#7355,#7356,#7357,#7358,#7359,#7360,
#7361,#7362,#7363,#7364,#7365,#7366,#7367,#7368,#7369,#7370,#7371,#7372,
#7373,#7374,#7375,#7376,#7377,#7378,#7379,#7380,#7381,#7382,#7383,#7384,
#7385,#7386,#7387,#7388,#7389));
#1667=EDGE_LOOP('',(#7390));
#1668=EDGE_LOOP('',(#7391,#7392,#7393,#7394,#7395,#7396,#7397,#7398));
#1669=EDGE_LOOP('',(#7399,#7400,#7401,#7402,#7403,#7404,#7405,#7406));
#1670=EDGE_LOOP('',(#7407));
#1671=EDGE_LOOP('',(#7408));
#1672=EDGE_LOOP('',(#7409));
#1673=EDGE_LOOP('',(#7410));
#1674=EDGE_LOOP('',(#7411,#7412,#7413,#7414));
#1675=EDGE_LOOP('',(#7415));
#1676=EDGE_LOOP('',(#7416));
#1677=EDGE_LOOP('',(#7417,#7418,#7419,#7420));
#1678=EDGE_LOOP('',(#7421,#7422,#7423,#7424));
#1679=EDGE_LOOP('',(#7425));
#1680=EDGE_LOOP('',(#7426));
#1681=EDGE_LOOP('',(#7427,#7428,#7429,#7430));
#1682=EDGE_LOOP('',(#7431));
#1683=EDGE_LOOP('',(#7432));
#1684=EDGE_LOOP('',(#7433,#7434,#7435,#7436));
#1685=EDGE_LOOP('',(#7437,#7438,#7439,#7440));
#1686=EDGE_LOOP('',(#7441));
#1687=EDGE_LOOP('',(#7442));
#1688=EDGE_LOOP('',(#7443,#7444,#7445,#7446));
#1689=EDGE_LOOP('',(#7447));
#1690=EDGE_LOOP('',(#7448));
#1691=EDGE_LOOP('',(#7449,#7450,#7451,#7452));
#1692=EDGE_LOOP('',(#7453,#7454,#7455,#7456));
#1693=EDGE_LOOP('',(#7457,#7458,#7459,#7460));
#1694=EDGE_LOOP('',(#7461,#7462,#7463,#7464));
#1695=EDGE_LOOP('',(#7465,#7466,#7467,#7468));
#1696=EDGE_LOOP('',(#7469,#7470,#7471,#7472));
#1697=EDGE_LOOP('',(#7473,#7474,#7475,#7476));
#1698=EDGE_LOOP('',(#7477));
#1699=EDGE_LOOP('',(#7478,#7479,#7480,#7481));
#1700=EDGE_LOOP('',(#7482));
#1701=EDGE_LOOP('',(#7483));
#1702=EDGE_LOOP('',(#7484,#7485,#7486,#7487));
#1703=EDGE_LOOP('',(#7488));
#1704=EDGE_LOOP('',(#7489));
#1705=EDGE_LOOP('',(#7490,#7491,#7492,#7493));
#1706=EDGE_LOOP('',(#7494));
#1707=EDGE_LOOP('',(#7495));
#1708=EDGE_LOOP('',(#7496,#7497,#7498,#7499));
#1709=EDGE_LOOP('',(#7500));
#1710=EDGE_LOOP('',(#7501,#7502,#7503,#7504));
#1711=EDGE_LOOP('',(#7505,#7506,#7507,#7508));
#1712=EDGE_LOOP('',(#7509,#7510,#7511,#7512));
#1713=EDGE_LOOP('',(#7513,#7514,#7515,#7516));
#1714=EDGE_LOOP('',(#7517,#7518,#7519,#7520));
#1715=EDGE_LOOP('',(#7521,#7522,#7523,#7524));
#1716=EDGE_LOOP('',(#7525,#7526,#7527,#7528));
#1717=EDGE_LOOP('',(#7529,#7530,#7531,#7532));
#1718=EDGE_LOOP('',(#7533,#7534,#7535,#7536));
#1719=EDGE_LOOP('',(#7537,#7538,#7539,#7540));
#1720=EDGE_LOOP('',(#7541,#7542,#7543,#7544));
#1721=EDGE_LOOP('',(#7545,#7546,#7547,#7548));
#1722=EDGE_LOOP('',(#7549,#7550,#7551,#7552));
#1723=EDGE_LOOP('',(#7553,#7554,#7555,#7556));
#1724=EDGE_LOOP('',(#7557,#7558,#7559,#7560));
#1725=EDGE_LOOP('',(#7561,#7562,#7563,#7564));
#1726=EDGE_LOOP('',(#7565,#7566,#7567,#7568));
#1727=EDGE_LOOP('',(#7569,#7570,#7571,#7572));
#1728=EDGE_LOOP('',(#7573,#7574,#7575,#7576));
#1729=EDGE_LOOP('',(#7577,#7578,#7579,#7580));
#1730=EDGE_LOOP('',(#7581,#7582,#7583,#7584));
#1731=EDGE_LOOP('',(#7585,#7586,#7587,#7588));
#1732=EDGE_LOOP('',(#7589,#7590,#7591,#7592));
#1733=EDGE_LOOP('',(#7593,#7594,#7595,#7596));
#1734=EDGE_LOOP('',(#7597,#7598,#7599,#7600));
#1735=EDGE_LOOP('',(#7601,#7602,#7603,#7604));
#1736=EDGE_LOOP('',(#7605,#7606,#7607,#7608));
#1737=EDGE_LOOP('',(#7609,#7610,#7611,#7612));
#1738=EDGE_LOOP('',(#7613,#7614,#7615,#7616));
#1739=EDGE_LOOP('',(#7617,#7618,#7619,#7620));
#1740=EDGE_LOOP('',(#7621,#7622,#7623,#7624));
#1741=EDGE_LOOP('',(#7625,#7626,#7627,#7628));
#1742=EDGE_LOOP('',(#7629,#7630,#7631,#7632));
#1743=EDGE_LOOP('',(#7633,#7634,#7635,#7636,#7637,#7638,#7639,#7640));
#1744=EDGE_LOOP('',(#7641,#7642,#7643,#7644));
#1745=EDGE_LOOP('',(#7645,#7646,#7647,#7648));
#1746=EDGE_LOOP('',(#7649,#7650,#7651,#7652,#7653,#7654,#7655,#7656,#7657,
#7658,#7659,#7660,#7661,#7662,#7663,#7664,#7665,#7666,#7667,#7668,#7669,
#7670));
#1747=EDGE_LOOP('',(#7671,#7672,#7673,#7674,#7675,#7676,#7677,#7678));
#1748=EDGE_LOOP('',(#7679,#7680,#7681,#7682,#7683,#7684,#7685,#7686));
#1749=EDGE_LOOP('',(#7687,#7688,#7689,#7690,#7691,#7692,#7693,#7694));
#1750=EDGE_LOOP('',(#7695,#7696,#7697,#7698,#7699,#7700,#7701,#7702));
#1751=EDGE_LOOP('',(#7703,#7704,#7705,#7706));
#1752=EDGE_LOOP('',(#7707,#7708,#7709,#7710));
#1753=EDGE_LOOP('',(#7711,#7712,#7713,#7714));
#1754=EDGE_LOOP('',(#7715,#7716,#7717,#7718));
#1755=EDGE_LOOP('',(#7719,#7720,#7721,#7722));
#1756=EDGE_LOOP('',(#7723,#7724,#7725,#7726));
#1757=EDGE_LOOP('',(#7727,#7728,#7729,#7730,#7731,#7732,#7733,#7734));
#1758=EDGE_LOOP('',(#7735,#7736,#7737,#7738));
#1759=EDGE_LOOP('',(#7739,#7740,#7741,#7742));
#1760=EDGE_LOOP('',(#7743,#7744,#7745,#7746));
#1761=EDGE_LOOP('',(#7747,#7748,#7749,#7750));
#1762=EDGE_LOOP('',(#7751,#7752,#7753,#7754));
#1763=EDGE_LOOP('',(#7755,#7756,#7757,#7758));
#1764=EDGE_LOOP('',(#7759,#7760,#7761,#7762));
#1765=EDGE_LOOP('',(#7763,#7764,#7765,#7766));
#1766=EDGE_LOOP('',(#7767,#7768,#7769,#7770));
#1767=EDGE_LOOP('',(#7771,#7772,#7773,#7774));
#1768=EDGE_LOOP('',(#7775,#7776,#7777,#7778));
#1769=EDGE_LOOP('',(#7779,#7780,#7781,#7782));
#1770=EDGE_LOOP('',(#7783,#7784,#7785,#7786));
#1771=EDGE_LOOP('',(#7787,#7788,#7789,#7790,#7791,#7792,#7793,#7794,#7795,
#7796,#7797,#7798,#7799,#7800,#7801,#7802,#7803,#7804,#7805,#7806,#7807,
#7808));
#1772=EDGE_LOOP('',(#7809,#7810,#7811,#7812,#7813,#7814,#7815,#7816));
#1773=EDGE_LOOP('',(#7817,#7818,#7819,#7820,#7821,#7822,#7823,#7824));
#1774=EDGE_LOOP('',(#7825));
#1775=EDGE_LOOP('',(#7826,#7827,#7828,#7829));
#1776=EDGE_LOOP('',(#7830));
#1777=EDGE_LOOP('',(#7831));
#1778=EDGE_LOOP('',(#7832,#7833,#7834,#7835));
#1779=EDGE_LOOP('',(#7836));
#1780=EDGE_LOOP('',(#7837));
#1781=EDGE_LOOP('',(#7838,#7839,#7840,#7841));
#1782=EDGE_LOOP('',(#7842));
#1783=EDGE_LOOP('',(#7843));
#1784=EDGE_LOOP('',(#7844,#7845,#7846,#7847));
#1785=EDGE_LOOP('',(#7848));
#1786=EDGE_LOOP('',(#7849));
#1787=EDGE_LOOP('',(#7850,#7851,#7852,#7853));
#1788=EDGE_LOOP('',(#7854));
#1789=EDGE_LOOP('',(#7855));
#1790=EDGE_LOOP('',(#7856,#7857,#7858,#7859));
#1791=EDGE_LOOP('',(#7860));
#1792=EDGE_LOOP('',(#7861));
#1793=EDGE_LOOP('',(#7862,#7863,#7864,#7865));
#1794=EDGE_LOOP('',(#7866));
#1795=EDGE_LOOP('',(#7867));
#1796=EDGE_LOOP('',(#7868,#7869,#7870,#7871));
#1797=EDGE_LOOP('',(#7872));
#1798=LINE('',#11559,#2625);
#1799=LINE('',#11561,#2626);
#1800=LINE('',#11563,#2627);
#1801=LINE('',#11564,#2628);
#1802=LINE('',#11567,#2629);
#1803=LINE('',#11569,#2630);
#1804=LINE('',#11570,#2631);
#1805=LINE('',#11573,#2632);
#1806=LINE('',#11575,#2633);
#1807=LINE('',#11576,#2634);
#1808=LINE('',#11580,#2635);
#1809=LINE('',#11582,#2636);
#1810=LINE('',#11584,#2637);
#1811=LINE('',#11585,#2638);
#1812=LINE('',#11587,#2639);
#1813=LINE('',#11590,#2640);
#1814=LINE('',#11591,#2641);
#1815=LINE('',#11593,#2642);
#1816=LINE('',#11594,#2643);
#1817=LINE('',#11597,#2644);
#1818=LINE('',#11598,#2645);
#1819=LINE('',#11601,#2646);
#1820=LINE('',#11602,#2647);
#1821=LINE('',#11604,#2648);
#1822=LINE('',#11608,#2649);
#1823=LINE('',#11610,#2650);
#1824=LINE('',#11612,#2651);
#1825=LINE('',#11613,#2652);
#1826=LINE('',#11616,#2653);
#1827=LINE('',#11618,#2654);
#1828=LINE('',#11619,#2655);
#1829=LINE('',#11623,#2656);
#1830=LINE('',#11625,#2657);
#1831=LINE('',#11627,#2658);
#1832=LINE('',#11628,#2659);
#1833=LINE('',#11632,#2660);
#1834=LINE('',#11634,#2661);
#1835=LINE('',#11636,#2662);
#1836=LINE('',#11637,#2663);
#1837=LINE('',#11641,#2664);
#1838=LINE('',#11643,#2665);
#1839=LINE('',#11645,#2666);
#1840=LINE('',#11646,#2667);
#1841=LINE('',#11650,#2668);
#1842=LINE('',#11652,#2669);
#1843=LINE('',#11654,#2670);
#1844=LINE('',#11655,#2671);
#1845=LINE('',#11660,#2672);
#1846=LINE('',#11666,#2673);
#1847=LINE('',#11669,#2674);
#1848=LINE('',#11670,#2675);
#1849=LINE('',#11675,#2676);
#1850=LINE('',#11681,#2677);
#1851=LINE('',#11685,#2678);
#1852=LINE('',#11687,#2679);
#1853=LINE('',#11688,#2680);
#1854=LINE('',#11694,#2681);
#1855=LINE('',#11702,#2682);
#1856=LINE('',#11709,#2683);
#1857=LINE('',#11712,#2684);
#1858=LINE('',#11714,#2685);
#1859=LINE('',#11715,#2686);
#1860=LINE('',#11717,#2687);
#1861=LINE('',#11718,#2688);
#1862=LINE('',#11720,#2689);
#1863=LINE('',#11721,#2690);
#1864=LINE('',#11725,#2691);
#1865=LINE('',#11727,#2692);
#1866=LINE('',#11729,#2693);
#1867=LINE('',#11730,#2694);
#1868=LINE('',#11733,#2695);
#1869=LINE('',#11735,#2696);
#1870=LINE('',#11736,#2697);
#1871=LINE('',#11739,#2698);
#1872=LINE('',#11741,#2699);
#1873=LINE('',#11742,#2700);
#1874=LINE('',#11745,#2701);
#1875=LINE('',#11747,#2702);
#1876=LINE('',#11749,#2703);
#1877=LINE('',#11751,#2704);
#1878=LINE('',#11752,#2705);
#1879=LINE('',#11753,#2706);
#1880=LINE('',#11757,#2707);
#1881=LINE('',#11759,#2708);
#1882=LINE('',#11760,#2709);
#1883=LINE('',#11763,#2710);
#1884=LINE('',#11764,#2711);
#1885=LINE('',#11767,#2712);
#1886=LINE('',#11768,#2713);
#1887=LINE('',#11770,#2714);
#1888=LINE('',#11774,#2715);
#1889=LINE('',#11776,#2716);
#1890=LINE('',#11778,#2717);
#1891=LINE('',#11779,#2718);
#1892=LINE('',#11783,#2719);
#1893=LINE('',#11785,#2720);
#1894=LINE('',#11787,#2721);
#1895=LINE('',#11788,#2722);
#1896=LINE('',#11792,#2723);
#1897=LINE('',#11794,#2724);
#1898=LINE('',#11796,#2725);
#1899=LINE('',#11797,#2726);
#1900=LINE('',#11801,#2727);
#1901=LINE('',#11803,#2728);
#1902=LINE('',#11805,#2729);
#1903=LINE('',#11806,#2730);
#1904=LINE('',#11810,#2731);
#1905=LINE('',#11812,#2732);
#1906=LINE('',#11814,#2733);
#1907=LINE('',#11815,#2734);
#1908=LINE('',#11817,#2735);
#1909=LINE('',#11818,#2736);
#1910=LINE('',#11824,#2737);
#1911=LINE('',#11827,#2738);
#1912=LINE('',#11836,#2739);
#1913=LINE('',#11844,#2740);
#1914=LINE('',#11851,#2741);
#1915=LINE('',#11854,#2742);
#1916=LINE('',#11857,#2743);
#1917=LINE('',#11859,#2744);
#1918=LINE('',#11860,#2745);
#1919=LINE('',#11863,#2746);
#1920=LINE('',#11865,#2747);
#1921=LINE('',#11866,#2748);
#1922=LINE('',#11868,#2749);
#1923=LINE('',#11869,#2750);
#1924=LINE('',#11871,#2751);
#1925=LINE('',#11872,#2752);
#1926=LINE('',#11874,#2753);
#1927=LINE('',#11875,#2754);
#1928=LINE('',#11877,#2755);
#1929=LINE('',#11878,#2756);
#1930=LINE('',#11880,#2757);
#1931=LINE('',#11882,#2758);
#1932=LINE('',#11887,#2759);
#1933=LINE('',#11889,#2760);
#1934=LINE('',#11891,#2761);
#1935=LINE('',#11892,#2762);
#1936=LINE('',#11895,#2763);
#1937=LINE('',#11897,#2764);
#1938=LINE('',#11898,#2765);
#1939=LINE('',#11901,#2766);
#1940=LINE('',#11903,#2767);
#1941=LINE('',#11904,#2768);
#1942=LINE('',#11908,#2769);
#1943=LINE('',#11910,#2770);
#1944=LINE('',#11912,#2771);
#1945=LINE('',#11913,#2772);
#1946=LINE('',#11915,#2773);
#1947=LINE('',#11918,#2774);
#1948=LINE('',#11919,#2775);
#1949=LINE('',#11921,#2776);
#1950=LINE('',#11922,#2777);
#1951=LINE('',#11925,#2778);
#1952=LINE('',#11926,#2779);
#1953=LINE('',#11929,#2780);
#1954=LINE('',#11930,#2781);
#1955=LINE('',#11932,#2782);
#1956=LINE('',#11936,#2783);
#1957=LINE('',#11938,#2784);
#1958=LINE('',#11940,#2785);
#1959=LINE('',#11941,#2786);
#1960=LINE('',#11945,#2787);
#1961=LINE('',#11947,#2788);
#1962=LINE('',#11949,#2789);
#1963=LINE('',#11950,#2790);
#1964=LINE('',#11955,#2791);
#1965=LINE('',#11966,#2792);
#1966=LINE('',#11971,#2793);
#1967=LINE('',#11973,#2794);
#1968=LINE('',#11975,#2795);
#1969=LINE('',#11976,#2796);
#1970=LINE('',#11987,#2797);
#1971=LINE('',#11990,#2798);
#1972=LINE('',#11995,#2799);
#1973=LINE('',#11999,#2800);
#1974=LINE('',#12001,#2801);
#1975=LINE('',#12002,#2802);
#1976=LINE('',#12016,#2803);
#1977=LINE('',#12019,#2804);
#1978=LINE('',#12029,#2805);
#1979=LINE('',#12032,#2806);
#1980=LINE('',#12046,#2807);
#1981=LINE('',#12049,#2808);
#1982=LINE('',#12059,#2809);
#1983=LINE('',#12062,#2810);
#1984=LINE('',#12066,#2811);
#1985=LINE('',#12068,#2812);
#1986=LINE('',#12070,#2813);
#1987=LINE('',#12071,#2814);
#1988=LINE('',#12074,#2815);
#1989=LINE('',#12076,#2816);
#1990=LINE('',#12077,#2817);
#1991=LINE('',#12080,#2818);
#1992=LINE('',#12082,#2819);
#1993=LINE('',#12083,#2820);
#1994=LINE('',#12086,#2821);
#1995=LINE('',#12088,#2822);
#1996=LINE('',#12090,#2823);
#1997=LINE('',#12092,#2824);
#1998=LINE('',#12093,#2825);
#1999=LINE('',#12094,#2826);
#2000=LINE('',#12098,#2827);
#2001=LINE('',#12100,#2828);
#2002=LINE('',#12101,#2829);
#2003=LINE('',#12104,#2830);
#2004=LINE('',#12105,#2831);
#2005=LINE('',#12108,#2832);
#2006=LINE('',#12109,#2833);
#2007=LINE('',#12111,#2834);
#2008=LINE('',#12115,#2835);
#2009=LINE('',#12117,#2836);
#2010=LINE('',#12119,#2837);
#2011=LINE('',#12120,#2838);
#2012=LINE('',#12132,#2839);
#2013=LINE('',#12135,#2840);
#2014=LINE('',#12147,#2841);
#2015=LINE('',#12150,#2842);
#2016=LINE('',#12162,#2843);
#2017=LINE('',#12165,#2844);
#2018=LINE('',#12176,#2845);
#2019=LINE('',#12179,#2846);
#2020=LINE('',#12191,#2847);
#2021=LINE('',#12194,#2848);
#2022=LINE('',#12205,#2849);
#2023=LINE('',#12208,#2850);
#2024=LINE('',#12212,#2851);
#2025=LINE('',#12214,#2852);
#2026=LINE('',#12216,#2853);
#2027=LINE('',#12217,#2854);
#2028=LINE('',#12220,#2855);
#2029=LINE('',#12222,#2856);
#2030=LINE('',#12223,#2857);
#2031=LINE('',#12225,#2858);
#2032=LINE('',#12226,#2859);
#2033=LINE('',#12227,#2860);
#2034=LINE('',#12228,#2861);
#2035=LINE('',#12230,#2862);
#2036=LINE('',#12231,#2863);
#2037=LINE('',#12232,#2864);
#2038=LINE('',#12233,#2865);
#2039=LINE('',#12234,#2866);
#2040=LINE('',#12235,#2867);
#2041=LINE('',#12236,#2868);
#2042=LINE('',#12237,#2869);
#2043=LINE('',#12238,#2870);
#2044=LINE('',#12239,#2871);
#2045=LINE('',#12240,#2872);
#2046=LINE('',#12241,#2873);
#2047=LINE('',#12242,#2874);
#2048=LINE('',#12245,#2875);
#2049=LINE('',#12246,#2876);
#2050=LINE('',#12249,#2877);
#2051=LINE('',#12259,#2878);
#2052=LINE('',#12267,#2879);
#2053=LINE('',#12271,#2880);
#2054=LINE('',#12274,#2881);
#2055=LINE('',#12281,#2882);
#2056=LINE('',#12291,#2883);
#2057=LINE('',#12299,#2884);
#2058=LINE('',#12303,#2885);
#2059=LINE('',#12307,#2886);
#2060=LINE('',#12311,#2887);
#2061=LINE('',#12324,#2888);
#2062=LINE('',#12328,#2889);
#2063=LINE('',#12332,#2890);
#2064=LINE('',#12339,#2891);
#2065=LINE('',#12348,#2892);
#2066=LINE('',#12355,#2893);
#2067=LINE('',#12365,#2894);
#2068=LINE('',#12372,#2895);
#2069=LINE('',#12376,#2896);
#2070=LINE('',#12379,#2897);
#2071=LINE('',#12389,#2898);
#2072=LINE('',#12393,#2899);
#2073=LINE('',#12397,#2900);
#2074=LINE('',#12401,#2901);
#2075=LINE('',#12409,#2902);
#2076=LINE('',#12418,#2903);
#2077=LINE('',#12421,#2904);
#2078=LINE('',#12423,#2905);
#2079=LINE('',#12427,#2906);
#2080=LINE('',#12431,#2907);
#2081=LINE('',#12439,#2908);
#2082=LINE('',#12450,#2909);
#2083=LINE('',#12454,#2910);
#2084=LINE('',#12458,#2911);
#2085=LINE('',#12465,#2912);
#2086=LINE('',#12475,#2913);
#2087=LINE('',#12485,#2914);
#2088=LINE('',#12495,#2915);
#2089=LINE('',#12503,#2916);
#2090=LINE('',#12507,#2917);
#2091=LINE('',#12511,#2918);
#2092=LINE('',#12515,#2919);
#2093=LINE('',#12531,#2920);
#2094=LINE('',#12541,#2921);
#2095=LINE('',#12549,#2922);
#2096=LINE('',#12553,#2923);
#2097=LINE('',#12557,#2924);
#2098=LINE('',#12561,#2925);
#2099=LINE('',#12565,#2926);
#2100=LINE('',#12573,#2927);
#2101=LINE('',#12583,#2928);
#2102=LINE('',#12599,#2929);
#2103=LINE('',#12603,#2930);
#2104=LINE('',#12607,#2931);
#2105=LINE('',#12611,#2932);
#2106=LINE('',#12619,#2933);
#2107=LINE('',#12629,#2934);
#2108=LINE('',#12639,#2935);
#2109=LINE('',#12649,#2936);
#2110=LINE('',#12656,#2937);
#2111=LINE('',#12660,#2938);
#2112=LINE('',#12664,#2939);
#2113=LINE('',#12674,#2940);
#2114=LINE('',#12682,#2941);
#2115=LINE('',#12695,#2942);
#2116=LINE('',#12720,#2943);
#2117=LINE('',#12728,#2944);
#2118=LINE('',#12739,#2945);
#2119=LINE('',#12746,#2946);
#2120=LINE('',#12754,#2947);
#2121=LINE('',#12755,#2948);
#2122=LINE('',#12757,#2949);
#2123=LINE('',#12759,#2950);
#2124=LINE('',#12762,#2951);
#2125=LINE('',#12769,#2952);
#2126=LINE('',#12777,#2953);
#2127=LINE('',#12781,#2954);
#2128=LINE('',#12784,#2955);
#2129=LINE('',#12789,#2956);
#2130=LINE('',#12794,#2957);
#2131=LINE('',#12802,#2958);
#2132=LINE('',#12805,#2959);
#2133=LINE('',#12810,#2960);
#2134=LINE('',#12812,#2961);
#2135=LINE('',#12813,#2962);
#2136=LINE('',#12922,#2963);
#2137=LINE('',#12948,#2964);
#2138=LINE('',#13006,#2965);
#2139=LINE('',#13007,#2966);
#2140=LINE('',#13010,#2967);
#2141=LINE('',#13011,#2968);
#2142=LINE('',#13088,#2969);
#2143=LINE('',#13130,#2970);
#2144=LINE('',#13223,#2971);
#2145=LINE('',#13236,#2972);
#2146=LINE('',#13237,#2973);
#2147=LINE('',#13239,#2974);
#2148=LINE('',#13254,#2975);
#2149=LINE('',#13256,#2976);
#2150=LINE('',#13294,#2977);
#2151=LINE('',#13381,#2978);
#2152=LINE('',#13384,#2979);
#2153=LINE('',#13385,#2980);
#2154=LINE('',#13388,#2981);
#2155=LINE('',#13389,#2982);
#2156=LINE('',#13416,#2983);
#2157=LINE('',#13438,#2984);
#2158=LINE('',#13446,#2985);
#2159=LINE('',#13447,#2986);
#2160=LINE('',#13450,#2987);
#2161=LINE('',#13451,#2988);
#2162=LINE('',#13494,#2989);
#2163=LINE('',#13495,#2990);
#2164=LINE('',#13506,#2991);
#2165=LINE('',#13508,#2992);
#2166=LINE('',#13527,#2993);
#2167=LINE('',#13529,#2994);
#2168=LINE('',#13530,#2995);
#2169=LINE('',#13532,#2996);
#2170=LINE('',#13534,#2997);
#2171=LINE('',#13536,#2998);
#2172=LINE('',#13537,#2999);
#2173=LINE('',#13539,#3000);
#2174=LINE('',#13541,#3001);
#2175=LINE('',#13543,#3002);
#2176=LINE('',#13545,#3003);
#2177=LINE('',#13546,#3004);
#2178=LINE('',#13548,#3005);
#2179=LINE('',#13551,#3006);
#2180=LINE('',#13552,#3007);
#2181=LINE('',#13564,#3008);
#2182=LINE('',#13573,#3009);
#2183=LINE('',#13575,#3010);
#2184=LINE('',#13576,#3011);
#2185=LINE('',#13588,#3012);
#2186=LINE('',#13597,#3013);
#2187=LINE('',#13599,#3014);
#2188=LINE('',#13600,#3015);
#2189=LINE('',#13615,#3016);
#2190=LINE('',#13617,#3017);
#2191=LINE('',#13618,#3018);
#2192=LINE('',#13638,#3019);
#2193=LINE('',#13639,#3020);
#2194=LINE('',#13654,#3021);
#2195=LINE('',#13667,#3022);
#2196=LINE('',#13668,#3023);
#2197=LINE('',#13670,#3024);
#2198=LINE('',#13686,#3025);
#2199=LINE('',#13702,#3026);
#2200=LINE('',#13718,#3027);
#2201=LINE('',#13732,#3028);
#2202=LINE('',#13733,#3029);
#2203=LINE('',#13735,#3030);
#2204=LINE('',#13736,#3031);
#2205=LINE('',#13738,#3032);
#2206=LINE('',#13739,#3033);
#2207=LINE('',#13741,#3034);
#2208=LINE('',#13744,#3035);
#2209=LINE('',#13745,#3036);
#2210=LINE('',#13747,#3037);
#2211=LINE('',#13750,#3038);
#2212=LINE('',#13751,#3039);
#2213=LINE('',#13754,#3040);
#2214=LINE('',#13765,#3041);
#2215=LINE('',#13767,#3042);
#2216=LINE('',#13768,#3043);
#2217=LINE('',#13778,#3044);
#2218=LINE('',#13789,#3045);
#2219=LINE('',#13791,#3046);
#2220=LINE('',#13792,#3047);
#2221=LINE('',#13816,#3048);
#2222=LINE('',#13817,#3049);
#2223=LINE('',#13819,#3050);
#2224=LINE('',#13834,#3051);
#2225=LINE('',#13836,#3052);
#2226=LINE('',#13851,#3053);
#2227=LINE('',#13866,#3054);
#2228=LINE('',#13879,#3055);
#2229=LINE('',#13880,#3056);
#2230=LINE('',#13906,#3057);
#2231=LINE('',#13925,#3058);
#2232=LINE('',#13930,#3059);
#2233=LINE('',#13932,#3060);
#2234=LINE('',#13941,#3061);
#2235=LINE('',#13946,#3062);
#2236=LINE('',#13948,#3063);
#2237=LINE('',#13957,#3064);
#2238=LINE('',#13962,#3065);
#2239=LINE('',#13964,#3066);
#2240=LINE('',#13975,#3067);
#2241=LINE('',#13982,#3068);
#2242=LINE('',#13989,#3069);
#2243=LINE('',#13996,#3070);
#2244=LINE('',#14004,#3071);
#2245=LINE('',#14011,#3072);
#2246=LINE('',#14018,#3073);
#2247=LINE('',#14025,#3074);
#2248=LINE('',#14033,#3075);
#2249=LINE('',#14040,#3076);
#2250=LINE('',#14047,#3077);
#2251=LINE('',#14054,#3078);
#2252=LINE('',#14062,#3079);
#2253=LINE('',#14069,#3080);
#2254=LINE('',#14076,#3081);
#2255=LINE('',#14083,#3082);
#2256=LINE('',#14091,#3083);
#2257=LINE('',#14098,#3084);
#2258=LINE('',#14105,#3085);
#2259=LINE('',#14112,#3086);
#2260=LINE('',#14120,#3087);
#2261=LINE('',#14127,#3088);
#2262=LINE('',#14134,#3089);
#2263=LINE('',#14141,#3090);
#2264=LINE('',#14147,#3091);
#2265=LINE('',#14149,#3092);
#2266=LINE('',#14151,#3093);
#2267=LINE('',#14152,#3094);
#2268=LINE('',#14262,#3095);
#2269=LINE('',#14296,#3096);
#2270=LINE('',#14360,#3097);
#2271=LINE('',#14362,#3098);
#2272=LINE('',#14363,#3099);
#2273=LINE('',#14366,#3100);
#2274=LINE('',#14368,#3101);
#2275=LINE('',#14369,#3102);
#2276=LINE('',#14447,#3103);
#2277=LINE('',#14495,#3104);
#2278=LINE('',#14598,#3105);
#2279=LINE('',#14599,#3106);
#2280=LINE('',#14613,#3107);
#2281=LINE('',#14621,#3108);
#2282=LINE('',#14624,#3109);
#2283=LINE('',#14625,#3110);
#2284=LINE('',#14641,#3111);
#2285=LINE('',#14651,#3112);
#2286=LINE('',#14652,#3113);
#2287=LINE('',#14656,#3114);
#2288=LINE('',#14658,#3115);
#2289=LINE('',#14662,#3116);
#2290=LINE('',#14666,#3117);
#2291=LINE('',#14670,#3118);
#2292=LINE('',#14678,#3119);
#2293=LINE('',#14688,#3120);
#2294=LINE('',#14704,#3121);
#2295=LINE('',#14708,#3122);
#2296=LINE('',#14712,#3123);
#2297=LINE('',#14716,#3124);
#2298=LINE('',#14724,#3125);
#2299=LINE('',#14734,#3126);
#2300=LINE('',#14744,#3127);
#2301=LINE('',#14754,#3128);
#2302=LINE('',#14761,#3129);
#2303=LINE('',#14765,#3130);
#2304=LINE('',#14769,#3131);
#2305=LINE('',#14773,#3132);
#2306=LINE('',#14775,#3133);
#2307=LINE('',#14777,#3134);
#2308=LINE('',#14781,#3135);
#2309=LINE('',#14785,#3136);
#2310=LINE('',#14789,#3137);
#2311=LINE('',#14796,#3138);
#2312=LINE('',#14806,#3139);
#2313=LINE('',#14816,#3140);
#2314=LINE('',#14826,#3141);
#2315=LINE('',#14834,#3142);
#2316=LINE('',#14838,#3143);
#2317=LINE('',#14842,#3144);
#2318=LINE('',#14846,#3145);
#2319=LINE('',#14862,#3146);
#2320=LINE('',#14872,#3147);
#2321=LINE('',#14880,#3148);
#2322=LINE('',#14884,#3149);
#2323=LINE('',#14888,#3150);
#2324=LINE('',#14891,#3151);
#2325=LINE('',#14904,#3152);
#2326=LINE('',#14912,#3153);
#2327=LINE('',#14923,#3154);
#2328=LINE('',#14930,#3155);
#2329=LINE('',#14974,#3156);
#2330=LINE('',#15061,#3157);
#2331=LINE('',#15064,#3158);
#2332=LINE('',#15065,#3159);
#2333=LINE('',#15068,#3160);
#2334=LINE('',#15069,#3161);
#2335=LINE('',#15096,#3162);
#2336=LINE('',#15118,#3163);
#2337=LINE('',#15126,#3164);
#2338=LINE('',#15127,#3165);
#2339=LINE('',#15130,#3166);
#2340=LINE('',#15131,#3167);
#2341=LINE('',#15175,#3168);
#2342=LINE('',#15177,#3169);
#2343=LINE('',#15178,#3170);
#2344=LINE('',#15190,#3171);
#2345=LINE('',#15198,#3172);
#2346=LINE('',#15199,#3173);
#2347=LINE('',#15219,#3174);
#2348=LINE('',#15231,#3175);
#2349=LINE('',#15233,#3176);
#2350=LINE('',#15234,#3177);
#2351=LINE('',#15238,#3178);
#2352=LINE('',#15239,#3179);
#2353=LINE('',#15240,#3180);
#2354=LINE('',#15243,#3181);
#2355=LINE('',#15245,#3182);
#2356=LINE('',#15246,#3183);
#2357=LINE('',#15249,#3184);
#2358=LINE('',#15253,#3185);
#2359=LINE('',#15254,#3186);
#2360=LINE('',#15257,#3187);
#2361=LINE('',#15261,#3188);
#2362=LINE('',#15263,#3189);
#2363=LINE('',#15264,#3190);
#2364=LINE('',#15267,#3191);
#2365=LINE('',#15271,#3192);
#2366=LINE('',#15272,#3193);
#2367=LINE('',#15275,#3194);
#2368=LINE('',#15279,#3195);
#2369=LINE('',#15281,#3196);
#2370=LINE('',#15282,#3197);
#2371=LINE('',#15285,#3198);
#2372=LINE('',#15289,#3199);
#2373=LINE('',#15290,#3200);
#2374=LINE('',#15293,#3201);
#2375=LINE('',#15297,#3202);
#2376=LINE('',#15298,#3203);
#2377=LINE('',#15310,#3204);
#2378=LINE('',#15312,#3205);
#2379=LINE('',#15313,#3206);
#2380=LINE('',#15331,#3207);
#2381=LINE('',#15332,#3208);
#2382=LINE('',#15343,#3209);
#2383=LINE('',#15346,#3210);
#2384=LINE('',#15348,#3211);
#2385=LINE('',#15349,#3212);
#2386=LINE('',#15367,#3213);
#2387=LINE('',#15368,#3214);
#2388=LINE('',#15382,#3215);
#2389=LINE('',#15385,#3216);
#2390=LINE('',#15386,#3217);
#2391=LINE('',#15398,#3218);
#2392=LINE('',#15400,#3219);
#2393=LINE('',#15401,#3220);
#2394=LINE('',#15417,#3221);
#2395=LINE('',#15427,#3222);
#2396=LINE('',#15429,#3223);
#2397=LINE('',#15430,#3224);
#2398=LINE('',#15461,#3225);
#2399=LINE('',#15462,#3226);
#2400=LINE('',#15463,#3227);
#2401=LINE('',#15479,#3228);
#2402=LINE('',#15500,#3229);
#2403=LINE('',#15502,#3230);
#2404=LINE('',#15511,#3231);
#2405=LINE('',#15512,#3232);
#2406=LINE('',#15536,#3233);
#2407=LINE('',#15537,#3234);
#2408=LINE('',#15561,#3235);
#2409=LINE('',#15562,#3236);
#2410=LINE('',#15586,#3237);
#2411=LINE('',#15587,#3238);
#2412=LINE('',#15608,#3239);
#2413=LINE('',#15610,#3240);
#2414=LINE('',#15611,#3241);
#2415=LINE('',#15614,#3242);
#2416=LINE('',#15616,#3243);
#2417=LINE('',#15617,#3244);
#2418=LINE('',#15620,#3245);
#2419=LINE('',#15621,#3246);
#2420=LINE('',#15624,#3247);
#2421=LINE('',#15626,#3248);
#2422=LINE('',#15627,#3249);
#2423=LINE('',#15630,#3250);
#2424=LINE('',#15633,#3251);
#2425=LINE('',#15636,#3252);
#2426=LINE('',#15637,#3253);
#2427=LINE('',#15642,#3254);
#2428=LINE('',#15645,#3255);
#2429=LINE('',#15648,#3256);
#2430=LINE('',#15649,#3257);
#2431=LINE('',#15654,#3258);
#2432=LINE('',#15657,#3259);
#2433=LINE('',#15660,#3260);
#2434=LINE('',#15661,#3261);
#2435=LINE('',#15666,#3262);
#2436=LINE('',#15668,#3263);
#2437=LINE('',#15669,#3264);
#2438=LINE('',#15681,#3265);
#2439=LINE('',#15682,#3266);
#2440=LINE('',#15699,#3267);
#2441=LINE('',#15702,#3268);
#2442=LINE('',#15704,#3269);
#2443=LINE('',#15705,#3270);
#2444=LINE('',#15717,#3271);
#2445=LINE('',#15718,#3272);
#2446=LINE('',#15735,#3273);
#2447=LINE('',#15738,#3274);
#2448=LINE('',#15740,#3275);
#2449=LINE('',#15741,#3276);
#2450=LINE('',#15756,#3277);
#2451=LINE('',#15757,#3278);
#2452=LINE('',#15782,#3279);
#2453=LINE('',#15791,#3280);
#2454=LINE('',#15794,#3281);
#2455=LINE('',#15795,#3282);
#2456=LINE('',#15818,#3283);
#2457=LINE('',#15821,#3284);
#2458=LINE('',#15822,#3285);
#2459=LINE('',#15845,#3286);
#2460=LINE('',#15868,#3287);
#2461=LINE('',#15882,#3288);
#2462=LINE('',#15890,#3289);
#2463=LINE('',#15929,#3290);
#2464=LINE('',#15930,#3291);
#2465=LINE('',#15947,#3292);
#2466=LINE('',#15948,#3293);
#2467=LINE('',#15949,#3294);
#2468=LINE('',#15950,#3295);
#2469=LINE('',#15953,#3296);
#2470=LINE('',#15966,#3297);
#2471=LINE('',#15971,#3298);
#2472=LINE('',#15973,#3299);
#2473=LINE('',#15982,#3300);
#2474=LINE('',#15987,#3301);
#2475=LINE('',#15989,#3302);
#2476=LINE('',#15998,#3303);
#2477=LINE('',#16003,#3304);
#2478=LINE('',#16005,#3305);
#2479=LINE('',#16017,#3306);
#2480=LINE('',#16024,#3307);
#2481=LINE('',#16031,#3308);
#2482=LINE('',#16038,#3309);
#2483=LINE('',#16043,#3310);
#2484=LINE('',#16045,#3311);
#2485=LINE('',#16047,#3312);
#2486=LINE('',#16048,#3313);
#2487=LINE('',#16052,#3314);
#2488=LINE('',#16054,#3315);
#2489=LINE('',#16056,#3316);
#2490=LINE('',#16057,#3317);
#2491=LINE('',#16061,#3318);
#2492=LINE('',#16063,#3319);
#2493=LINE('',#16065,#3320);
#2494=LINE('',#16066,#3321);
#2495=LINE('',#16070,#3322);
#2496=LINE('',#16072,#3323);
#2497=LINE('',#16074,#3324);
#2498=LINE('',#16075,#3325);
#2499=LINE('',#16079,#3326);
#2500=LINE('',#16081,#3327);
#2501=LINE('',#16083,#3328);
#2502=LINE('',#16084,#3329);
#2503=LINE('',#16088,#3330);
#2504=LINE('',#16090,#3331);
#2505=LINE('',#16092,#3332);
#2506=LINE('',#16093,#3333);
#2507=LINE('',#16097,#3334);
#2508=LINE('',#16099,#3335);
#2509=LINE('',#16101,#3336);
#2510=LINE('',#16102,#3337);
#2511=LINE('',#16106,#3338);
#2512=LINE('',#16108,#3339);
#2513=LINE('',#16110,#3340);
#2514=LINE('',#16111,#3341);
#2515=LINE('',#16114,#3342);
#2516=LINE('',#16116,#3343);
#2517=LINE('',#16117,#3344);
#2518=LINE('',#16121,#3345);
#2519=LINE('',#16123,#3346);
#2520=LINE('',#16125,#3347);
#2521=LINE('',#16126,#3348);
#2522=LINE('',#16132,#3349);
#2523=LINE('',#16135,#3350);
#2524=LINE('',#16139,#3351);
#2525=LINE('',#16141,#3352);
#2526=LINE('',#16143,#3353);
#2527=LINE('',#16144,#3354);
#2528=LINE('',#16147,#3355);
#2529=LINE('',#16149,#3356);
#2530=LINE('',#16150,#3357);
#2531=LINE('',#16155,#3358);
#2532=LINE('',#16161,#3359);
#2533=LINE('',#16165,#3360);
#2534=LINE('',#16167,#3361);
#2535=LINE('',#16168,#3362);
#2536=LINE('',#16170,#3363);
#2537=LINE('',#16171,#3364);
#2538=LINE('',#16176,#3365);
#2539=LINE('',#16182,#3366);
#2540=LINE('',#16186,#3367);
#2541=LINE('',#16188,#3368);
#2542=LINE('',#16189,#3369);
#2543=LINE('',#16191,#3370);
#2544=LINE('',#16192,#3371);
#2545=LINE('',#16201,#3372);
#2546=LINE('',#16209,#3373);
#2547=LINE('',#16216,#3374);
#2548=LINE('',#16219,#3375);
#2549=LINE('',#16225,#3376);
#2550=LINE('',#16233,#3377);
#2551=LINE('',#16240,#3378);
#2552=LINE('',#16243,#3379);
#2553=LINE('',#16247,#3380);
#2554=LINE('',#16249,#3381);
#2555=LINE('',#16251,#3382);
#2556=LINE('',#16252,#3383);
#2557=LINE('',#16255,#3384);
#2558=LINE('',#16257,#3385);
#2559=LINE('',#16258,#3386);
#2560=LINE('',#16261,#3387);
#2561=LINE('',#16263,#3388);
#2562=LINE('',#16264,#3389);
#2563=LINE('',#16267,#3390);
#2564=LINE('',#16269,#3391);
#2565=LINE('',#16271,#3392);
#2566=LINE('',#16273,#3393);
#2567=LINE('',#16274,#3394);
#2568=LINE('',#16275,#3395);
#2569=LINE('',#16279,#3396);
#2570=LINE('',#16281,#3397);
#2571=LINE('',#16282,#3398);
#2572=LINE('',#16284,#3399);
#2573=LINE('',#16285,#3400);
#2574=LINE('',#16286,#3401);
#2575=LINE('',#16287,#3402);
#2576=LINE('',#16290,#3403);
#2577=LINE('',#16292,#3404);
#2578=LINE('',#16294,#3405);
#2579=LINE('',#16296,#3406);
#2580=LINE('',#16298,#3407);
#2581=LINE('',#16300,#3408);
#2582=LINE('',#16302,#3409);
#2583=LINE('',#16303,#3410);
#2584=LINE('',#16304,#3411);
#2585=LINE('',#16305,#3412);
#2586=LINE('',#16306,#3413);
#2587=LINE('',#16307,#3414);
#2588=LINE('',#16309,#3415);
#2589=LINE('',#16311,#3416);
#2590=LINE('',#16312,#3417);
#2591=LINE('',#16314,#3418);
#2592=LINE('',#16316,#3419);
#2593=LINE('',#16320,#3420);
#2594=LINE('',#16322,#3421);
#2595=LINE('',#16323,#3422);
#2596=LINE('',#16326,#3423);
#2597=LINE('',#16327,#3424);
#2598=LINE('',#16330,#3425);
#2599=LINE('',#16331,#3426);
#2600=LINE('',#16333,#3427);
#2601=LINE('',#16335,#3428);
#2602=LINE('',#16337,#3429);
#2603=LINE('',#16338,#3430);
#2604=LINE('',#16341,#3431);
#2605=LINE('',#16343,#3432);
#2606=LINE('',#16344,#3433);
#2607=LINE('',#16347,#3434);
#2608=LINE('',#16349,#3435);
#2609=LINE('',#16352,#3436);
#2610=LINE('',#16354,#3437);
#2611=LINE('',#16356,#3438);
#2612=LINE('',#16358,#3439);
#2613=LINE('',#16360,#3440);
#2614=LINE('',#16362,#3441);
#2615=LINE('',#16364,#3442);
#2616=LINE('',#16366,#3443);
#2617=LINE('',#16374,#3444);
#2618=LINE('',#16381,#3445);
#2619=LINE('',#16388,#3446);
#2620=LINE('',#16395,#3447);
#2621=LINE('',#16403,#3448);
#2622=LINE('',#16410,#3449);
#2623=LINE('',#16417,#3450);
#2624=LINE('',#16424,#3451);
#2625=VECTOR('',#9368,10.);
#2626=VECTOR('',#9369,10.);
#2627=VECTOR('',#9370,10.);
#2628=VECTOR('',#9371,10.);
#2629=VECTOR('',#9374,10.);
#2630=VECTOR('',#9375,10.);
#2631=VECTOR('',#9376,10.);
#2632=VECTOR('',#9379,10.);
#2633=VECTOR('',#9380,10.);
#2634=VECTOR('',#9381,10.);
#2635=VECTOR('',#9384,10.);
#2636=VECTOR('',#9385,10.);
#2637=VECTOR('',#9386,10.);
#2638=VECTOR('',#9387,10.);
#2639=VECTOR('',#9390,10.);
#2640=VECTOR('',#9393,10.);
#2641=VECTOR('',#9394,10.);
#2642=VECTOR('',#9395,10.);
#2643=VECTOR('',#9396,10.);
#2644=VECTOR('',#9399,10.);
#2645=VECTOR('',#9400,10.);
#2646=VECTOR('',#9403,10.);
#2647=VECTOR('',#9404,10.);
#2648=VECTOR('',#9407,10.);
#2649=VECTOR('',#9410,10.);
#2650=VECTOR('',#9411,10.);
#2651=VECTOR('',#9412,10.);
#2652=VECTOR('',#9413,10.);
#2653=VECTOR('',#9416,10.);
#2654=VECTOR('',#9417,10.);
#2655=VECTOR('',#9418,10.);
#2656=VECTOR('',#9421,10.);
#2657=VECTOR('',#9422,10.);
#2658=VECTOR('',#9423,10.);
#2659=VECTOR('',#9424,10.);
#2660=VECTOR('',#9427,10.);
#2661=VECTOR('',#9428,10.);
#2662=VECTOR('',#9429,10.);
#2663=VECTOR('',#9430,10.);
#2664=VECTOR('',#9433,10.);
#2665=VECTOR('',#9434,10.);
#2666=VECTOR('',#9435,10.);
#2667=VECTOR('',#9436,10.);
#2668=VECTOR('',#9439,10.);
#2669=VECTOR('',#9440,10.);
#2670=VECTOR('',#9441,10.);
#2671=VECTOR('',#9442,10.);
#2672=VECTOR('',#9447,10.);
#2673=VECTOR('',#9454,10.);
#2674=VECTOR('',#9459,10.);
#2675=VECTOR('',#9460,10.);
#2676=VECTOR('',#9465,10.);
#2677=VECTOR('',#9472,10.);
#2678=VECTOR('',#9477,10.);
#2679=VECTOR('',#9478,10.);
#2680=VECTOR('',#9479,10.);
#2681=VECTOR('',#9486,10.);
#2682=VECTOR('',#9497,10.);
#2683=VECTOR('',#9504,10.);
#2684=VECTOR('',#9507,10.);
#2685=VECTOR('',#9510,10.);
#2686=VECTOR('',#9511,10.);
#2687=VECTOR('',#9514,10.);
#2688=VECTOR('',#9515,10.);
#2689=VECTOR('',#9518,10.);
#2690=VECTOR('',#9519,10.);
#2691=VECTOR('',#9522,10.);
#2692=VECTOR('',#9523,10.);
#2693=VECTOR('',#9524,10.);
#2694=VECTOR('',#9525,10.);
#2695=VECTOR('',#9528,10.);
#2696=VECTOR('',#9529,10.);
#2697=VECTOR('',#9530,10.);
#2698=VECTOR('',#9533,10.);
#2699=VECTOR('',#9534,10.);
#2700=VECTOR('',#9535,10.);
#2701=VECTOR('',#9538,10.);
#2702=VECTOR('',#9539,10.);
#2703=VECTOR('',#9540,10.);
#2704=VECTOR('',#9541,10.);
#2705=VECTOR('',#9542,10.);
#2706=VECTOR('',#9543,10.);
#2707=VECTOR('',#9548,10.);
#2708=VECTOR('',#9549,10.);
#2709=VECTOR('',#9550,10.);
#2710=VECTOR('',#9553,10.);
#2711=VECTOR('',#9554,10.);
#2712=VECTOR('',#9557,10.);
#2713=VECTOR('',#9558,10.);
#2714=VECTOR('',#9561,10.);
#2715=VECTOR('',#9564,10.);
#2716=VECTOR('',#9565,10.);
#2717=VECTOR('',#9566,10.);
#2718=VECTOR('',#9567,10.);
#2719=VECTOR('',#9570,10.);
#2720=VECTOR('',#9571,10.);
#2721=VECTOR('',#9572,10.);
#2722=VECTOR('',#9573,10.);
#2723=VECTOR('',#9576,10.);
#2724=VECTOR('',#9577,10.);
#2725=VECTOR('',#9578,10.);
#2726=VECTOR('',#9579,10.);
#2727=VECTOR('',#9582,10.);
#2728=VECTOR('',#9583,10.);
#2729=VECTOR('',#9584,10.);
#2730=VECTOR('',#9585,10.);
#2731=VECTOR('',#9588,10.);
#2732=VECTOR('',#9589,10.);
#2733=VECTOR('',#9590,10.);
#2734=VECTOR('',#9591,10.);
#2735=VECTOR('',#9594,10.);
#2736=VECTOR('',#9595,10.);
#2737=VECTOR('',#9600,10.);
#2738=VECTOR('',#9603,10.);
#2739=VECTOR('',#9616,10.);
#2740=VECTOR('',#9627,10.);
#2741=VECTOR('',#9634,10.);
#2742=VECTOR('',#9637,10.);
#2743=VECTOR('',#9640,10.);
#2744=VECTOR('',#9641,10.);
#2745=VECTOR('',#9642,10.);
#2746=VECTOR('',#9645,10.);
#2747=VECTOR('',#9646,10.);
#2748=VECTOR('',#9647,10.);
#2749=VECTOR('',#9650,10.);
#2750=VECTOR('',#9651,10.);
#2751=VECTOR('',#9654,10.);
#2752=VECTOR('',#9655,10.);
#2753=VECTOR('',#9658,10.);
#2754=VECTOR('',#9659,10.);
#2755=VECTOR('',#9662,10.);
#2756=VECTOR('',#9663,10.);
#2757=VECTOR('',#9666,10.);
#2758=VECTOR('',#9669,10.);
#2759=VECTOR('',#9674,10.);
#2760=VECTOR('',#9675,10.);
#2761=VECTOR('',#9676,10.);
#2762=VECTOR('',#9677,10.);
#2763=VECTOR('',#9680,10.);
#2764=VECTOR('',#9681,10.);
#2765=VECTOR('',#9682,10.);
#2766=VECTOR('',#9685,10.);
#2767=VECTOR('',#9686,10.);
#2768=VECTOR('',#9687,10.);
#2769=VECTOR('',#9690,10.);
#2770=VECTOR('',#9691,10.);
#2771=VECTOR('',#9692,10.);
#2772=VECTOR('',#9693,10.);
#2773=VECTOR('',#9696,10.);
#2774=VECTOR('',#9699,10.);
#2775=VECTOR('',#9700,10.);
#2776=VECTOR('',#9701,10.);
#2777=VECTOR('',#9702,10.);
#2778=VECTOR('',#9705,10.);
#2779=VECTOR('',#9706,10.);
#2780=VECTOR('',#9709,10.);
#2781=VECTOR('',#9710,10.);
#2782=VECTOR('',#9713,10.);
#2783=VECTOR('',#9716,10.);
#2784=VECTOR('',#9717,10.);
#2785=VECTOR('',#9718,10.);
#2786=VECTOR('',#9719,10.);
#2787=VECTOR('',#9722,10.);
#2788=VECTOR('',#9723,10.);
#2789=VECTOR('',#9724,10.);
#2790=VECTOR('',#9725,10.);
#2791=VECTOR('',#9730,10.);
#2792=VECTOR('',#9735,10.);
#2793=VECTOR('',#9740,10.);
#2794=VECTOR('',#9741,10.);
#2795=VECTOR('',#9742,10.);
#2796=VECTOR('',#9743,10.);
#2797=VECTOR('',#9746,10.);
#2798=VECTOR('',#9749,10.);
#2799=VECTOR('',#9754,10.);
#2800=VECTOR('',#9759,10.);
#2801=VECTOR('',#9760,10.);
#2802=VECTOR('',#9761,10.);
#2803=VECTOR('',#9764,10.);
#2804=VECTOR('',#9767,10.);
#2805=VECTOR('',#9770,10.);
#2806=VECTOR('',#9773,10.);
#2807=VECTOR('',#9776,10.);
#2808=VECTOR('',#9779,10.);
#2809=VECTOR('',#9782,10.);
#2810=VECTOR('',#9785,10.);
#2811=VECTOR('',#9788,10.);
#2812=VECTOR('',#9789,10.);
#2813=VECTOR('',#9790,10.);
#2814=VECTOR('',#9791,10.);
#2815=VECTOR('',#9794,10.);
#2816=VECTOR('',#9795,10.);
#2817=VECTOR('',#9796,10.);
#2818=VECTOR('',#9799,10.);
#2819=VECTOR('',#9800,10.);
#2820=VECTOR('',#9801,10.);
#2821=VECTOR('',#9804,10.);
#2822=VECTOR('',#9805,10.);
#2823=VECTOR('',#9806,10.);
#2824=VECTOR('',#9807,10.);
#2825=VECTOR('',#9808,10.);
#2826=VECTOR('',#9809,10.);
#2827=VECTOR('',#9814,10.);
#2828=VECTOR('',#9815,10.);
#2829=VECTOR('',#9816,10.);
#2830=VECTOR('',#9819,10.);
#2831=VECTOR('',#9820,10.);
#2832=VECTOR('',#9823,10.);
#2833=VECTOR('',#9824,10.);
#2834=VECTOR('',#9827,10.);
#2835=VECTOR('',#9830,10.);
#2836=VECTOR('',#9831,10.);
#2837=VECTOR('',#9832,10.);
#2838=VECTOR('',#9833,10.);
#2839=VECTOR('',#9836,10.);
#2840=VECTOR('',#9839,10.);
#2841=VECTOR('',#9842,10.);
#2842=VECTOR('',#9845,10.);
#2843=VECTOR('',#9848,10.);
#2844=VECTOR('',#9851,10.);
#2845=VECTOR('',#9854,10.);
#2846=VECTOR('',#9857,10.);
#2847=VECTOR('',#9860,10.);
#2848=VECTOR('',#9863,10.);
#2849=VECTOR('',#9866,10.);
#2850=VECTOR('',#9869,10.);
#2851=VECTOR('',#9872,10.);
#2852=VECTOR('',#9873,10.);
#2853=VECTOR('',#9874,10.);
#2854=VECTOR('',#9875,10.);
#2855=VECTOR('',#9878,10.);
#2856=VECTOR('',#9879,10.);
#2857=VECTOR('',#9880,10.);
#2858=VECTOR('',#9883,10.);
#2859=VECTOR('',#9884,10.);
#2860=VECTOR('',#9885,10.);
#2861=VECTOR('',#9886,10.);
#2862=VECTOR('',#9887,10.);
#2863=VECTOR('',#9888,10.);
#2864=VECTOR('',#9889,10.);
#2865=VECTOR('',#9890,10.);
#2866=VECTOR('',#9891,10.);
#2867=VECTOR('',#9892,10.);
#2868=VECTOR('',#9893,10.);
#2869=VECTOR('',#9894,10.);
#2870=VECTOR('',#9895,10.);
#2871=VECTOR('',#9896,10.);
#2872=VECTOR('',#9897,10.);
#2873=VECTOR('',#9898,10.);
#2874=VECTOR('',#9899,10.);
#2875=VECTOR('',#9902,10.);
#2876=VECTOR('',#9903,10.);
#2877=VECTOR('',#9906,10.);
#2878=VECTOR('',#9907,10.);
#2879=VECTOR('',#9908,10.);
#2880=VECTOR('',#9911,10.);
#2881=VECTOR('',#9914,10.);
#2882=VECTOR('',#9921,10.);
#2883=VECTOR('',#9922,10.);
#2884=VECTOR('',#9923,10.);
#2885=VECTOR('',#9926,10.);
#2886=VECTOR('',#9929,10.);
#2887=VECTOR('',#9932,10.);
#2888=VECTOR('',#9939,10.);
#2889=VECTOR('',#9942,10.);
#2890=VECTOR('',#9945,10.);
#2891=VECTOR('',#9946,10.);
#2892=VECTOR('',#9947,10.);
#2893=VECTOR('',#9954,10.);
#2894=VECTOR('',#9955,10.);
#2895=VECTOR('',#9956,10.);
#2896=VECTOR('',#9959,10.);
#2897=VECTOR('',#9962,10.);
#2898=VECTOR('',#9965,10.);
#2899=VECTOR('',#9968,10.);
#2900=VECTOR('',#9971,10.);
#2901=VECTOR('',#9974,10.);
#2902=VECTOR('',#9975,10.);
#2903=VECTOR('',#9976,10.);
#2904=VECTOR('',#9979,10.);
#2905=VECTOR('',#9980,10.);
#2906=VECTOR('',#9983,10.);
#2907=VECTOR('',#9986,10.);
#2908=VECTOR('',#9987,10.);
#2909=VECTOR('',#9990,10.);
#2910=VECTOR('',#9993,10.);
#2911=VECTOR('',#9996,10.);
#2912=VECTOR('',#9997,10.);
#2913=VECTOR('',#9998,10.);
#2914=VECTOR('',#9999,10.);
#2915=VECTOR('',#10000,10.);
#2916=VECTOR('',#10001,10.);
#2917=VECTOR('',#10004,10.);
#2918=VECTOR('',#10007,10.);
#2919=VECTOR('',#10010,10.);
#2920=VECTOR('',#10011,10.);
#2921=VECTOR('',#10012,10.);
#2922=VECTOR('',#10013,10.);
#2923=VECTOR('',#10016,10.);
#2924=VECTOR('',#10019,10.);
#2925=VECTOR('',#10022,10.);
#2926=VECTOR('',#10025,10.);
#2927=VECTOR('',#10026,10.);
#2928=VECTOR('',#10027,10.);
#2929=VECTOR('',#10028,10.);
#2930=VECTOR('',#10031,10.);
#2931=VECTOR('',#10034,10.);
#2932=VECTOR('',#10037,10.);
#2933=VECTOR('',#10038,10.);
#2934=VECTOR('',#10039,10.);
#2935=VECTOR('',#10040,10.);
#2936=VECTOR('',#10041,10.);
#2937=VECTOR('',#10042,10.);
#2938=VECTOR('',#10045,10.);
#2939=VECTOR('',#10048,10.);
#2940=VECTOR('',#10049,10.);
#2941=VECTOR('',#10050,10.);
#2942=VECTOR('',#10051,10.);
#2943=VECTOR('',#10058,10.);
#2944=VECTOR('',#10059,10.);
#2945=VECTOR('',#10060,10.);
#2946=VECTOR('',#10061,10.);
#2947=VECTOR('',#10070,1.5);
#2948=VECTOR('',#10071,1.5);
#2949=VECTOR('',#10074,1.5);
#2950=VECTOR('',#10077,1.5);
#2951=VECTOR('',#10080,1.15);
#2952=VECTOR('',#10089,1.15);
#2953=VECTOR('',#10100,0.999999999999996);
#2954=VECTOR('',#10105,1.);
#2955=VECTOR('',#10108,1.4);
#2956=VECTOR('',#10115,1.4);
#2957=VECTOR('',#10122,1.15);
#2958=VECTOR('',#10133,1.);
#2959=VECTOR('',#10136,1.4);
#2960=VECTOR('',#10143,10.);
#2961=VECTOR('',#10144,10.);
#2962=VECTOR('',#10145,10.);
#2963=VECTOR('',#10146,10.);
#2964=VECTOR('',#10147,10.);
#2965=VECTOR('',#10150,10.);
#2966=VECTOR('',#10151,10.);
#2967=VECTOR('',#10154,10.);
#2968=VECTOR('',#10155,10.);
#2969=VECTOR('',#10156,10.);
#2970=VECTOR('',#10157,10.);
#2971=VECTOR('',#10160,10.);
#2972=VECTOR('',#10161,10.);
#2973=VECTOR('',#10162,10.);
#2974=VECTOR('',#10165,10.);
#2975=VECTOR('',#10166,10.);
#2976=VECTOR('',#10169,10.);
#2977=VECTOR('',#10170,10.);
#2978=VECTOR('',#10171,10.);
#2979=VECTOR('',#10174,10.);
#2980=VECTOR('',#10175,10.);
#2981=VECTOR('',#10178,9.99999999999999);
#2982=VECTOR('',#10179,10.);
#2983=VECTOR('',#10180,10.);
#2984=VECTOR('',#10181,10.);
#2985=VECTOR('',#10184,10.);
#2986=VECTOR('',#10185,10.);
#2987=VECTOR('',#10188,10.);
#2988=VECTOR('',#10189,10.);
#2989=VECTOR('',#10192,10.);
#2990=VECTOR('',#10193,10.);
#2991=VECTOR('',#10194,10.);
#2992=VECTOR('',#10197,10.);
#2993=VECTOR('',#10198,10.);
#2994=VECTOR('',#10201,10.);
#2995=VECTOR('',#10202,10.);
#2996=VECTOR('',#10205,10.);
#2997=VECTOR('',#10208,10.);
#2998=VECTOR('',#10211,10.);
#2999=VECTOR('',#10212,10.);
#3000=VECTOR('',#10215,10.);
#3001=VECTOR('',#10218,10.);
#3002=VECTOR('',#10221,10.);
#3003=VECTOR('',#10224,10.);
#3004=VECTOR('',#10225,10.);
#3005=VECTOR('',#10228,10.);
#3006=VECTOR('',#10233,10.);
#3007=VECTOR('',#10234,10.);
#3008=VECTOR('',#10237,10.);
#3009=VECTOR('',#10238,10.);
#3010=VECTOR('',#10241,10.);
#3011=VECTOR('',#10242,10.);
#3012=VECTOR('',#10245,10.);
#3013=VECTOR('',#10246,10.);
#3014=VECTOR('',#10249,10.);
#3015=VECTOR('',#10250,10.);
#3016=VECTOR('',#10251,10.);
#3017=VECTOR('',#10254,10.);
#3018=VECTOR('',#10255,10.);
#3019=VECTOR('',#10258,10.);
#3020=VECTOR('',#10259,10.);
#3021=VECTOR('',#10260,10.);
#3022=VECTOR('',#10261,10.);
#3023=VECTOR('',#10262,10.);
#3024=VECTOR('',#10265,10.);
#3025=VECTOR('',#10268,10.);
#3026=VECTOR('',#10271,10.);
#3027=VECTOR('',#10274,10.);
#3028=VECTOR('',#10277,10.);
#3029=VECTOR('',#10278,10.);
#3030=VECTOR('',#10281,10.);
#3031=VECTOR('',#10282,10.);
#3032=VECTOR('',#10285,10.);
#3033=VECTOR('',#10286,10.);
#3034=VECTOR('',#10289,10.);
#3035=VECTOR('',#10294,10.);
#3036=VECTOR('',#10295,10.);
#3037=VECTOR('',#10298,10.);
#3038=VECTOR('',#10303,10.);
#3039=VECTOR('',#10304,10.);
#3040=VECTOR('',#10309,10.);
#3041=VECTOR('',#10310,10.);
#3042=VECTOR('',#10313,10.);
#3043=VECTOR('',#10314,10.);
#3044=VECTOR('',#10317,10.);
#3045=VECTOR('',#10318,10.);
#3046=VECTOR('',#10321,10.);
#3047=VECTOR('',#10322,10.);
#3048=VECTOR('',#10325,10.);
#3049=VECTOR('',#10326,10.);
#3050=VECTOR('',#10329,10.);
#3051=VECTOR('',#10330,10.);
#3052=VECTOR('',#10333,10.);
#3053=VECTOR('',#10334,10.);
#3054=VECTOR('',#10335,10.);
#3055=VECTOR('',#10336,10.);
#3056=VECTOR('',#10337,10.);
#3057=VECTOR('',#10340,10.);
#3058=VECTOR('',#10351,0.999999999999996);
#3059=VECTOR('',#10358,1.14999999999999);
#3060=VECTOR('',#10361,1.4);
#3061=VECTOR('',#10372,0.999999999999996);
#3062=VECTOR('',#10379,1.14999999999999);
#3063=VECTOR('',#10382,1.4);
#3064=VECTOR('',#10393,0.999999999999996);
#3065=VECTOR('',#10400,1.14999999999999);
#3066=VECTOR('',#10403,1.4);
#3067=VECTOR('',#10420,0.899999999999999);
#3068=VECTOR('',#10429,0.999999999999999);
#3069=VECTOR('',#10438,1.1);
#3070=VECTOR('',#10447,1.2);
#3071=VECTOR('',#10458,0.899999999999999);
#3072=VECTOR('',#10467,0.999999999999999);
#3073=VECTOR('',#10476,1.1);
#3074=VECTOR('',#10485,1.2);
#3075=VECTOR('',#10496,0.899999999999999);
#3076=VECTOR('',#10505,0.999999999999999);
#3077=VECTOR('',#10514,1.1);
#3078=VECTOR('',#10523,1.2);
#3079=VECTOR('',#10534,0.899999999999999);
#3080=VECTOR('',#10543,0.999999999999999);
#3081=VECTOR('',#10552,1.1);
#3082=VECTOR('',#10561,1.2);
#3083=VECTOR('',#10572,0.899999999999999);
#3084=VECTOR('',#10581,0.999999999999999);
#3085=VECTOR('',#10590,1.1);
#3086=VECTOR('',#10599,1.2);
#3087=VECTOR('',#10610,0.899999999999999);
#3088=VECTOR('',#10619,0.999999999999999);
#3089=VECTOR('',#10628,1.1);
#3090=VECTOR('',#10637,1.2);
#3091=VECTOR('',#10644,10.);
#3092=VECTOR('',#10645,10.);
#3093=VECTOR('',#10646,10.);
#3094=VECTOR('',#10647,10.);
#3095=VECTOR('',#10648,10.);
#3096=VECTOR('',#10649,10.);
#3097=VECTOR('',#10652,10.);
#3098=VECTOR('',#10653,10.);
#3099=VECTOR('',#10654,10.);
#3100=VECTOR('',#10657,10.);
#3101=VECTOR('',#10658,10.);
#3102=VECTOR('',#10659,10.);
#3103=VECTOR('',#10660,10.);
#3104=VECTOR('',#10661,10.);
#3105=VECTOR('',#10664,10.);
#3106=VECTOR('',#10665,10.);
#3107=VECTOR('',#10666,10.);
#3108=VECTOR('',#10667,10.);
#3109=VECTOR('',#10670,10.);
#3110=VECTOR('',#10671,10.);
#3111=VECTOR('',#10672,10.);
#3112=VECTOR('',#10675,10.);
#3113=VECTOR('',#10676,10.);
#3114=VECTOR('',#10679,10.);
#3115=VECTOR('',#10680,10.);
#3116=VECTOR('',#10683,10.);
#3117=VECTOR('',#10686,10.);
#3118=VECTOR('',#10689,10.);
#3119=VECTOR('',#10690,10.);
#3120=VECTOR('',#10691,10.);
#3121=VECTOR('',#10692,10.);
#3122=VECTOR('',#10695,10.);
#3123=VECTOR('',#10698,10.);
#3124=VECTOR('',#10701,10.);
#3125=VECTOR('',#10702,10.);
#3126=VECTOR('',#10703,10.);
#3127=VECTOR('',#10704,10.);
#3128=VECTOR('',#10705,10.);
#3129=VECTOR('',#10706,10.);
#3130=VECTOR('',#10709,10.);
#3131=VECTOR('',#10712,10.);
#3132=VECTOR('',#10715,10.);
#3133=VECTOR('',#10716,10.);
#3134=VECTOR('',#10717,10.);
#3135=VECTOR('',#10720,10.);
#3136=VECTOR('',#10723,10.);
#3137=VECTOR('',#10726,10.);
#3138=VECTOR('',#10727,10.);
#3139=VECTOR('',#10728,10.);
#3140=VECTOR('',#10729,10.);
#3141=VECTOR('',#10730,10.);
#3142=VECTOR('',#10731,10.);
#3143=VECTOR('',#10734,10.);
#3144=VECTOR('',#10737,10.);
#3145=VECTOR('',#10740,10.);
#3146=VECTOR('',#10741,10.);
#3147=VECTOR('',#10742,10.);
#3148=VECTOR('',#10743,10.);
#3149=VECTOR('',#10746,10.);
#3150=VECTOR('',#10749,10.);
#3151=VECTOR('',#10752,10.);
#3152=VECTOR('',#10753,10.);
#3153=VECTOR('',#10754,10.);
#3154=VECTOR('',#10755,10.);
#3155=VECTOR('',#10756,10.);
#3156=VECTOR('',#10763,10.);
#3157=VECTOR('',#10764,10.);
#3158=VECTOR('',#10767,10.);
#3159=VECTOR('',#10768,10.);
#3160=VECTOR('',#10771,9.99999999999999);
#3161=VECTOR('',#10772,10.);
#3162=VECTOR('',#10773,10.);
#3163=VECTOR('',#10774,10.);
#3164=VECTOR('',#10777,10.);
#3165=VECTOR('',#10778,10.);
#3166=VECTOR('',#10781,10.);
#3167=VECTOR('',#10782,10.);
#3168=VECTOR('',#10785,10.);
#3169=VECTOR('',#10786,10.);
#3170=VECTOR('',#10787,10.);
#3171=VECTOR('',#10788,10.);
#3172=VECTOR('',#10791,10.);
#3173=VECTOR('',#10792,10.);
#3174=VECTOR('',#10793,10.);
#3175=VECTOR('',#10796,10.);
#3176=VECTOR('',#10797,10.);
#3177=VECTOR('',#10798,10.);
#3178=VECTOR('',#10801,10.);
#3179=VECTOR('',#10802,10.);
#3180=VECTOR('',#10803,10.);
#3181=VECTOR('',#10806,10.);
#3182=VECTOR('',#10807,10.);
#3183=VECTOR('',#10808,10.);
#3184=VECTOR('',#10811,10.);
#3185=VECTOR('',#10816,10.);
#3186=VECTOR('',#10817,10.);
#3187=VECTOR('',#10820,10.);
#3188=VECTOR('',#10825,10.);
#3189=VECTOR('',#10826,10.);
#3190=VECTOR('',#10827,10.);
#3191=VECTOR('',#10830,10.);
#3192=VECTOR('',#10835,10.);
#3193=VECTOR('',#10836,10.);
#3194=VECTOR('',#10839,10.);
#3195=VECTOR('',#10844,10.);
#3196=VECTOR('',#10845,10.);
#3197=VECTOR('',#10846,10.);
#3198=VECTOR('',#10849,10.);
#3199=VECTOR('',#10854,10.);
#3200=VECTOR('',#10855,10.);
#3201=VECTOR('',#10858,10.);
#3202=VECTOR('',#10863,10.);
#3203=VECTOR('',#10864,10.);
#3204=VECTOR('',#10869,10.);
#3205=VECTOR('',#10870,10.);
#3206=VECTOR('',#10871,10.);
#3207=VECTOR('',#10874,10.);
#3208=VECTOR('',#10875,10.);
#3209=VECTOR('',#10878,10.);
#3210=VECTOR('',#10881,10.);
#3211=VECTOR('',#10882,10.);
#3212=VECTOR('',#10883,10.);
#3213=VECTOR('',#10886,10.);
#3214=VECTOR('',#10887,10.);
#3215=VECTOR('',#10888,10.);
#3216=VECTOR('',#10891,10.);
#3217=VECTOR('',#10892,10.);
#3218=VECTOR('',#10897,10.);
#3219=VECTOR('',#10898,10.);
#3220=VECTOR('',#10899,10.);
#3221=VECTOR('',#10900,10.);
#3222=VECTOR('',#10903,10.);
#3223=VECTOR('',#10904,10.);
#3224=VECTOR('',#10905,10.);
#3225=VECTOR('',#10908,10.);
#3226=VECTOR('',#10909,10.);
#3227=VECTOR('',#10910,10.);
#3228=VECTOR('',#10911,10.);
#3229=VECTOR('',#10912,10.);
#3230=VECTOR('',#10913,10.);
#3231=VECTOR('',#10916,10.);
#3232=VECTOR('',#10917,10.);
#3233=VECTOR('',#10920,10.);
#3234=VECTOR('',#10921,10.);
#3235=VECTOR('',#10924,10.);
#3236=VECTOR('',#10925,10.);
#3237=VECTOR('',#10928,10.);
#3238=VECTOR('',#10929,10.);
#3239=VECTOR('',#10932,10.);
#3240=VECTOR('',#10933,10.);
#3241=VECTOR('',#10934,10.);
#3242=VECTOR('',#10937,10.);
#3243=VECTOR('',#10938,10.);
#3244=VECTOR('',#10939,10.);
#3245=VECTOR('',#10942,10.);
#3246=VECTOR('',#10943,10.);
#3247=VECTOR('',#10946,10.);
#3248=VECTOR('',#10947,10.);
#3249=VECTOR('',#10948,10.);
#3250=VECTOR('',#10951,10.);
#3251=VECTOR('',#10954,10.);
#3252=VECTOR('',#10957,10.);
#3253=VECTOR('',#10958,10.);
#3254=VECTOR('',#10965,10.);
#3255=VECTOR('',#10968,10.);
#3256=VECTOR('',#10971,10.);
#3257=VECTOR('',#10972,10.);
#3258=VECTOR('',#10979,10.);
#3259=VECTOR('',#10982,10.);
#3260=VECTOR('',#10985,10.);
#3261=VECTOR('',#10986,10.);
#3262=VECTOR('',#10993,10.);
#3263=VECTOR('',#10994,10.);
#3264=VECTOR('',#10995,10.);
#3265=VECTOR('',#11000,10.);
#3266=VECTOR('',#11001,10.);
#3267=VECTOR('',#11002,10.);
#3268=VECTOR('',#11005,10.);
#3269=VECTOR('',#11006,10.);
#3270=VECTOR('',#11007,10.);
#3271=VECTOR('',#11012,10.);
#3272=VECTOR('',#11013,10.);
#3273=VECTOR('',#11014,10.);
#3274=VECTOR('',#11017,10.);
#3275=VECTOR('',#11018,10.);
#3276=VECTOR('',#11019,10.);
#3277=VECTOR('',#11022,10.);
#3278=VECTOR('',#11023,10.);
#3279=VECTOR('',#11026,10.);
#3280=VECTOR('',#11027,10.);
#3281=VECTOR('',#11030,10.);
#3282=VECTOR('',#11031,10.);
#3283=VECTOR('',#11032,10.);
#3284=VECTOR('',#11035,10.);
#3285=VECTOR('',#11036,10.);
#3286=VECTOR('',#11037,10.);
#3287=VECTOR('',#11038,10.);
#3288=VECTOR('',#11039,10.);
#3289=VECTOR('',#11040,10.);
#3290=VECTOR('',#11043,10.);
#3291=VECTOR('',#11044,10.);
#3292=VECTOR('',#11047,10.);
#3293=VECTOR('',#11048,10.);
#3294=VECTOR('',#11049,10.);
#3295=VECTOR('',#11050,10.);
#3296=VECTOR('',#11053,10.);
#3297=VECTOR('',#11068,0.999999999999996);
#3298=VECTOR('',#11075,1.14999999999999);
#3299=VECTOR('',#11078,1.4);
#3300=VECTOR('',#11089,0.999999999999996);
#3301=VECTOR('',#11096,1.14999999999999);
#3302=VECTOR('',#11099,1.4);
#3303=VECTOR('',#11110,0.999999999999996);
#3304=VECTOR('',#11117,1.14999999999999);
#3305=VECTOR('',#11120,1.4);
#3306=VECTOR('',#11139,0.899999999999999);
#3307=VECTOR('',#11148,0.999999999999999);
#3308=VECTOR('',#11157,1.1);
#3309=VECTOR('',#11166,1.2);
#3310=VECTOR('',#11171,10.);
#3311=VECTOR('',#11172,10.);
#3312=VECTOR('',#11173,10.);
#3313=VECTOR('',#11174,10.);
#3314=VECTOR('',#11177,10.);
#3315=VECTOR('',#11178,10.);
#3316=VECTOR('',#11179,10.);
#3317=VECTOR('',#11180,10.);
#3318=VECTOR('',#11183,10.);
#3319=VECTOR('',#11184,10.);
#3320=VECTOR('',#11185,10.);
#3321=VECTOR('',#11186,10.);
#3322=VECTOR('',#11189,10.);
#3323=VECTOR('',#11190,10.);
#3324=VECTOR('',#11191,10.);
#3325=VECTOR('',#11192,10.);
#3326=VECTOR('',#11195,10.);
#3327=VECTOR('',#11196,10.);
#3328=VECTOR('',#11197,10.);
#3329=VECTOR('',#11198,10.);
#3330=VECTOR('',#11201,10.);
#3331=VECTOR('',#11202,10.);
#3332=VECTOR('',#11203,10.);
#3333=VECTOR('',#11204,10.);
#3334=VECTOR('',#11207,10.);
#3335=VECTOR('',#11208,10.);
#3336=VECTOR('',#11209,10.);
#3337=VECTOR('',#11210,10.);
#3338=VECTOR('',#11213,10.);
#3339=VECTOR('',#11214,10.);
#3340=VECTOR('',#11215,10.);
#3341=VECTOR('',#11216,10.);
#3342=VECTOR('',#11219,10.);
#3343=VECTOR('',#11220,10.);
#3344=VECTOR('',#11221,10.);
#3345=VECTOR('',#11224,10.);
#3346=VECTOR('',#11225,10.);
#3347=VECTOR('',#11226,10.);
#3348=VECTOR('',#11227,10.);
#3349=VECTOR('',#11232,10.);
#3350=VECTOR('',#11235,10.);
#3351=VECTOR('',#11238,10.);
#3352=VECTOR('',#11239,10.);
#3353=VECTOR('',#11240,10.);
#3354=VECTOR('',#11241,10.);
#3355=VECTOR('',#11244,10.);
#3356=VECTOR('',#11245,10.);
#3357=VECTOR('',#11246,10.);
#3358=VECTOR('',#11251,10.);
#3359=VECTOR('',#11258,10.);
#3360=VECTOR('',#11263,10.);
#3361=VECTOR('',#11264,10.);
#3362=VECTOR('',#11265,10.);
#3363=VECTOR('',#11268,10.);
#3364=VECTOR('',#11269,10.);
#3365=VECTOR('',#11274,10.);
#3366=VECTOR('',#11281,10.);
#3367=VECTOR('',#11286,10.);
#3368=VECTOR('',#11287,10.);
#3369=VECTOR('',#11288,10.);
#3370=VECTOR('',#11291,10.);
#3371=VECTOR('',#11292,10.);
#3372=VECTOR('',#11305,10.);
#3373=VECTOR('',#11316,10.);
#3374=VECTOR('',#11323,10.);
#3375=VECTOR('',#11326,10.);
#3376=VECTOR('',#11333,10.);
#3377=VECTOR('',#11344,10.);
#3378=VECTOR('',#11351,10.);
#3379=VECTOR('',#11354,10.);
#3380=VECTOR('',#11357,10.);
#3381=VECTOR('',#11358,10.);
#3382=VECTOR('',#11359,10.);
#3383=VECTOR('',#11360,10.);
#3384=VECTOR('',#11363,10.);
#3385=VECTOR('',#11364,10.);
#3386=VECTOR('',#11365,10.);
#3387=VECTOR('',#11368,10.);
#3388=VECTOR('',#11369,10.);
#3389=VECTOR('',#11370,10.);
#3390=VECTOR('',#11373,10.);
#3391=VECTOR('',#11374,10.);
#3392=VECTOR('',#11375,10.);
#3393=VECTOR('',#11376,10.);
#3394=VECTOR('',#11377,10.);
#3395=VECTOR('',#11378,10.);
#3396=VECTOR('',#11383,10.);
#3397=VECTOR('',#11384,10.);
#3398=VECTOR('',#11385,10.);
#3399=VECTOR('',#11388,10.);
#3400=VECTOR('',#11389,10.);
#3401=VECTOR('',#11390,10.);
#3402=VECTOR('',#11391,10.);
#3403=VECTOR('',#11392,10.);
#3404=VECTOR('',#11393,10.);
#3405=VECTOR('',#11394,10.);
#3406=VECTOR('',#11395,10.);
#3407=VECTOR('',#11396,10.);
#3408=VECTOR('',#11397,10.);
#3409=VECTOR('',#11398,10.);
#3410=VECTOR('',#11399,10.);
#3411=VECTOR('',#11400,10.);
#3412=VECTOR('',#11401,10.);
#3413=VECTOR('',#11402,10.);
#3414=VECTOR('',#11403,10.);
#3415=VECTOR('',#11404,10.);
#3416=VECTOR('',#11405,10.);
#3417=VECTOR('',#11406,10.);
#3418=VECTOR('',#11409,10.);
#3419=VECTOR('',#11412,10.);
#3420=VECTOR('',#11417,10.);
#3421=VECTOR('',#11418,10.);
#3422=VECTOR('',#11419,10.);
#3423=VECTOR('',#11422,10.);
#3424=VECTOR('',#11423,10.);
#3425=VECTOR('',#11426,10.);
#3426=VECTOR('',#11427,10.);
#3427=VECTOR('',#11430,10.);
#3428=VECTOR('',#11431,10.);
#3429=VECTOR('',#11432,10.);
#3430=VECTOR('',#11433,10.);
#3431=VECTOR('',#11436,10.);
#3432=VECTOR('',#11437,10.);
#3433=VECTOR('',#11438,10.);
#3434=VECTOR('',#11443,10.);
#3435=VECTOR('',#11446,10.);
#3436=VECTOR('',#11451,10.);
#3437=VECTOR('',#11454,10.);
#3438=VECTOR('',#11457,10.);
#3439=VECTOR('',#11460,10.);
#3440=VECTOR('',#11463,10.);
#3441=VECTOR('',#11466,10.);
#3442=VECTOR('',#11469,10.);
#3443=VECTOR('',#11472,10.);
#3444=VECTOR('',#11483,0.899999999999999);
#3445=VECTOR('',#11492,0.999999999999999);
#3446=VECTOR('',#11501,1.1);
#3447=VECTOR('',#11510,1.2);
#3448=VECTOR('',#11521,0.899999999999999);
#3449=VECTOR('',#11530,0.999999999999999);
#3450=VECTOR('',#11539,1.1);
#3451=VECTOR('',#11548,1.2);
#3452=VERTEX_POINT('',#11557);
#3453=VERTEX_POINT('',#11558);
#3454=VERTEX_POINT('',#11560);
#3455=VERTEX_POINT('',#11562);
#3456=VERTEX_POINT('',#11566);
#3457=VERTEX_POINT('',#11568);
#3458=VERTEX_POINT('',#11572);
#3459=VERTEX_POINT('',#11574);
#3460=VERTEX_POINT('',#11578);
#3461=VERTEX_POINT('',#11579);
#3462=VERTEX_POINT('',#11581);
#3463=VERTEX_POINT('',#11583);
#3464=VERTEX_POINT('',#11589);
#3465=VERTEX_POINT('',#11592);
#3466=VERTEX_POINT('',#11596);
#3467=VERTEX_POINT('',#11600);
#3468=VERTEX_POINT('',#11606);
#3469=VERTEX_POINT('',#11607);
#3470=VERTEX_POINT('',#11609);
#3471=VERTEX_POINT('',#11611);
#3472=VERTEX_POINT('',#11615);
#3473=VERTEX_POINT('',#11617);
#3474=VERTEX_POINT('',#11621);
#3475=VERTEX_POINT('',#11622);
#3476=VERTEX_POINT('',#11624);
#3477=VERTEX_POINT('',#11626);
#3478=VERTEX_POINT('',#11630);
#3479=VERTEX_POINT('',#11631);
#3480=VERTEX_POINT('',#11633);
#3481=VERTEX_POINT('',#11635);
#3482=VERTEX_POINT('',#11639);
#3483=VERTEX_POINT('',#11640);
#3484=VERTEX_POINT('',#11642);
#3485=VERTEX_POINT('',#11644);
#3486=VERTEX_POINT('',#11648);
#3487=VERTEX_POINT('',#11649);
#3488=VERTEX_POINT('',#11651);
#3489=VERTEX_POINT('',#11653);
#3490=VERTEX_POINT('',#11657);
#3491=VERTEX_POINT('',#11659);
#3492=VERTEX_POINT('',#11663);
#3493=VERTEX_POINT('',#11665);
#3494=VERTEX_POINT('',#11672);
#3495=VERTEX_POINT('',#11674);
#3496=VERTEX_POINT('',#11678);
#3497=VERTEX_POINT('',#11680);
#3498=VERTEX_POINT('',#11684);
#3499=VERTEX_POINT('',#11686);
#3500=VERTEX_POINT('',#11690);
#3501=VERTEX_POINT('',#11692);
#3502=VERTEX_POINT('',#11699);
#3503=VERTEX_POINT('',#11701);
#3504=VERTEX_POINT('',#11705);
#3505=VERTEX_POINT('',#11706);
#3506=VERTEX_POINT('',#11708);
#3507=VERTEX_POINT('',#11710);
#3508=VERTEX_POINT('',#11723);
#3509=VERTEX_POINT('',#11724);
#3510=VERTEX_POINT('',#11726);
#3511=VERTEX_POINT('',#11728);
#3512=VERTEX_POINT('',#11732);
#3513=VERTEX_POINT('',#11734);
#3514=VERTEX_POINT('',#11738);
#3515=VERTEX_POINT('',#11740);
#3516=VERTEX_POINT('',#11744);
#3517=VERTEX_POINT('',#11746);
#3518=VERTEX_POINT('',#11748);
#3519=VERTEX_POINT('',#11750);
#3520=VERTEX_POINT('',#11756);
#3521=VERTEX_POINT('',#11758);
#3522=VERTEX_POINT('',#11762);
#3523=VERTEX_POINT('',#11766);
#3524=VERTEX_POINT('',#11772);
#3525=VERTEX_POINT('',#11773);
#3526=VERTEX_POINT('',#11775);
#3527=VERTEX_POINT('',#11777);
#3528=VERTEX_POINT('',#11781);
#3529=VERTEX_POINT('',#11782);
#3530=VERTEX_POINT('',#11784);
#3531=VERTEX_POINT('',#11786);
#3532=VERTEX_POINT('',#11790);
#3533=VERTEX_POINT('',#11791);
#3534=VERTEX_POINT('',#11793);
#3535=VERTEX_POINT('',#11795);
#3536=VERTEX_POINT('',#11799);
#3537=VERTEX_POINT('',#11800);
#3538=VERTEX_POINT('',#11802);
#3539=VERTEX_POINT('',#11804);
#3540=VERTEX_POINT('',#11808);
#3541=VERTEX_POINT('',#11809);
#3542=VERTEX_POINT('',#11811);
#3543=VERTEX_POINT('',#11813);
#3544=VERTEX_POINT('',#11820);
#3545=VERTEX_POINT('',#11821);
#3546=VERTEX_POINT('',#11823);
#3547=VERTEX_POINT('',#11825);
#3548=VERTEX_POINT('',#11832);
#3549=VERTEX_POINT('',#11834);
#3550=VERTEX_POINT('',#11841);
#3551=VERTEX_POINT('',#11843);
#3552=VERTEX_POINT('',#11847);
#3553=VERTEX_POINT('',#11848);
#3554=VERTEX_POINT('',#11850);
#3555=VERTEX_POINT('',#11852);
#3556=VERTEX_POINT('',#11856);
#3557=VERTEX_POINT('',#11858);
#3558=VERTEX_POINT('',#11862);
#3559=VERTEX_POINT('',#11864);
#3560=VERTEX_POINT('',#11885);
#3561=VERTEX_POINT('',#11886);
#3562=VERTEX_POINT('',#11888);
#3563=VERTEX_POINT('',#11890);
#3564=VERTEX_POINT('',#11894);
#3565=VERTEX_POINT('',#11896);
#3566=VERTEX_POINT('',#11900);
#3567=VERTEX_POINT('',#11902);
#3568=VERTEX_POINT('',#11906);
#3569=VERTEX_POINT('',#11907);
#3570=VERTEX_POINT('',#11909);
#3571=VERTEX_POINT('',#11911);
#3572=VERTEX_POINT('',#11917);
#3573=VERTEX_POINT('',#11920);
#3574=VERTEX_POINT('',#11924);
#3575=VERTEX_POINT('',#11928);
#3576=VERTEX_POINT('',#11934);
#3577=VERTEX_POINT('',#11935);
#3578=VERTEX_POINT('',#11937);
#3579=VERTEX_POINT('',#11939);
#3580=VERTEX_POINT('',#11943);
#3581=VERTEX_POINT('',#11944);
#3582=VERTEX_POINT('',#11946);
#3583=VERTEX_POINT('',#11948);
#3584=VERTEX_POINT('',#11952);
#3585=VERTEX_POINT('',#11954);
#3586=VERTEX_POINT('',#11958);
#3587=VERTEX_POINT('',#11965);
#3588=VERTEX_POINT('',#11969);
#3589=VERTEX_POINT('',#11970);
#3590=VERTEX_POINT('',#11972);
#3591=VERTEX_POINT('',#11974);
#3592=VERTEX_POINT('',#11978);
#3593=VERTEX_POINT('',#11979);
#3594=VERTEX_POINT('',#11986);
#3595=VERTEX_POINT('',#11988);
#3596=VERTEX_POINT('',#11992);
#3597=VERTEX_POINT('',#11994);
#3598=VERTEX_POINT('',#11998);
#3599=VERTEX_POINT('',#12000);
#3600=VERTEX_POINT('',#12004);
#3601=VERTEX_POINT('',#12005);
#3602=VERTEX_POINT('',#12015);
#3603=VERTEX_POINT('',#12017);
#3604=VERTEX_POINT('',#12021);
#3605=VERTEX_POINT('',#12022);
#3606=VERTEX_POINT('',#12028);
#3607=VERTEX_POINT('',#12030);
#3608=VERTEX_POINT('',#12034);
#3609=VERTEX_POINT('',#12035);
#3610=VERTEX_POINT('',#12045);
#3611=VERTEX_POINT('',#12047);
#3612=VERTEX_POINT('',#12051);
#3613=VERTEX_POINT('',#12052);
#3614=VERTEX_POINT('',#12058);
#3615=VERTEX_POINT('',#12060);
#3616=VERTEX_POINT('',#12064);
#3617=VERTEX_POINT('',#12065);
#3618=VERTEX_POINT('',#12067);
#3619=VERTEX_POINT('',#12069);
#3620=VERTEX_POINT('',#12073);
#3621=VERTEX_POINT('',#12075);
#3622=VERTEX_POINT('',#12079);
#3623=VERTEX_POINT('',#12081);
#3624=VERTEX_POINT('',#12085);
#3625=VERTEX_POINT('',#12087);
#3626=VERTEX_POINT('',#12089);
#3627=VERTEX_POINT('',#12091);
#3628=VERTEX_POINT('',#12097);
#3629=VERTEX_POINT('',#12099);
#3630=VERTEX_POINT('',#12103);
#3631=VERTEX_POINT('',#12107);
#3632=VERTEX_POINT('',#12113);
#3633=VERTEX_POINT('',#12114);
#3634=VERTEX_POINT('',#12116);
#3635=VERTEX_POINT('',#12118);
#3636=VERTEX_POINT('',#12122);
#3637=VERTEX_POINT('',#12123);
#3638=VERTEX_POINT('',#12131);
#3639=VERTEX_POINT('',#12133);
#3640=VERTEX_POINT('',#12137);
#3641=VERTEX_POINT('',#12138);
#3642=VERTEX_POINT('',#12146);
#3643=VERTEX_POINT('',#12148);
#3644=VERTEX_POINT('',#12152);
#3645=VERTEX_POINT('',#12153);
#3646=VERTEX_POINT('',#12161);
#3647=VERTEX_POINT('',#12163);
#3648=VERTEX_POINT('',#12167);
#3649=VERTEX_POINT('',#12168);
#3650=VERTEX_POINT('',#12175);
#3651=VERTEX_POINT('',#12177);
#3652=VERTEX_POINT('',#12181);
#3653=VERTEX_POINT('',#12182);
#3654=VERTEX_POINT('',#12190);
#3655=VERTEX_POINT('',#12192);
#3656=VERTEX_POINT('',#12196);
#3657=VERTEX_POINT('',#12197);
#3658=VERTEX_POINT('',#12204);
#3659=VERTEX_POINT('',#12206);
#3660=VERTEX_POINT('',#12210);
#3661=VERTEX_POINT('',#12211);
#3662=VERTEX_POINT('',#12213);
#3663=VERTEX_POINT('',#12215);
#3664=VERTEX_POINT('',#12219);
#3665=VERTEX_POINT('',#12221);
#3666=VERTEX_POINT('',#12229);
#3667=VERTEX_POINT('',#12244);
#3668=VERTEX_POINT('',#12248);
#3669=VERTEX_POINT('',#12250);
#3670=VERTEX_POINT('',#12258);
#3671=VERTEX_POINT('',#12260);
#3672=VERTEX_POINT('',#12266);
#3673=VERTEX_POINT('',#12268);
#3674=VERTEX_POINT('',#12270);
#3675=VERTEX_POINT('',#12272);
#3676=VERTEX_POINT('',#12275);
#3677=VERTEX_POINT('',#12277);
#3678=VERTEX_POINT('',#12280);
#3679=VERTEX_POINT('',#12282);
#3680=VERTEX_POINT('',#12290);
#3681=VERTEX_POINT('',#12292);
#3682=VERTEX_POINT('',#12298);
#3683=VERTEX_POINT('',#12300);
#3684=VERTEX_POINT('',#12302);
#3685=VERTEX_POINT('',#12304);
#3686=VERTEX_POINT('',#12306);
#3687=VERTEX_POINT('',#12308);
#3688=VERTEX_POINT('',#12310);
#3689=VERTEX_POINT('',#12318);
#3690=VERTEX_POINT('',#12320);
#3691=VERTEX_POINT('',#12323);
#3692=VERTEX_POINT('',#12325);
#3693=VERTEX_POINT('',#12327);
#3694=VERTEX_POINT('',#12329);
#3695=VERTEX_POINT('',#12331);
#3696=VERTEX_POINT('',#12333);
#3697=VERTEX_POINT('',#12338);
#3698=VERTEX_POINT('',#12340);
#3699=VERTEX_POINT('',#12349);
#3700=VERTEX_POINT('',#12351);
#3701=VERTEX_POINT('',#12354);
#3702=VERTEX_POINT('',#12356);
#3703=VERTEX_POINT('',#12364);
#3704=VERTEX_POINT('',#12366);
#3705=VERTEX_POINT('',#12371);
#3706=VERTEX_POINT('',#12373);
#3707=VERTEX_POINT('',#12375);
#3708=VERTEX_POINT('',#12377);
#3709=VERTEX_POINT('',#12381);
#3710=VERTEX_POINT('',#12388);
#3711=VERTEX_POINT('',#12390);
#3712=VERTEX_POINT('',#12392);
#3713=VERTEX_POINT('',#12394);
#3714=VERTEX_POINT('',#12396);
#3715=VERTEX_POINT('',#12398);
#3716=VERTEX_POINT('',#12400);
#3717=VERTEX_POINT('',#12402);
#3718=VERTEX_POINT('',#12408);
#3719=VERTEX_POINT('',#12410);
#3720=VERTEX_POINT('',#12420);
#3721=VERTEX_POINT('',#12422);
#3722=VERTEX_POINT('',#12424);
#3723=VERTEX_POINT('',#12426);
#3724=VERTEX_POINT('',#12428);
#3725=VERTEX_POINT('',#12430);
#3726=VERTEX_POINT('',#12432);
#3727=VERTEX_POINT('',#12438);
#3728=VERTEX_POINT('',#12448);
#3729=VERTEX_POINT('',#12449);
#3730=VERTEX_POINT('',#12451);
#3731=VERTEX_POINT('',#12453);
#3732=VERTEX_POINT('',#12455);
#3733=VERTEX_POINT('',#12457);
#3734=VERTEX_POINT('',#12459);
#3735=VERTEX_POINT('',#12464);
#3736=VERTEX_POINT('',#12466);
#3737=VERTEX_POINT('',#12474);
#3738=VERTEX_POINT('',#12476);
#3739=VERTEX_POINT('',#12484);
#3740=VERTEX_POINT('',#12486);
#3741=VERTEX_POINT('',#12494);
#3742=VERTEX_POINT('',#12496);
#3743=VERTEX_POINT('',#12502);
#3744=VERTEX_POINT('',#12504);
#3745=VERTEX_POINT('',#12506);
#3746=VERTEX_POINT('',#12508);
#3747=VERTEX_POINT('',#12510);
#3748=VERTEX_POINT('',#12512);
#3749=VERTEX_POINT('',#12514);
#3750=VERTEX_POINT('',#12516);
#3751=VERTEX_POINT('',#12523);
#3752=VERTEX_POINT('',#12530);
#3753=VERTEX_POINT('',#12532);
#3754=VERTEX_POINT('',#12540);
#3755=VERTEX_POINT('',#12542);
#3756=VERTEX_POINT('',#12548);
#3757=VERTEX_POINT('',#12550);
#3758=VERTEX_POINT('',#12552);
#3759=VERTEX_POINT('',#12554);
#3760=VERTEX_POINT('',#12556);
#3761=VERTEX_POINT('',#12558);
#3762=VERTEX_POINT('',#12560);
#3763=VERTEX_POINT('',#12562);
#3764=VERTEX_POINT('',#12564);
#3765=VERTEX_POINT('',#12566);
#3766=VERTEX_POINT('',#12572);
#3767=VERTEX_POINT('',#12574);
#3768=VERTEX_POINT('',#12582);
#3769=VERTEX_POINT('',#12584);
#3770=VERTEX_POINT('',#12591);
#3771=VERTEX_POINT('',#12598);
#3772=VERTEX_POINT('',#12600);
#3773=VERTEX_POINT('',#12602);
#3774=VERTEX_POINT('',#12604);
#3775=VERTEX_POINT('',#12606);
#3776=VERTEX_POINT('',#12608);
#3777=VERTEX_POINT('',#12610);
#3778=VERTEX_POINT('',#12612);
#3779=VERTEX_POINT('',#12618);
#3780=VERTEX_POINT('',#12620);
#3781=VERTEX_POINT('',#12628);
#3782=VERTEX_POINT('',#12630);
#3783=VERTEX_POINT('',#12638);
#3784=VERTEX_POINT('',#12640);
#3785=VERTEX_POINT('',#12648);
#3786=VERTEX_POINT('',#12650);
#3787=VERTEX_POINT('',#12655);
#3788=VERTEX_POINT('',#12657);
#3789=VERTEX_POINT('',#12659);
#3790=VERTEX_POINT('',#12662);
#3791=VERTEX_POINT('',#12663);
#3792=VERTEX_POINT('',#12665);
#3793=VERTEX_POINT('',#12673);
#3794=VERTEX_POINT('',#12675);
#3795=VERTEX_POINT('',#12681);
#3796=VERTEX_POINT('',#12683);
#3797=VERTEX_POINT('',#12694);
#3798=VERTEX_POINT('',#12702);
#3799=VERTEX_POINT('',#12704);
#3800=VERTEX_POINT('',#12706);
#3801=VERTEX_POINT('',#12708);
#3802=VERTEX_POINT('',#12709);
#3803=VERTEX_POINT('',#12719);
#3804=VERTEX_POINT('',#12721);
#3805=VERTEX_POINT('',#12727);
#3806=VERTEX_POINT('',#12729);
#3807=VERTEX_POINT('',#12738);
#3808=VERTEX_POINT('',#12740);
#3809=VERTEX_POINT('',#12747);
#3810=VERTEX_POINT('',#12749);
#3811=VERTEX_POINT('',#12751);
#3812=VERTEX_POINT('',#12761);
#3813=VERTEX_POINT('',#12765);
#3814=VERTEX_POINT('',#12768);
#3815=VERTEX_POINT('',#12772);
#3816=VERTEX_POINT('',#12775);
#3817=VERTEX_POINT('',#12779);
#3818=VERTEX_POINT('',#12783);
#3819=VERTEX_POINT('',#12788);
#3820=VERTEX_POINT('',#12793);
#3821=VERTEX_POINT('',#12797);
#3822=VERTEX_POINT('',#12800);
#3823=VERTEX_POINT('',#12804);
#3824=VERTEX_POINT('',#12809);
#3825=VERTEX_POINT('',#12811);
#3826=VERTEX_POINT('',#12842);
#3827=VERTEX_POINT('',#12947);
#3828=VERTEX_POINT('',#13005);
#3829=VERTEX_POINT('',#13009);
#3830=VERTEX_POINT('',#13032);
#3831=VERTEX_POINT('',#13129);
#3832=VERTEX_POINT('',#13293);
#3833=VERTEX_POINT('',#13295);
#3834=VERTEX_POINT('',#13383);
#3835=VERTEX_POINT('',#13387);
#3836=VERTEX_POINT('',#13410);
#3837=VERTEX_POINT('',#13437);
#3838=VERTEX_POINT('',#13445);
#3839=VERTEX_POINT('',#13449);
#3840=VERTEX_POINT('',#13918);
#3841=VERTEX_POINT('',#13920);
#3842=VERTEX_POINT('',#13923);
#3843=VERTEX_POINT('',#13927);
#3844=VERTEX_POINT('',#13934);
#3845=VERTEX_POINT('',#13936);
#3846=VERTEX_POINT('',#13939);
#3847=VERTEX_POINT('',#13943);
#3848=VERTEX_POINT('',#13950);
#3849=VERTEX_POINT('',#13952);
#3850=VERTEX_POINT('',#13955);
#3851=VERTEX_POINT('',#13959);
#3852=VERTEX_POINT('',#13970);
#3853=VERTEX_POINT('',#13973);
#3854=VERTEX_POINT('',#13977);
#3855=VERTEX_POINT('',#13980);
#3856=VERTEX_POINT('',#13984);
#3857=VERTEX_POINT('',#13987);
#3858=VERTEX_POINT('',#13991);
#3859=VERTEX_POINT('',#13994);
#3860=VERTEX_POINT('',#13999);
#3861=VERTEX_POINT('',#14002);
#3862=VERTEX_POINT('',#14006);
#3863=VERTEX_POINT('',#14009);
#3864=VERTEX_POINT('',#14013);
#3865=VERTEX_POINT('',#14016);
#3866=VERTEX_POINT('',#14020);
#3867=VERTEX_POINT('',#14023);
#3868=VERTEX_POINT('',#14028);
#3869=VERTEX_POINT('',#14031);
#3870=VERTEX_POINT('',#14035);
#3871=VERTEX_POINT('',#14038);
#3872=VERTEX_POINT('',#14042);
#3873=VERTEX_POINT('',#14045);
#3874=VERTEX_POINT('',#14049);
#3875=VERTEX_POINT('',#14052);
#3876=VERTEX_POINT('',#14057);
#3877=VERTEX_POINT('',#14060);
#3878=VERTEX_POINT('',#14064);
#3879=VERTEX_POINT('',#14067);
#3880=VERTEX_POINT('',#14071);
#3881=VERTEX_POINT('',#14074);
#3882=VERTEX_POINT('',#14078);
#3883=VERTEX_POINT('',#14081);
#3884=VERTEX_POINT('',#14086);
#3885=VERTEX_POINT('',#14089);
#3886=VERTEX_POINT('',#14093);
#3887=VERTEX_POINT('',#14096);
#3888=VERTEX_POINT('',#14100);
#3889=VERTEX_POINT('',#14103);
#3890=VERTEX_POINT('',#14107);
#3891=VERTEX_POINT('',#14110);
#3892=VERTEX_POINT('',#14115);
#3893=VERTEX_POINT('',#14118);
#3894=VERTEX_POINT('',#14122);
#3895=VERTEX_POINT('',#14125);
#3896=VERTEX_POINT('',#14129);
#3897=VERTEX_POINT('',#14132);
#3898=VERTEX_POINT('',#14136);
#3899=VERTEX_POINT('',#14139);
#3900=VERTEX_POINT('',#14145);
#3901=VERTEX_POINT('',#14146);
#3902=VERTEX_POINT('',#14148);
#3903=VERTEX_POINT('',#14150);
#3904=VERTEX_POINT('',#14181);
#3905=VERTEX_POINT('',#14261);
#3906=VERTEX_POINT('',#14294);
#3907=VERTEX_POINT('',#14295);
#3908=VERTEX_POINT('',#14359);
#3909=VERTEX_POINT('',#14361);
#3910=VERTEX_POINT('',#14365);
#3911=VERTEX_POINT('',#14367);
#3912=VERTEX_POINT('',#14390);
#3913=VERTEX_POINT('',#14446);
#3914=VERTEX_POINT('',#14493);
#3915=VERTEX_POINT('',#14494);
#3916=VERTEX_POINT('',#14612);
#3917=VERTEX_POINT('',#14614);
#3918=VERTEX_POINT('',#14623);
#3919=VERTEX_POINT('',#14640);
#3920=VERTEX_POINT('',#14650);
#3921=VERTEX_POINT('',#14654);
#3922=VERTEX_POINT('',#14655);
#3923=VERTEX_POINT('',#14657);
#3924=VERTEX_POINT('',#14659);
#3925=VERTEX_POINT('',#14661);
#3926=VERTEX_POINT('',#14663);
#3927=VERTEX_POINT('',#14665);
#3928=VERTEX_POINT('',#14667);
#3929=VERTEX_POINT('',#14669);
#3930=VERTEX_POINT('',#14671);
#3931=VERTEX_POINT('',#14677);
#3932=VERTEX_POINT('',#14679);
#3933=VERTEX_POINT('',#14687);
#3934=VERTEX_POINT('',#14689);
#3935=VERTEX_POINT('',#14696);
#3936=VERTEX_POINT('',#14703);
#3937=VERTEX_POINT('',#14705);
#3938=VERTEX_POINT('',#14707);
#3939=VERTEX_POINT('',#14709);
#3940=VERTEX_POINT('',#14711);
#3941=VERTEX_POINT('',#14713);
#3942=VERTEX_POINT('',#14715);
#3943=VERTEX_POINT('',#14717);
#3944=VERTEX_POINT('',#14723);
#3945=VERTEX_POINT('',#14725);
#3946=VERTEX_POINT('',#14733);
#3947=VERTEX_POINT('',#14735);
#3948=VERTEX_POINT('',#14743);
#3949=VERTEX_POINT('',#14745);
#3950=VERTEX_POINT('',#14753);
#3951=VERTEX_POINT('',#14755);
#3952=VERTEX_POINT('',#14760);
#3953=VERTEX_POINT('',#14762);
#3954=VERTEX_POINT('',#14764);
#3955=VERTEX_POINT('',#14766);
#3956=VERTEX_POINT('',#14768);
#3957=VERTEX_POINT('',#14770);
#3958=VERTEX_POINT('',#14772);
#3959=VERTEX_POINT('',#14774);
#3960=VERTEX_POINT('',#14776);
#3961=VERTEX_POINT('',#14778);
#3962=VERTEX_POINT('',#14780);
#3963=VERTEX_POINT('',#14782);
#3964=VERTEX_POINT('',#14784);
#3965=VERTEX_POINT('',#14786);
#3966=VERTEX_POINT('',#14788);
#3967=VERTEX_POINT('',#14790);
#3968=VERTEX_POINT('',#14795);
#3969=VERTEX_POINT('',#14797);
#3970=VERTEX_POINT('',#14805);
#3971=VERTEX_POINT('',#14807);
#3972=VERTEX_POINT('',#14815);
#3973=VERTEX_POINT('',#14817);
#3974=VERTEX_POINT('',#14825);
#3975=VERTEX_POINT('',#14827);
#3976=VERTEX_POINT('',#14833);
#3977=VERTEX_POINT('',#14835);
#3978=VERTEX_POINT('',#14837);
#3979=VERTEX_POINT('',#14839);
#3980=VERTEX_POINT('',#14841);
#3981=VERTEX_POINT('',#14843);
#3982=VERTEX_POINT('',#14845);
#3983=VERTEX_POINT('',#14847);
#3984=VERTEX_POINT('',#14854);
#3985=VERTEX_POINT('',#14861);
#3986=VERTEX_POINT('',#14863);
#3987=VERTEX_POINT('',#14871);
#3988=VERTEX_POINT('',#14873);
#3989=VERTEX_POINT('',#14879);
#3990=VERTEX_POINT('',#14881);
#3991=VERTEX_POINT('',#14883);
#3992=VERTEX_POINT('',#14885);
#3993=VERTEX_POINT('',#14887);
#3994=VERTEX_POINT('',#14889);
#3995=VERTEX_POINT('',#14892);
#3996=VERTEX_POINT('',#14893);
#3997=VERTEX_POINT('',#14903);
#3998=VERTEX_POINT('',#14905);
#3999=VERTEX_POINT('',#14911);
#4000=VERTEX_POINT('',#14913);
#4001=VERTEX_POINT('',#14922);
#4002=VERTEX_POINT('',#14924);
#4003=VERTEX_POINT('',#14931);
#4004=VERTEX_POINT('',#14933);
#4005=VERTEX_POINT('',#14935);
#4006=VERTEX_POINT('',#14973);
#4007=VERTEX_POINT('',#14975);
#4008=VERTEX_POINT('',#15063);
#4009=VERTEX_POINT('',#15067);
#4010=VERTEX_POINT('',#15090);
#4011=VERTEX_POINT('',#15117);
#4012=VERTEX_POINT('',#15125);
#4013=VERTEX_POINT('',#15129);
#4014=VERTEX_POINT('',#15174);
#4015=VERTEX_POINT('',#15176);
#4016=VERTEX_POINT('',#15189);
#4017=VERTEX_POINT('',#15197);
#4018=VERTEX_POINT('',#15218);
#4019=VERTEX_POINT('',#15230);
#4020=VERTEX_POINT('',#15232);
#4021=VERTEX_POINT('',#15236);
#4022=VERTEX_POINT('',#15237);
#4023=VERTEX_POINT('',#15242);
#4024=VERTEX_POINT('',#15244);
#4025=VERTEX_POINT('',#15248);
#4026=VERTEX_POINT('',#15252);
#4027=VERTEX_POINT('',#15256);
#4028=VERTEX_POINT('',#15260);
#4029=VERTEX_POINT('',#15262);
#4030=VERTEX_POINT('',#15266);
#4031=VERTEX_POINT('',#15270);
#4032=VERTEX_POINT('',#15274);
#4033=VERTEX_POINT('',#15278);
#4034=VERTEX_POINT('',#15280);
#4035=VERTEX_POINT('',#15284);
#4036=VERTEX_POINT('',#15288);
#4037=VERTEX_POINT('',#15292);
#4038=VERTEX_POINT('',#15296);
#4039=VERTEX_POINT('',#15309);
#4040=VERTEX_POINT('',#15311);
#4041=VERTEX_POINT('',#15330);
#4042=VERTEX_POINT('',#15341);
#4043=VERTEX_POINT('',#15345);
#4044=VERTEX_POINT('',#15347);
#4045=VERTEX_POINT('',#15366);
#4046=VERTEX_POINT('',#15377);
#4047=VERTEX_POINT('',#15384);
#4048=VERTEX_POINT('',#15397);
#4049=VERTEX_POINT('',#15399);
#4050=VERTEX_POINT('',#15416);
#4051=VERTEX_POINT('',#15426);
#4052=VERTEX_POINT('',#15428);
#4053=VERTEX_POINT('',#15459);
#4054=VERTEX_POINT('',#15460);
#4055=VERTEX_POINT('',#15478);
#4056=VERTEX_POINT('',#15499);
#4057=VERTEX_POINT('',#15501);
#4058=VERTEX_POINT('',#15510);
#4059=VERTEX_POINT('',#15535);
#4060=VERTEX_POINT('',#15560);
#4061=VERTEX_POINT('',#15585);
#4062=VERTEX_POINT('',#15607);
#4063=VERTEX_POINT('',#15609);
#4064=VERTEX_POINT('',#15613);
#4065=VERTEX_POINT('',#15615);
#4066=VERTEX_POINT('',#15619);
#4067=VERTEX_POINT('',#15623);
#4068=VERTEX_POINT('',#15625);
#4069=VERTEX_POINT('',#15629);
#4070=VERTEX_POINT('',#15631);
#4071=VERTEX_POINT('',#15635);
#4072=VERTEX_POINT('',#15641);
#4073=VERTEX_POINT('',#15643);
#4074=VERTEX_POINT('',#15647);
#4075=VERTEX_POINT('',#15653);
#4076=VERTEX_POINT('',#15655);
#4077=VERTEX_POINT('',#15659);
#4078=VERTEX_POINT('',#15665);
#4079=VERTEX_POINT('',#15667);
#4080=VERTEX_POINT('',#15680);
#4081=VERTEX_POINT('',#15693);
#4082=VERTEX_POINT('',#15701);
#4083=VERTEX_POINT('',#15703);
#4084=VERTEX_POINT('',#15716);
#4085=VERTEX_POINT('',#15729);
#4086=VERTEX_POINT('',#15737);
#4087=VERTEX_POINT('',#15739);
#4088=VERTEX_POINT('',#15755);
#4089=VERTEX_POINT('',#15781);
#4090=VERTEX_POINT('',#15783);
#4091=VERTEX_POINT('',#15793);
#4092=VERTEX_POINT('',#15810);
#4093=VERTEX_POINT('',#15820);
#4094=VERTEX_POINT('',#15837);
#4095=VERTEX_POINT('',#15860);
#4096=VERTEX_POINT('',#15881);
#4097=VERTEX_POINT('',#15883);
#4098=VERTEX_POINT('',#15928);
#4099=VERTEX_POINT('',#15951);
#4100=VERTEX_POINT('',#15954);
#4101=VERTEX_POINT('',#15956);
#4102=VERTEX_POINT('',#15959);
#4103=VERTEX_POINT('',#15961);
#4104=VERTEX_POINT('',#15964);
#4105=VERTEX_POINT('',#15968);
#4106=VERTEX_POINT('',#15975);
#4107=VERTEX_POINT('',#15977);
#4108=VERTEX_POINT('',#15980);
#4109=VERTEX_POINT('',#15984);
#4110=VERTEX_POINT('',#15991);
#4111=VERTEX_POINT('',#15993);
#4112=VERTEX_POINT('',#15996);
#4113=VERTEX_POINT('',#16000);
#4114=VERTEX_POINT('',#16012);
#4115=VERTEX_POINT('',#16015);
#4116=VERTEX_POINT('',#16019);
#4117=VERTEX_POINT('',#16022);
#4118=VERTEX_POINT('',#16026);
#4119=VERTEX_POINT('',#16029);
#4120=VERTEX_POINT('',#16033);
#4121=VERTEX_POINT('',#16036);
#4122=VERTEX_POINT('',#16041);
#4123=VERTEX_POINT('',#16042);
#4124=VERTEX_POINT('',#16044);
#4125=VERTEX_POINT('',#16046);
#4126=VERTEX_POINT('',#16050);
#4127=VERTEX_POINT('',#16051);
#4128=VERTEX_POINT('',#16053);
#4129=VERTEX_POINT('',#16055);
#4130=VERTEX_POINT('',#16059);
#4131=VERTEX_POINT('',#16060);
#4132=VERTEX_POINT('',#16062);
#4133=VERTEX_POINT('',#16064);
#4134=VERTEX_POINT('',#16068);
#4135=VERTEX_POINT('',#16069);
#4136=VERTEX_POINT('',#16071);
#4137=VERTEX_POINT('',#16073);
#4138=VERTEX_POINT('',#16077);
#4139=VERTEX_POINT('',#16078);
#4140=VERTEX_POINT('',#16080);
#4141=VERTEX_POINT('',#16082);
#4142=VERTEX_POINT('',#16086);
#4143=VERTEX_POINT('',#16087);
#4144=VERTEX_POINT('',#16089);
#4145=VERTEX_POINT('',#16091);
#4146=VERTEX_POINT('',#16095);
#4147=VERTEX_POINT('',#16096);
#4148=VERTEX_POINT('',#16098);
#4149=VERTEX_POINT('',#16100);
#4150=VERTEX_POINT('',#16104);
#4151=VERTEX_POINT('',#16105);
#4152=VERTEX_POINT('',#16107);
#4153=VERTEX_POINT('',#16109);
#4154=VERTEX_POINT('',#16113);
#4155=VERTEX_POINT('',#16115);
#4156=VERTEX_POINT('',#16119);
#4157=VERTEX_POINT('',#16120);
#4158=VERTEX_POINT('',#16122);
#4159=VERTEX_POINT('',#16124);
#4160=VERTEX_POINT('',#16128);
#4161=VERTEX_POINT('',#16129);
#4162=VERTEX_POINT('',#16131);
#4163=VERTEX_POINT('',#16133);
#4164=VERTEX_POINT('',#16137);
#4165=VERTEX_POINT('',#16138);
#4166=VERTEX_POINT('',#16140);
#4167=VERTEX_POINT('',#16142);
#4168=VERTEX_POINT('',#16146);
#4169=VERTEX_POINT('',#16148);
#4170=VERTEX_POINT('',#16152);
#4171=VERTEX_POINT('',#16154);
#4172=VERTEX_POINT('',#16158);
#4173=VERTEX_POINT('',#16160);
#4174=VERTEX_POINT('',#16164);
#4175=VERTEX_POINT('',#16166);
#4176=VERTEX_POINT('',#16173);
#4177=VERTEX_POINT('',#16175);
#4178=VERTEX_POINT('',#16179);
#4179=VERTEX_POINT('',#16181);
#4180=VERTEX_POINT('',#16185);
#4181=VERTEX_POINT('',#16187);
#4182=VERTEX_POINT('',#16197);
#4183=VERTEX_POINT('',#16199);
#4184=VERTEX_POINT('',#16206);
#4185=VERTEX_POINT('',#16208);
#4186=VERTEX_POINT('',#16212);
#4187=VERTEX_POINT('',#16213);
#4188=VERTEX_POINT('',#16215);
#4189=VERTEX_POINT('',#16217);
#4190=VERTEX_POINT('',#16221);
#4191=VERTEX_POINT('',#16223);
#4192=VERTEX_POINT('',#16230);
#4193=VERTEX_POINT('',#16232);
#4194=VERTEX_POINT('',#16236);
#4195=VERTEX_POINT('',#16237);
#4196=VERTEX_POINT('',#16239);
#4197=VERTEX_POINT('',#16241);
#4198=VERTEX_POINT('',#16245);
#4199=VERTEX_POINT('',#16246);
#4200=VERTEX_POINT('',#16248);
#4201=VERTEX_POINT('',#16250);
#4202=VERTEX_POINT('',#16254);
#4203=VERTEX_POINT('',#16256);
#4204=VERTEX_POINT('',#16260);
#4205=VERTEX_POINT('',#16262);
#4206=VERTEX_POINT('',#16266);
#4207=VERTEX_POINT('',#16268);
#4208=VERTEX_POINT('',#16270);
#4209=VERTEX_POINT('',#16272);
#4210=VERTEX_POINT('',#16278);
#4211=VERTEX_POINT('',#16280);
#4212=VERTEX_POINT('',#16288);
#4213=VERTEX_POINT('',#16289);
#4214=VERTEX_POINT('',#16291);
#4215=VERTEX_POINT('',#16293);
#4216=VERTEX_POINT('',#16295);
#4217=VERTEX_POINT('',#16297);
#4218=VERTEX_POINT('',#16299);
#4219=VERTEX_POINT('',#16301);
#4220=VERTEX_POINT('',#16308);
#4221=VERTEX_POINT('',#16310);
#4222=VERTEX_POINT('',#16319);
#4223=VERTEX_POINT('',#16321);
#4224=VERTEX_POINT('',#16325);
#4225=VERTEX_POINT('',#16329);
#4226=VERTEX_POINT('',#16334);
#4227=VERTEX_POINT('',#16336);
#4228=VERTEX_POINT('',#16340);
#4229=VERTEX_POINT('',#16342);
#4230=VERTEX_POINT('',#16369);
#4231=VERTEX_POINT('',#16372);
#4232=VERTEX_POINT('',#16376);
#4233=VERTEX_POINT('',#16379);
#4234=VERTEX_POINT('',#16383);
#4235=VERTEX_POINT('',#16386);
#4236=VERTEX_POINT('',#16390);
#4237=VERTEX_POINT('',#16393);
#4238=VERTEX_POINT('',#16398);
#4239=VERTEX_POINT('',#16401);
#4240=VERTEX_POINT('',#16405);
#4241=VERTEX_POINT('',#16408);
#4242=VERTEX_POINT('',#16412);
#4243=VERTEX_POINT('',#16415);
#4244=VERTEX_POINT('',#16419);
#4245=VERTEX_POINT('',#16422);
#4246=EDGE_CURVE('',#3452,#3453,#1798,.T.);
#4247=EDGE_CURVE('',#3453,#3454,#1799,.T.);
#4248=EDGE_CURVE('',#3454,#3455,#1800,.T.);
#4249=EDGE_CURVE('',#3455,#3452,#1801,.T.);
#4250=EDGE_CURVE('',#3455,#3456,#1802,.T.);
#4251=EDGE_CURVE('',#3456,#3457,#1803,.T.);
#4252=EDGE_CURVE('',#3457,#3452,#1804,.T.);
#4253=EDGE_CURVE('',#3456,#3458,#1805,.T.);
#4254=EDGE_CURVE('',#3458,#3459,#1806,.T.);
#4255=EDGE_CURVE('',#3459,#3457,#1807,.T.);
#4256=EDGE_CURVE('',#3460,#3461,#1808,.T.);
#4257=EDGE_CURVE('',#3462,#3460,#1809,.T.);
#4258=EDGE_CURVE('',#3463,#3462,#1810,.T.);
#4259=EDGE_CURVE('',#3463,#3461,#1811,.T.);
#4260=EDGE_CURVE('',#3453,#3459,#1812,.T.);
#4261=EDGE_CURVE('',#3464,#3458,#1813,.T.);
#4262=EDGE_CURVE('',#3464,#3461,#1814,.T.);
#4263=EDGE_CURVE('',#3465,#3463,#1815,.T.);
#4264=EDGE_CURVE('',#3454,#3465,#1816,.T.);
#4265=EDGE_CURVE('',#3466,#3464,#1817,.T.);
#4266=EDGE_CURVE('',#3466,#3460,#1818,.T.);
#4267=EDGE_CURVE('',#3467,#3466,#1819,.T.);
#4268=EDGE_CURVE('',#3467,#3462,#1820,.T.);
#4269=EDGE_CURVE('',#3465,#3467,#1821,.T.);
#4270=EDGE_CURVE('',#3468,#3469,#1822,.T.);
#4271=EDGE_CURVE('',#3469,#3470,#1823,.T.);
#4272=EDGE_CURVE('',#3471,#3470,#1824,.T.);
#4273=EDGE_CURVE('',#3468,#3471,#1825,.T.);
#4274=EDGE_CURVE('',#3472,#3471,#1826,.T.);
#4275=EDGE_CURVE('',#3473,#3472,#1827,.T.);
#4276=EDGE_CURVE('',#3468,#3473,#1828,.T.);
#4277=EDGE_CURVE('',#3474,#3475,#1829,.T.);
#4278=EDGE_CURVE('',#3475,#3476,#1830,.T.);
#4279=EDGE_CURVE('',#3477,#3476,#1831,.T.);
#4280=EDGE_CURVE('',#3474,#3477,#1832,.T.);
#4281=EDGE_CURVE('',#3478,#3479,#1833,.T.);
#4282=EDGE_CURVE('',#3479,#3480,#1834,.T.);
#4283=EDGE_CURVE('',#3481,#3480,#1835,.T.);
#4284=EDGE_CURVE('',#3478,#3481,#1836,.T.);
#4285=EDGE_CURVE('',#3482,#3483,#1837,.T.);
#4286=EDGE_CURVE('',#3483,#3484,#1838,.T.);
#4287=EDGE_CURVE('',#3485,#3484,#1839,.T.);
#4288=EDGE_CURVE('',#3482,#3485,#1840,.T.);
#4289=EDGE_CURVE('',#3486,#3487,#1841,.T.);
#4290=EDGE_CURVE('',#3486,#3488,#1842,.T.);
#4291=EDGE_CURVE('',#3489,#3488,#1843,.T.);
#4292=EDGE_CURVE('',#3487,#3489,#1844,.T.);
#4293=EDGE_CURVE('',#3490,#3486,#354,.T.);
#4294=EDGE_CURVE('',#3490,#3491,#1845,.T.);
#4295=EDGE_CURVE('',#3488,#3491,#355,.T.);
#4296=EDGE_CURVE('',#3492,#3490,#356,.T.);
#4297=EDGE_CURVE('',#3492,#3493,#1846,.T.);
#4298=EDGE_CURVE('',#3491,#3493,#357,.T.);
#4299=EDGE_CURVE('',#3474,#3469,#1847,.T.);
#4300=EDGE_CURVE('',#3470,#3477,#1848,.T.);
#4301=EDGE_CURVE('',#3494,#3475,#358,.T.);
#4302=EDGE_CURVE('',#3494,#3495,#1849,.T.);
#4303=EDGE_CURVE('',#3476,#3495,#359,.T.);
#4304=EDGE_CURVE('',#3496,#3494,#360,.T.);
#4305=EDGE_CURVE('',#3496,#3497,#1850,.T.);
#4306=EDGE_CURVE('',#3495,#3497,#361,.T.);
#4307=EDGE_CURVE('',#3498,#3496,#1851,.T.);
#4308=EDGE_CURVE('',#3498,#3499,#1852,.T.);
#4309=EDGE_CURVE('',#3497,#3499,#1853,.T.);
#4310=EDGE_CURVE('',#3482,#3500,#362,.T.);
#4311=EDGE_CURVE('',#3501,#3485,#363,.T.);
#4312=EDGE_CURVE('',#3500,#3501,#1854,.T.);
#4313=EDGE_CURVE('',#3478,#3483,#364,.T.);
#4314=EDGE_CURVE('',#3484,#3481,#365,.T.);
#4315=EDGE_CURVE('',#3502,#3479,#366,.T.);
#4316=EDGE_CURVE('',#3502,#3503,#1855,.T.);
#4317=EDGE_CURVE('',#3480,#3503,#367,.T.);
#4318=EDGE_CURVE('',#3504,#3505,#368,.T.);
#4319=EDGE_CURVE('',#3504,#3506,#1856,.T.);
#4320=EDGE_CURVE('',#3507,#3506,#369,.T.);
#4321=EDGE_CURVE('',#3505,#3507,#1857,.T.);
#4322=EDGE_CURVE('',#3492,#3473,#1858,.T.);
#4323=EDGE_CURVE('',#3493,#3472,#1859,.T.);
#4324=EDGE_CURVE('',#3504,#3500,#1860,.T.);
#4325=EDGE_CURVE('',#3506,#3501,#1861,.T.);
#4326=EDGE_CURVE('',#3502,#3505,#1862,.T.);
#4327=EDGE_CURVE('',#3503,#3507,#1863,.T.);
#4328=EDGE_CURVE('',#3508,#3509,#1864,.T.);
#4329=EDGE_CURVE('',#3508,#3510,#1865,.T.);
#4330=EDGE_CURVE('',#3511,#3510,#1866,.T.);
#4331=EDGE_CURVE('',#3509,#3511,#1867,.T.);
#4332=EDGE_CURVE('',#3512,#3508,#1868,.T.);
#4333=EDGE_CURVE('',#3512,#3513,#1869,.T.);
#4334=EDGE_CURVE('',#3510,#3513,#1870,.T.);
#4335=EDGE_CURVE('',#3514,#3512,#1871,.T.);
#4336=EDGE_CURVE('',#3514,#3515,#1872,.T.);
#4337=EDGE_CURVE('',#3513,#3515,#1873,.T.);
#4338=EDGE_CURVE('',#3516,#3514,#1874,.T.);
#4339=EDGE_CURVE('',#3517,#3516,#1875,.T.);
#4340=EDGE_CURVE('',#3518,#3517,#1876,.T.);
#4341=EDGE_CURVE('',#3519,#3518,#1877,.T.);
#4342=EDGE_CURVE('',#3509,#3519,#1878,.T.);
#4343=EDGE_CURVE('',#3511,#3515,#1879,.T.);
#4344=EDGE_CURVE('',#3517,#3520,#1880,.T.);
#4345=EDGE_CURVE('',#3520,#3521,#1881,.T.);
#4346=EDGE_CURVE('',#3521,#3518,#1882,.T.);
#4347=EDGE_CURVE('',#3516,#3522,#1883,.T.);
#4348=EDGE_CURVE('',#3520,#3522,#1884,.T.);
#4349=EDGE_CURVE('',#3522,#3523,#1885,.T.);
#4350=EDGE_CURVE('',#3521,#3523,#1886,.T.);
#4351=EDGE_CURVE('',#3523,#3519,#1887,.T.);
#4352=EDGE_CURVE('',#3524,#3525,#1888,.T.);
#4353=EDGE_CURVE('',#3525,#3526,#1889,.T.);
#4354=EDGE_CURVE('',#3527,#3526,#1890,.T.);
#4355=EDGE_CURVE('',#3524,#3527,#1891,.T.);
#4356=EDGE_CURVE('',#3528,#3529,#1892,.T.);
#4357=EDGE_CURVE('',#3529,#3530,#1893,.T.);
#4358=EDGE_CURVE('',#3531,#3530,#1894,.T.);
#4359=EDGE_CURVE('',#3528,#3531,#1895,.T.);
#4360=EDGE_CURVE('',#3532,#3533,#1896,.T.);
#4361=EDGE_CURVE('',#3533,#3534,#1897,.T.);
#4362=EDGE_CURVE('',#3535,#3534,#1898,.T.);
#4363=EDGE_CURVE('',#3532,#3535,#1899,.T.);
#4364=EDGE_CURVE('',#3536,#3537,#1900,.T.);
#4365=EDGE_CURVE('',#3537,#3538,#1901,.T.);
#4366=EDGE_CURVE('',#3539,#3538,#1902,.T.);
#4367=EDGE_CURVE('',#3536,#3539,#1903,.T.);
#4368=EDGE_CURVE('',#3540,#3541,#1904,.T.);
#4369=EDGE_CURVE('',#3541,#3542,#1905,.T.);
#4370=EDGE_CURVE('',#3543,#3542,#1906,.T.);
#4371=EDGE_CURVE('',#3540,#3543,#1907,.T.);
#4372=EDGE_CURVE('',#3538,#3527,#1908,.T.);
#4373=EDGE_CURVE('',#3524,#3537,#1909,.T.);
#4374=EDGE_CURVE('',#3544,#3545,#370,.T.);
#4375=EDGE_CURVE('',#3544,#3546,#1910,.T.);
#4376=EDGE_CURVE('',#3547,#3546,#371,.T.);
#4377=EDGE_CURVE('',#3545,#3547,#1911,.T.);
#4378=EDGE_CURVE('',#3536,#3529,#372,.T.);
#4379=EDGE_CURVE('',#3530,#3539,#373,.T.);
#4380=EDGE_CURVE('',#3540,#3548,#374,.T.);
#4381=EDGE_CURVE('',#3549,#3543,#375,.T.);
#4382=EDGE_CURVE('',#3548,#3549,#1912,.T.);
#4383=EDGE_CURVE('',#3532,#3541,#376,.T.);
#4384=EDGE_CURVE('',#3542,#3535,#377,.T.);
#4385=EDGE_CURVE('',#3550,#3533,#378,.T.);
#4386=EDGE_CURVE('',#3550,#3551,#1913,.T.);
#4387=EDGE_CURVE('',#3534,#3551,#379,.T.);
#4388=EDGE_CURVE('',#3552,#3553,#380,.T.);
#4389=EDGE_CURVE('',#3552,#3554,#1914,.T.);
#4390=EDGE_CURVE('',#3555,#3554,#381,.T.);
#4391=EDGE_CURVE('',#3553,#3555,#1915,.T.);
#4392=EDGE_CURVE('',#3544,#3556,#1916,.T.);
#4393=EDGE_CURVE('',#3556,#3557,#1917,.T.);
#4394=EDGE_CURVE('',#3546,#3557,#1918,.T.);
#4395=EDGE_CURVE('',#3558,#3545,#1919,.T.);
#4396=EDGE_CURVE('',#3559,#3547,#1920,.T.);
#4397=EDGE_CURVE('',#3558,#3559,#1921,.T.);
#4398=EDGE_CURVE('',#3552,#3548,#1922,.T.);
#4399=EDGE_CURVE('',#3554,#3549,#1923,.T.);
#4400=EDGE_CURVE('',#3550,#3553,#1924,.T.);
#4401=EDGE_CURVE('',#3551,#3555,#1925,.T.);
#4402=EDGE_CURVE('',#3558,#3525,#1926,.T.);
#4403=EDGE_CURVE('',#3526,#3559,#1927,.T.);
#4404=EDGE_CURVE('',#3528,#3498,#1928,.T.);
#4405=EDGE_CURVE('',#3531,#3499,#1929,.T.);
#4406=EDGE_CURVE('',#3487,#3556,#1930,.T.);
#4407=EDGE_CURVE('',#3557,#3489,#1931,.T.);
#4408=EDGE_CURVE('',#3560,#3561,#1932,.T.);
#4409=EDGE_CURVE('',#3561,#3562,#1933,.T.);
#4410=EDGE_CURVE('',#3562,#3563,#1934,.T.);
#4411=EDGE_CURVE('',#3563,#3560,#1935,.T.);
#4412=EDGE_CURVE('',#3563,#3564,#1936,.T.);
#4413=EDGE_CURVE('',#3564,#3565,#1937,.T.);
#4414=EDGE_CURVE('',#3565,#3560,#1938,.T.);
#4415=EDGE_CURVE('',#3564,#3566,#1939,.T.);
#4416=EDGE_CURVE('',#3566,#3567,#1940,.T.);
#4417=EDGE_CURVE('',#3567,#3565,#1941,.T.);
#4418=EDGE_CURVE('',#3568,#3569,#1942,.T.);
#4419=EDGE_CURVE('',#3570,#3568,#1943,.T.);
#4420=EDGE_CURVE('',#3571,#3570,#1944,.T.);
#4421=EDGE_CURVE('',#3571,#3569,#1945,.T.);
#4422=EDGE_CURVE('',#3561,#3567,#1946,.T.);
#4423=EDGE_CURVE('',#3572,#3566,#1947,.T.);
#4424=EDGE_CURVE('',#3572,#3569,#1948,.T.);
#4425=EDGE_CURVE('',#3573,#3571,#1949,.T.);
#4426=EDGE_CURVE('',#3562,#3573,#1950,.T.);
#4427=EDGE_CURVE('',#3574,#3572,#1951,.T.);
#4428=EDGE_CURVE('',#3574,#3568,#1952,.T.);
#4429=EDGE_CURVE('',#3575,#3574,#1953,.T.);
#4430=EDGE_CURVE('',#3575,#3570,#1954,.T.);
#4431=EDGE_CURVE('',#3573,#3575,#1955,.T.);
#4432=EDGE_CURVE('',#3576,#3577,#1956,.T.);
#4433=EDGE_CURVE('',#3578,#3576,#1957,.T.);
#4434=EDGE_CURVE('',#3579,#3578,#1958,.T.);
#4435=EDGE_CURVE('',#3579,#3577,#1959,.T.);
#4436=EDGE_CURVE('',#3580,#3581,#1960,.T.);
#4437=EDGE_CURVE('',#3580,#3582,#1961,.T.);
#4438=EDGE_CURVE('',#3583,#3582,#1962,.T.);
#4439=EDGE_CURVE('',#3581,#3583,#1963,.T.);
#4440=EDGE_CURVE('',#3584,#3580,#382,.T.);
#4441=EDGE_CURVE('',#3584,#3585,#1964,.T.);
#4442=EDGE_CURVE('',#3582,#3585,#383,.T.);
#4443=EDGE_CURVE('',#3586,#3584,#111,.T.);
#4444=EDGE_CURVE('',#3586,#3587,#1965,.T.);
#4445=EDGE_CURVE('',#3585,#3587,#384,.T.);
#4446=EDGE_CURVE('',#3588,#3589,#1966,.T.);
#4447=EDGE_CURVE('',#3588,#3590,#1967,.T.);
#4448=EDGE_CURVE('',#3591,#3590,#1968,.T.);
#4449=EDGE_CURVE('',#3589,#3591,#1969,.T.);
#4450=EDGE_CURVE('',#3592,#3593,#112,.T.);
#4451=EDGE_CURVE('',#3592,#3594,#1970,.T.);
#4452=EDGE_CURVE('',#3595,#3594,#385,.T.);
#4453=EDGE_CURVE('',#3593,#3595,#1971,.T.);
#4454=EDGE_CURVE('',#3596,#3592,#386,.T.);
#4455=EDGE_CURVE('',#3596,#3597,#1972,.T.);
#4456=EDGE_CURVE('',#3594,#3597,#387,.T.);
#4457=EDGE_CURVE('',#3598,#3596,#1973,.T.);
#4458=EDGE_CURVE('',#3598,#3599,#1974,.T.);
#4459=EDGE_CURVE('',#3597,#3599,#1975,.T.);
#4460=EDGE_CURVE('',#3600,#3601,#113,.T.);
#4461=EDGE_CURVE('',#3600,#3602,#1976,.T.);
#4462=EDGE_CURVE('',#3603,#3602,#388,.T.);
#4463=EDGE_CURVE('',#3601,#3603,#1977,.T.);
#4464=EDGE_CURVE('',#3604,#3605,#114,.T.);
#4465=EDGE_CURVE('',#3604,#3606,#1978,.T.);
#4466=EDGE_CURVE('',#3607,#3606,#389,.T.);
#4467=EDGE_CURVE('',#3605,#3607,#1979,.T.);
#4468=EDGE_CURVE('',#3608,#3609,#115,.T.);
#4469=EDGE_CURVE('',#3608,#3610,#1980,.T.);
#4470=EDGE_CURVE('',#3611,#3610,#390,.T.);
#4471=EDGE_CURVE('',#3609,#3611,#1981,.T.);
#4472=EDGE_CURVE('',#3612,#3613,#116,.T.);
#4473=EDGE_CURVE('',#3612,#3614,#1982,.T.);
#4474=EDGE_CURVE('',#3615,#3614,#391,.T.);
#4475=EDGE_CURVE('',#3613,#3615,#1983,.T.);
#4476=EDGE_CURVE('',#3616,#3617,#1984,.T.);
#4477=EDGE_CURVE('',#3616,#3618,#1985,.T.);
#4478=EDGE_CURVE('',#3619,#3618,#1986,.T.);
#4479=EDGE_CURVE('',#3617,#3619,#1987,.T.);
#4480=EDGE_CURVE('',#3620,#3616,#1988,.T.);
#4481=EDGE_CURVE('',#3620,#3621,#1989,.T.);
#4482=EDGE_CURVE('',#3618,#3621,#1990,.T.);
#4483=EDGE_CURVE('',#3622,#3620,#1991,.T.);
#4484=EDGE_CURVE('',#3622,#3623,#1992,.T.);
#4485=EDGE_CURVE('',#3621,#3623,#1993,.T.);
#4486=EDGE_CURVE('',#3624,#3622,#1994,.T.);
#4487=EDGE_CURVE('',#3625,#3624,#1995,.T.);
#4488=EDGE_CURVE('',#3626,#3625,#1996,.T.);
#4489=EDGE_CURVE('',#3627,#3626,#1997,.T.);
#4490=EDGE_CURVE('',#3617,#3627,#1998,.T.);
#4491=EDGE_CURVE('',#3619,#3623,#1999,.T.);
#4492=EDGE_CURVE('',#3625,#3628,#2000,.T.);
#4493=EDGE_CURVE('',#3628,#3629,#2001,.T.);
#4494=EDGE_CURVE('',#3629,#3626,#2002,.T.);
#4495=EDGE_CURVE('',#3624,#3630,#2003,.T.);
#4496=EDGE_CURVE('',#3628,#3630,#2004,.T.);
#4497=EDGE_CURVE('',#3630,#3631,#2005,.T.);
#4498=EDGE_CURVE('',#3629,#3631,#2006,.T.);
#4499=EDGE_CURVE('',#3631,#3627,#2007,.T.);
#4500=EDGE_CURVE('',#3632,#3633,#2008,.T.);
#4501=EDGE_CURVE('',#3634,#3632,#2009,.T.);
#4502=EDGE_CURVE('',#3635,#3634,#2010,.T.);
#4503=EDGE_CURVE('',#3635,#3633,#2011,.T.);
#4504=EDGE_CURVE('',#3636,#3637,#117,.T.);
#4505=EDGE_CURVE('',#3636,#3638,#2012,.T.);
#4506=EDGE_CURVE('',#3639,#3638,#392,.T.);
#4507=EDGE_CURVE('',#3637,#3639,#2013,.T.);
#4508=EDGE_CURVE('',#3640,#3641,#118,.T.);
#4509=EDGE_CURVE('',#3640,#3642,#2014,.T.);
#4510=EDGE_CURVE('',#3643,#3642,#393,.T.);
#4511=EDGE_CURVE('',#3641,#3643,#2015,.T.);
#4512=EDGE_CURVE('',#3644,#3645,#119,.T.);
#4513=EDGE_CURVE('',#3644,#3646,#2016,.T.);
#4514=EDGE_CURVE('',#3647,#3646,#394,.T.);
#4515=EDGE_CURVE('',#3645,#3647,#2017,.T.);
#4516=EDGE_CURVE('',#3648,#3649,#120,.T.);
#4517=EDGE_CURVE('',#3648,#3650,#2018,.T.);
#4518=EDGE_CURVE('',#3651,#3650,#395,.T.);
#4519=EDGE_CURVE('',#3649,#3651,#2019,.T.);
#4520=EDGE_CURVE('',#3652,#3653,#121,.T.);
#4521=EDGE_CURVE('',#3652,#3654,#2020,.T.);
#4522=EDGE_CURVE('',#3655,#3654,#396,.T.);
#4523=EDGE_CURVE('',#3653,#3655,#2021,.T.);
#4524=EDGE_CURVE('',#3656,#3657,#122,.T.);
#4525=EDGE_CURVE('',#3656,#3658,#2022,.T.);
#4526=EDGE_CURVE('',#3659,#3658,#397,.T.);
#4527=EDGE_CURVE('',#3657,#3659,#2023,.T.);
#4528=EDGE_CURVE('',#3660,#3661,#2024,.T.);
#4529=EDGE_CURVE('',#3660,#3662,#2025,.T.);
#4530=EDGE_CURVE('',#3663,#3662,#2026,.T.);
#4531=EDGE_CURVE('',#3661,#3663,#2027,.T.);
#4532=EDGE_CURVE('',#3664,#3598,#2028,.T.);
#4533=EDGE_CURVE('',#3664,#3665,#2029,.T.);
#4534=EDGE_CURVE('',#3665,#3599,#2030,.T.);
#4535=EDGE_CURVE('',#3665,#3643,#2031,.T.);
#4536=EDGE_CURVE('',#3642,#3632,#2032,.T.);
#4537=EDGE_CURVE('',#3633,#3663,#2033,.T.);
#4538=EDGE_CURVE('',#3662,#3639,#2034,.T.);
#4539=EDGE_CURVE('',#3638,#3666,#2035,.T.);
#4540=EDGE_CURVE('',#3666,#3583,#2036,.T.);
#4541=EDGE_CURVE('',#3587,#3576,#2037,.T.);
#4542=EDGE_CURVE('',#3577,#3591,#2038,.T.);
#4543=EDGE_CURVE('',#3590,#3595,#2039,.T.);
#4544=EDGE_CURVE('',#3602,#3607,#2040,.T.);
#4545=EDGE_CURVE('',#3606,#3611,#2041,.T.);
#4546=EDGE_CURVE('',#3610,#3615,#2042,.T.);
#4547=EDGE_CURVE('',#3614,#3603,#2043,.T.);
#4548=EDGE_CURVE('',#3646,#3651,#2044,.T.);
#4549=EDGE_CURVE('',#3650,#3655,#2045,.T.);
#4550=EDGE_CURVE('',#3654,#3659,#2046,.T.);
#4551=EDGE_CURVE('',#3658,#3647,#2047,.T.);
#4552=EDGE_CURVE('',#3667,#3666,#2048,.T.);
#4553=EDGE_CURVE('',#3581,#3667,#2049,.T.);
#4554=EDGE_CURVE('',#3668,#3578,#2050,.T.);
#4555=EDGE_CURVE('',#3669,#3668,#123,.T.);
#4556=EDGE_CURVE('',#3670,#3669,#2051,.T.);
#4557=EDGE_CURVE('',#3671,#3670,#124,.T.);
#4558=EDGE_CURVE('',#3671,#3672,#2052,.T.);
#4559=EDGE_CURVE('',#3673,#3672,#398,.T.);
#4560=EDGE_CURVE('',#3674,#3673,#2053,.T.);
#4561=EDGE_CURVE('',#3675,#3674,#399,.T.);
#4562=EDGE_CURVE('',#3675,#3579,#2054,.T.);
#4563=EDGE_CURVE('',#3676,#3676,#400,.T.);
#4564=EDGE_CURVE('',#3677,#3677,#401,.T.);
#4565=EDGE_CURVE('',#3678,#3667,#2055,.T.);
#4566=EDGE_CURVE('',#3679,#3678,#125,.T.);
#4567=EDGE_CURVE('',#3680,#3679,#2056,.T.);
#4568=EDGE_CURVE('',#3681,#3680,#126,.T.);
#4569=EDGE_CURVE('',#3682,#3681,#2057,.T.);
#4570=EDGE_CURVE('',#3683,#3682,#402,.T.);
#4571=EDGE_CURVE('',#3684,#3683,#2058,.T.);
#4572=EDGE_CURVE('',#3685,#3684,#403,.T.);
#4573=EDGE_CURVE('',#3686,#3685,#2059,.T.);
#4574=EDGE_CURVE('',#3687,#3686,#95,.T.);
#4575=EDGE_CURVE('',#3688,#3687,#2060,.T.);
#4576=EDGE_CURVE('',#3688,#3584,#127,.F.);
#4577=EDGE_CURVE('',#3689,#3689,#404,.T.);
#4578=EDGE_CURVE('',#3690,#3690,#405,.T.);
#4579=EDGE_CURVE('',#3661,#3691,#2061,.T.);
#4580=EDGE_CURVE('',#3692,#3691,#406,.T.);
#4581=EDGE_CURVE('',#3693,#3692,#2062,.T.);
#4582=EDGE_CURVE('',#3694,#3693,#407,.T.);
#4583=EDGE_CURVE('',#3695,#3694,#2063,.T.);
#4584=EDGE_CURVE('',#3696,#3695,#128,.T.);
#4585=EDGE_CURVE('',#3697,#3696,#2064,.T.);
#4586=EDGE_CURVE('',#3698,#3697,#129,.T.);
#4587=EDGE_CURVE('',#3660,#3698,#2065,.T.);
#4588=EDGE_CURVE('',#3699,#3699,#408,.T.);
#4589=EDGE_CURVE('',#3700,#3700,#409,.T.);
#4590=EDGE_CURVE('',#3701,#3634,#2066,.T.);
#4591=EDGE_CURVE('',#3702,#3701,#130,.T.);
#4592=EDGE_CURVE('',#3702,#3703,#2067,.T.);
#4593=EDGE_CURVE('',#3704,#3703,#131,.T.);
#4594=EDGE_CURVE('',#3704,#3705,#2068,.T.);
#4595=EDGE_CURVE('',#3706,#3705,#410,.T.);
#4596=EDGE_CURVE('',#3706,#3707,#2069,.T.);
#4597=EDGE_CURVE('',#3708,#3707,#411,.T.);
#4598=EDGE_CURVE('',#3708,#3635,#2070,.T.);
#4599=EDGE_CURVE('',#3592,#3709,#132,.F.);
#4600=EDGE_CURVE('',#3709,#3710,#2071,.T.);
#4601=EDGE_CURVE('',#3711,#3710,#96,.T.);
#4602=EDGE_CURVE('',#3711,#3712,#2072,.T.);
#4603=EDGE_CURVE('',#3713,#3712,#412,.T.);
#4604=EDGE_CURVE('',#3713,#3714,#2073,.T.);
#4605=EDGE_CURVE('',#3715,#3714,#413,.T.);
#4606=EDGE_CURVE('',#3715,#3716,#2074,.T.);
#4607=EDGE_CURVE('',#3717,#3716,#133,.T.);
#4608=EDGE_CURVE('',#3717,#3718,#2075,.T.);
#4609=EDGE_CURVE('',#3719,#3718,#134,.T.);
#4610=EDGE_CURVE('',#3664,#3719,#2076,.T.);
#4611=EDGE_CURVE('',#3588,#3720,#2077,.T.);
#4612=EDGE_CURVE('',#3589,#3721,#2078,.T.);
#4613=EDGE_CURVE('',#3722,#3721,#414,.T.);
#4614=EDGE_CURVE('',#3722,#3723,#2079,.T.);
#4615=EDGE_CURVE('',#3724,#3723,#415,.T.);
#4616=EDGE_CURVE('',#3725,#3724,#2080,.T.);
#4617=EDGE_CURVE('',#3726,#3725,#135,.T.);
#4618=EDGE_CURVE('',#3726,#3727,#2081,.T.);
#4619=EDGE_CURVE('',#3720,#3727,#136,.T.);
#4620=EDGE_CURVE('',#3728,#3729,#2082,.T.);
#4621=EDGE_CURVE('',#3730,#3729,#416,.T.);
#4622=EDGE_CURVE('',#3731,#3730,#2083,.T.);
#4623=EDGE_CURVE('',#3732,#3731,#417,.T.);
#4624=EDGE_CURVE('',#3733,#3732,#2084,.T.);
#4625=EDGE_CURVE('',#3734,#3733,#137,.T.);
#4626=EDGE_CURVE('',#3735,#3734,#2085,.T.);
#4627=EDGE_CURVE('',#3736,#3735,#138,.T.);
#4628=EDGE_CURVE('',#3737,#3736,#2086,.T.);
#4629=EDGE_CURVE('',#3738,#3737,#139,.T.);
#4630=EDGE_CURVE('',#3739,#3738,#2087,.T.);
#4631=EDGE_CURVE('',#3740,#3739,#140,.T.);
#4632=EDGE_CURVE('',#3741,#3740,#2088,.T.);
#4633=EDGE_CURVE('',#3742,#3741,#141,.T.);
#4634=EDGE_CURVE('',#3743,#3742,#2089,.T.);
#4635=EDGE_CURVE('',#3744,#3743,#418,.T.);
#4636=EDGE_CURVE('',#3745,#3744,#2090,.T.);
#4637=EDGE_CURVE('',#3746,#3745,#419,.T.);
#4638=EDGE_CURVE('',#3747,#3746,#2091,.T.);
#4639=EDGE_CURVE('',#3748,#3747,#97,.T.);
#4640=EDGE_CURVE('',#3749,#3748,#2092,.T.);
#4641=EDGE_CURVE('',#3750,#3749,#142,.T.);
#4642=EDGE_CURVE('',#3751,#3750,#143,.T.);
#4643=EDGE_CURVE('',#3752,#3751,#2093,.T.);
#4644=EDGE_CURVE('',#3753,#3752,#144,.T.);
#4645=EDGE_CURVE('',#3754,#3753,#2094,.T.);
#4646=EDGE_CURVE('',#3755,#3754,#145,.T.);
#4647=EDGE_CURVE('',#3756,#3755,#2095,.T.);
#4648=EDGE_CURVE('',#3757,#3756,#420,.T.);
#4649=EDGE_CURVE('',#3758,#3757,#2096,.T.);
#4650=EDGE_CURVE('',#3759,#3758,#421,.T.);
#4651=EDGE_CURVE('',#3759,#3760,#2097,.T.);
#4652=EDGE_CURVE('',#3761,#3760,#422,.T.);
#4653=EDGE_CURVE('',#3761,#3762,#2098,.T.);
#4654=EDGE_CURVE('',#3763,#3762,#423,.T.);
#4655=EDGE_CURVE('',#3763,#3764,#2099,.T.);
#4656=EDGE_CURVE('',#3765,#3764,#146,.T.);
#4657=EDGE_CURVE('',#3765,#3766,#2100,.T.);
#4658=EDGE_CURVE('',#3767,#3766,#147,.T.);
#4659=EDGE_CURVE('',#3767,#3768,#2101,.T.);
#4660=EDGE_CURVE('',#3769,#3768,#148,.T.);
#4661=EDGE_CURVE('',#3770,#3769,#149,.T.);
#4662=EDGE_CURVE('',#3770,#3771,#2102,.T.);
#4663=EDGE_CURVE('',#3772,#3771,#98,.T.);
#4664=EDGE_CURVE('',#3772,#3773,#2103,.T.);
#4665=EDGE_CURVE('',#3774,#3773,#424,.T.);
#4666=EDGE_CURVE('',#3774,#3775,#2104,.T.);
#4667=EDGE_CURVE('',#3776,#3775,#425,.T.);
#4668=EDGE_CURVE('',#3776,#3777,#2105,.T.);
#4669=EDGE_CURVE('',#3778,#3777,#150,.T.);
#4670=EDGE_CURVE('',#3778,#3779,#2106,.T.);
#4671=EDGE_CURVE('',#3780,#3779,#151,.T.);
#4672=EDGE_CURVE('',#3780,#3781,#2107,.T.);
#4673=EDGE_CURVE('',#3782,#3781,#152,.T.);
#4674=EDGE_CURVE('',#3782,#3783,#2108,.T.);
#4675=EDGE_CURVE('',#3784,#3783,#153,.T.);
#4676=EDGE_CURVE('',#3784,#3785,#2109,.T.);
#4677=EDGE_CURVE('',#3786,#3785,#154,.T.);
#4678=EDGE_CURVE('',#3786,#3787,#2110,.T.);
#4679=EDGE_CURVE('',#3788,#3787,#426,.T.);
#4680=EDGE_CURVE('',#3788,#3789,#2111,.T.);
#4681=EDGE_CURVE('',#3728,#3789,#427,.T.);
#4682=EDGE_CURVE('',#3790,#3791,#2112,.T.);
#4683=EDGE_CURVE('',#3792,#3790,#155,.T.);
#4684=EDGE_CURVE('',#3793,#3792,#2113,.T.);
#4685=EDGE_CURVE('',#3794,#3793,#156,.T.);
#4686=EDGE_CURVE('',#3795,#3794,#2114,.T.);
#4687=EDGE_CURVE('',#3796,#3795,#157,.T.);
#4688=EDGE_CURVE('',#3797,#3796,#2115,.T.);
#4689=EDGE_CURVE('',#3791,#3797,#158,.T.);
#4690=EDGE_CURVE('',#3798,#3798,#428,.T.);
#4691=EDGE_CURVE('',#3799,#3799,#429,.T.);
#4692=EDGE_CURVE('',#3800,#3800,#430,.T.);
#4693=EDGE_CURVE('',#3801,#3802,#159,.T.);
#4694=EDGE_CURVE('',#3803,#3801,#2116,.T.);
#4695=EDGE_CURVE('',#3804,#3803,#160,.T.);
#4696=EDGE_CURVE('',#3805,#3804,#2117,.T.);
#4697=EDGE_CURVE('',#3806,#3805,#161,.T.);
#4698=EDGE_CURVE('',#3807,#3806,#2118,.T.);
#4699=EDGE_CURVE('',#3808,#3807,#162,.T.);
#4700=EDGE_CURVE('',#3802,#3808,#2119,.T.);
#4701=EDGE_CURVE('',#3809,#3809,#431,.T.);
#4702=EDGE_CURVE('',#3810,#3810,#432,.T.);
#4703=EDGE_CURVE('',#3811,#3811,#433,.T.);
#4704=EDGE_CURVE('',#3760,#3675,#2120,.T.);
#4705=EDGE_CURVE('',#3674,#3761,#2121,.T.);
#4706=EDGE_CURVE('',#3721,#3759,#2122,.T.);
#4707=EDGE_CURVE('',#3758,#3722,#2123,.T.);
#4708=EDGE_CURVE('',#3811,#3812,#2124,.T.);
#4709=EDGE_CURVE('',#3812,#3812,#434,.T.);
#4710=EDGE_CURVE('',#3813,#3813,#435,.T.);
#4711=EDGE_CURVE('',#3810,#3814,#2125,.T.);
#4712=EDGE_CURVE('',#3814,#3814,#436,.T.);
#4713=EDGE_CURVE('',#3815,#3815,#437,.T.);
#4714=EDGE_CURVE('',#3816,#3816,#438,.T.);
#4715=EDGE_CURVE('',#3816,#3815,#2126,.T.);
#4716=EDGE_CURVE('',#3817,#3817,#439,.T.);
#4717=EDGE_CURVE('',#3817,#3813,#2127,.T.);
#4718=EDGE_CURVE('',#3690,#3818,#2128,.T.);
#4719=EDGE_CURVE('',#3818,#3818,#440,.T.);
#4720=EDGE_CURVE('',#3699,#3819,#2129,.T.);
#4721=EDGE_CURVE('',#3819,#3819,#441,.T.);
#4722=EDGE_CURVE('',#3809,#3820,#2130,.T.);
#4723=EDGE_CURVE('',#3820,#3820,#442,.T.);
#4724=EDGE_CURVE('',#3821,#3821,#443,.T.);
#4725=EDGE_CURVE('',#3822,#3822,#444,.T.);
#4726=EDGE_CURVE('',#3822,#3821,#2131,.T.);
#4727=EDGE_CURVE('',#3677,#3823,#2132,.T.);
#4728=EDGE_CURVE('',#3823,#3823,#445,.T.);
#4729=EDGE_CURVE('',#3791,#3824,#2133,.T.);
#4730=EDGE_CURVE('',#3824,#3825,#2134,.T.);
#4731=EDGE_CURVE('',#3825,#3790,#2135,.T.);
#4732=EDGE_CURVE('',#3825,#3826,#163,.T.);
#4733=EDGE_CURVE('',#3826,#3792,#2136,.T.);
#4734=EDGE_CURVE('',#3797,#3827,#2137,.T.);
#4735=EDGE_CURVE('',#3827,#3824,#164,.T.);
#4736=EDGE_CURVE('',#3826,#3828,#2138,.T.);
#4737=EDGE_CURVE('',#3828,#3793,#2139,.T.);
#4738=EDGE_CURVE('',#3796,#3829,#2140,.T.);
#4739=EDGE_CURVE('',#3829,#3827,#2141,.T.);
#4740=EDGE_CURVE('',#3828,#3830,#165,.T.);
#4741=EDGE_CURVE('',#3830,#3794,#2142,.T.);
#4742=EDGE_CURVE('',#3795,#3831,#2143,.T.);
#4743=EDGE_CURVE('',#3831,#3829,#166,.T.);
#4744=EDGE_CURVE('',#3830,#3831,#2144,.T.);
#4745=EDGE_CURVE('',#3828,#3648,#2145,.T.);
#4746=EDGE_CURVE('',#3649,#3830,#2146,.T.);
#4747=EDGE_CURVE('',#3653,#3826,#2147,.T.);
#4748=EDGE_CURVE('',#3825,#3652,#2148,.T.);
#4749=EDGE_CURVE('',#3657,#3824,#2149,.T.);
#4750=EDGE_CURVE('',#3802,#3832,#2150,.T.);
#4751=EDGE_CURVE('',#3832,#3833,#167,.T.);
#4752=EDGE_CURVE('',#3833,#3801,#2151,.T.);
#4753=EDGE_CURVE('',#3833,#3834,#2152,.T.);
#4754=EDGE_CURVE('',#3834,#3803,#2153,.T.);
#4755=EDGE_CURVE('',#3808,#3835,#2154,.T.);
#4756=EDGE_CURVE('',#3835,#3832,#2155,.T.);
#4757=EDGE_CURVE('',#3834,#3836,#168,.T.);
#4758=EDGE_CURVE('',#3836,#3804,#2156,.T.);
#4759=EDGE_CURVE('',#3807,#3837,#2157,.T.);
#4760=EDGE_CURVE('',#3837,#3835,#169,.T.);
#4761=EDGE_CURVE('',#3838,#3805,#2158,.T.);
#4762=EDGE_CURVE('',#3836,#3838,#2159,.T.);
#4763=EDGE_CURVE('',#3806,#3839,#2160,.T.);
#4764=EDGE_CURVE('',#3839,#3837,#2161,.T.);
#4765=EDGE_CURVE('',#3838,#3839,#170,.T.);
#4766=EDGE_CURVE('',#3605,#3836,#2162,.T.);
#4767=EDGE_CURVE('',#3838,#3600,#2163,.T.);
#4768=EDGE_CURVE('',#3834,#3604,#2164,.T.);
#4769=EDGE_CURVE('',#3609,#3833,#2165,.T.);
#4770=EDGE_CURVE('',#3832,#3608,#2166,.T.);
#4771=EDGE_CURVE('',#3789,#3692,#2167,.T.);
#4772=EDGE_CURVE('',#3691,#3728,#2168,.T.);
#4773=EDGE_CURVE('',#3693,#3788,#2169,.T.);
#4774=EDGE_CURVE('',#3787,#3694,#2170,.T.);
#4775=EDGE_CURVE('',#3777,#3681,#2171,.T.);
#4776=EDGE_CURVE('',#3682,#3776,#2172,.T.);
#4777=EDGE_CURVE('',#3775,#3683,#2173,.T.);
#4778=EDGE_CURVE('',#3684,#3774,#2174,.T.);
#4779=EDGE_CURVE('',#3773,#3685,#2175,.T.);
#4780=EDGE_CURVE('',#3764,#3671,#2176,.T.);
#4781=EDGE_CURVE('',#3672,#3763,#2177,.T.);
#4782=EDGE_CURVE('',#3762,#3673,#2178,.T.);
#4783=EDGE_CURVE('',#3766,#3669,#2179,.T.);
#4784=EDGE_CURVE('',#3670,#3765,#2180,.T.);
#4785=EDGE_CURVE('',#3686,#3772,#2181,.T.);
#4786=EDGE_CURVE('',#3771,#3687,#2182,.T.);
#4787=EDGE_CURVE('',#3779,#3679,#2183,.T.);
#4788=EDGE_CURVE('',#3680,#3778,#2184,.T.);
#4789=EDGE_CURVE('',#3695,#3786,#2185,.T.);
#4790=EDGE_CURVE('',#3785,#3696,#2186,.T.);
#4791=EDGE_CURVE('',#3645,#3829,#2187,.T.);
#4792=EDGE_CURVE('',#3827,#3656,#2188,.T.);
#4793=EDGE_CURVE('',#3831,#3644,#2189,.T.);
#4794=EDGE_CURVE('',#3601,#3839,#2190,.T.);
#4795=EDGE_CURVE('',#3837,#3612,#2191,.T.);
#4796=EDGE_CURVE('',#3783,#3698,#2192,.T.);
#4797=EDGE_CURVE('',#3637,#3782,#2193,.T.);
#4798=EDGE_CURVE('',#3781,#3636,#2194,.T.);
#4799=EDGE_CURVE('',#3769,#3584,#2195,.T.);
#4800=EDGE_CURVE('',#3768,#3586,#2196,.T.);
#4801=EDGE_CURVE('',#3668,#3767,#2197,.T.);
#4802=EDGE_CURVE('',#3678,#3780,#2198,.T.);
#4803=EDGE_CURVE('',#3697,#3784,#2199,.T.);
#4804=EDGE_CURVE('',#3688,#3770,#2200,.T.);
#4805=EDGE_CURVE('',#3747,#3711,#2201,.T.);
#4806=EDGE_CURVE('',#3712,#3746,#2202,.T.);
#4807=EDGE_CURVE('',#3733,#3704,#2203,.T.);
#4808=EDGE_CURVE('',#3705,#3732,#2204,.T.);
#4809=EDGE_CURVE('',#3729,#3708,#2205,.T.);
#4810=EDGE_CURVE('',#3707,#3730,#2206,.T.);
#4811=EDGE_CURVE('',#3731,#3706,#2207,.T.);
#4812=EDGE_CURVE('',#3743,#3715,#2208,.T.);
#4813=EDGE_CURVE('',#3714,#3744,#2209,.T.);
#4814=EDGE_CURVE('',#3745,#3713,#2210,.T.);
#4815=EDGE_CURVE('',#3756,#3724,#2211,.T.);
#4816=EDGE_CURVE('',#3723,#3757,#2212,.T.);
#4817=EDGE_CURVE('',#3725,#3755,#2213,.T.);
#4818=EDGE_CURVE('',#3754,#3726,#2214,.T.);
#4819=EDGE_CURVE('',#3749,#3709,#2215,.T.);
#4820=EDGE_CURVE('',#3710,#3748,#2216,.T.);
#4821=EDGE_CURVE('',#3716,#3742,#2217,.T.);
#4822=EDGE_CURVE('',#3741,#3717,#2218,.T.);
#4823=EDGE_CURVE('',#3735,#3702,#2219,.T.);
#4824=EDGE_CURVE('',#3703,#3734,#2220,.T.);
#4825=EDGE_CURVE('',#3737,#3640,#2221,.T.);
#4826=EDGE_CURVE('',#3641,#3738,#2222,.T.);
#4827=EDGE_CURVE('',#3727,#3753,#2223,.T.);
#4828=EDGE_CURVE('',#3752,#3720,#2224,.T.);
#4829=EDGE_CURVE('',#3718,#3740,#2225,.T.);
#4830=EDGE_CURVE('',#3739,#3719,#2226,.T.);
#4831=EDGE_CURVE('',#3701,#3736,#2227,.T.);
#4832=EDGE_CURVE('',#3592,#3750,#2228,.T.);
#4833=EDGE_CURVE('',#3593,#3751,#2229,.T.);
#4834=EDGE_CURVE('',#3613,#3835,#2230,.T.);
#4835=EDGE_CURVE('',#3840,#3840,#446,.T.);
#4836=EDGE_CURVE('',#3841,#3841,#447,.T.);
#4837=EDGE_CURVE('',#3842,#3842,#448,.T.);
#4838=EDGE_CURVE('',#3842,#3841,#2231,.T.);
#4839=EDGE_CURVE('',#3843,#3843,#449,.T.);
#4840=EDGE_CURVE('',#3798,#3843,#2232,.T.);
#4841=EDGE_CURVE('',#3840,#3676,#2233,.T.);
#4842=EDGE_CURVE('',#3844,#3844,#450,.T.);
#4843=EDGE_CURVE('',#3845,#3845,#451,.T.);
#4844=EDGE_CURVE('',#3846,#3846,#452,.T.);
#4845=EDGE_CURVE('',#3846,#3845,#2234,.T.);
#4846=EDGE_CURVE('',#3847,#3847,#453,.T.);
#4847=EDGE_CURVE('',#3799,#3847,#2235,.T.);
#4848=EDGE_CURVE('',#3844,#3689,#2236,.T.);
#4849=EDGE_CURVE('',#3848,#3848,#454,.T.);
#4850=EDGE_CURVE('',#3849,#3849,#455,.T.);
#4851=EDGE_CURVE('',#3850,#3850,#456,.T.);
#4852=EDGE_CURVE('',#3850,#3849,#2237,.T.);
#4853=EDGE_CURVE('',#3851,#3851,#457,.T.);
#4854=EDGE_CURVE('',#3800,#3851,#2238,.T.);
#4855=EDGE_CURVE('',#3848,#3700,#2239,.T.);
#4856=EDGE_CURVE('',#3852,#3852,#458,.T.);
#4857=EDGE_CURVE('',#3853,#3853,#459,.T.);
#4858=EDGE_CURVE('',#3853,#3852,#2240,.T.);
#4859=EDGE_CURVE('',#3854,#3854,#460,.T.);
#4860=EDGE_CURVE('',#3855,#3855,#461,.T.);
#4861=EDGE_CURVE('',#3855,#3854,#2241,.T.);
#4862=EDGE_CURVE('',#3856,#3856,#462,.T.);
#4863=EDGE_CURVE('',#3857,#3857,#463,.T.);
#4864=EDGE_CURVE('',#3857,#3856,#2242,.T.);
#4865=EDGE_CURVE('',#3858,#3858,#464,.T.);
#4866=EDGE_CURVE('',#3859,#3859,#465,.T.);
#4867=EDGE_CURVE('',#3859,#3858,#2243,.T.);
#4868=EDGE_CURVE('',#3860,#3860,#466,.T.);
#4869=EDGE_CURVE('',#3861,#3861,#467,.T.);
#4870=EDGE_CURVE('',#3861,#3860,#2244,.T.);
#4871=EDGE_CURVE('',#3862,#3862,#468,.T.);
#4872=EDGE_CURVE('',#3863,#3863,#469,.T.);
#4873=EDGE_CURVE('',#3863,#3862,#2245,.T.);
#4874=EDGE_CURVE('',#3864,#3864,#470,.T.);
#4875=EDGE_CURVE('',#3865,#3865,#471,.T.);
#4876=EDGE_CURVE('',#3865,#3864,#2246,.T.);
#4877=EDGE_CURVE('',#3866,#3866,#472,.T.);
#4878=EDGE_CURVE('',#3867,#3867,#473,.T.);
#4879=EDGE_CURVE('',#3867,#3866,#2247,.T.);
#4880=EDGE_CURVE('',#3868,#3868,#474,.T.);
#4881=EDGE_CURVE('',#3869,#3869,#475,.T.);
#4882=EDGE_CURVE('',#3869,#3868,#2248,.T.);
#4883=EDGE_CURVE('',#3870,#3870,#476,.T.);
#4884=EDGE_CURVE('',#3871,#3871,#477,.T.);
#4885=EDGE_CURVE('',#3871,#3870,#2249,.T.);
#4886=EDGE_CURVE('',#3872,#3872,#478,.T.);
#4887=EDGE_CURVE('',#3873,#3873,#479,.T.);
#4888=EDGE_CURVE('',#3873,#3872,#2250,.T.);
#4889=EDGE_CURVE('',#3874,#3874,#480,.T.);
#4890=EDGE_CURVE('',#3875,#3875,#481,.T.);
#4891=EDGE_CURVE('',#3875,#3874,#2251,.T.);
#4892=EDGE_CURVE('',#3876,#3876,#482,.T.);
#4893=EDGE_CURVE('',#3877,#3877,#483,.T.);
#4894=EDGE_CURVE('',#3877,#3876,#2252,.T.);
#4895=EDGE_CURVE('',#3878,#3878,#484,.T.);
#4896=EDGE_CURVE('',#3879,#3879,#485,.T.);
#4897=EDGE_CURVE('',#3879,#3878,#2253,.T.);
#4898=EDGE_CURVE('',#3880,#3880,#486,.T.);
#4899=EDGE_CURVE('',#3881,#3881,#487,.T.);
#4900=EDGE_CURVE('',#3881,#3880,#2254,.T.);
#4901=EDGE_CURVE('',#3882,#3882,#488,.T.);
#4902=EDGE_CURVE('',#3883,#3883,#489,.T.);
#4903=EDGE_CURVE('',#3883,#3882,#2255,.T.);
#4904=EDGE_CURVE('',#3884,#3884,#490,.T.);
#4905=EDGE_CURVE('',#3885,#3885,#491,.T.);
#4906=EDGE_CURVE('',#3885,#3884,#2256,.T.);
#4907=EDGE_CURVE('',#3886,#3886,#492,.T.);
#4908=EDGE_CURVE('',#3887,#3887,#493,.T.);
#4909=EDGE_CURVE('',#3887,#3886,#2257,.T.);
#4910=EDGE_CURVE('',#3888,#3888,#494,.T.);
#4911=EDGE_CURVE('',#3889,#3889,#495,.T.);
#4912=EDGE_CURVE('',#3889,#3888,#2258,.T.);
#4913=EDGE_CURVE('',#3890,#3890,#496,.T.);
#4914=EDGE_CURVE('',#3891,#3891,#497,.T.);
#4915=EDGE_CURVE('',#3891,#3890,#2259,.T.);
#4916=EDGE_CURVE('',#3892,#3892,#498,.T.);
#4917=EDGE_CURVE('',#3893,#3893,#499,.T.);
#4918=EDGE_CURVE('',#3893,#3892,#2260,.T.);
#4919=EDGE_CURVE('',#3894,#3894,#500,.T.);
#4920=EDGE_CURVE('',#3895,#3895,#501,.T.);
#4921=EDGE_CURVE('',#3895,#3894,#2261,.T.);
#4922=EDGE_CURVE('',#3896,#3896,#502,.T.);
#4923=EDGE_CURVE('',#3897,#3897,#503,.T.);
#4924=EDGE_CURVE('',#3897,#3896,#2262,.T.);
#4925=EDGE_CURVE('',#3898,#3898,#504,.T.);
#4926=EDGE_CURVE('',#3899,#3899,#505,.T.);
#4927=EDGE_CURVE('',#3899,#3898,#2263,.T.);
#4928=EDGE_CURVE('',#3900,#3901,#2264,.T.);
#4929=EDGE_CURVE('',#3901,#3902,#2265,.T.);
#4930=EDGE_CURVE('',#3902,#3903,#2266,.T.);
#4931=EDGE_CURVE('',#3903,#3900,#2267,.T.);
#4932=EDGE_CURVE('',#3902,#3904,#171,.T.);
#4933=EDGE_CURVE('',#3904,#3905,#2268,.T.);
#4934=EDGE_CURVE('',#3905,#3903,#172,.T.);
#4935=EDGE_CURVE('',#3906,#3907,#2269,.T.);
#4936=EDGE_CURVE('',#3907,#3901,#173,.T.);
#4937=EDGE_CURVE('',#3900,#3906,#174,.T.);
#4938=EDGE_CURVE('',#3904,#3908,#2270,.T.);
#4939=EDGE_CURVE('',#3908,#3909,#2271,.T.);
#4940=EDGE_CURVE('',#3909,#3905,#2272,.T.);
#4941=EDGE_CURVE('',#3906,#3910,#2273,.T.);
#4942=EDGE_CURVE('',#3910,#3911,#2274,.T.);
#4943=EDGE_CURVE('',#3911,#3907,#2275,.T.);
#4944=EDGE_CURVE('',#3908,#3912,#175,.T.);
#4945=EDGE_CURVE('',#3912,#3913,#2276,.T.);
#4946=EDGE_CURVE('',#3913,#3909,#176,.T.);
#4947=EDGE_CURVE('',#3914,#3915,#2277,.T.);
#4948=EDGE_CURVE('',#3915,#3911,#177,.T.);
#4949=EDGE_CURVE('',#3910,#3914,#178,.T.);
#4950=EDGE_CURVE('',#3914,#3913,#2278,.T.);
#4951=EDGE_CURVE('',#3912,#3915,#2279,.T.);
#4952=EDGE_CURVE('',#3908,#3916,#2280,.T.);
#4953=EDGE_CURVE('',#3916,#3917,#179,.T.);
#4954=EDGE_CURVE('',#3917,#3912,#2281,.T.);
#4955=EDGE_CURVE('',#3918,#3904,#2282,.T.);
#4956=EDGE_CURVE('',#3916,#3918,#2283,.T.);
#4957=EDGE_CURVE('',#3902,#3919,#2284,.T.);
#4958=EDGE_CURVE('',#3919,#3918,#180,.T.);
#4959=EDGE_CURVE('',#3920,#3901,#2285,.T.);
#4960=EDGE_CURVE('',#3919,#3920,#2286,.T.);
#4961=EDGE_CURVE('',#3921,#3922,#2287,.T.);
#4962=EDGE_CURVE('',#3921,#3923,#2288,.T.);
#4963=EDGE_CURVE('',#3924,#3923,#99,.T.);
#4964=EDGE_CURVE('',#3924,#3925,#2289,.T.);
#4965=EDGE_CURVE('',#3926,#3925,#506,.T.);
#4966=EDGE_CURVE('',#3926,#3927,#2290,.T.);
#4967=EDGE_CURVE('',#3928,#3927,#507,.T.);
#4968=EDGE_CURVE('',#3928,#3929,#2291,.T.);
#4969=EDGE_CURVE('',#3930,#3929,#181,.T.);
#4970=EDGE_CURVE('',#3930,#3931,#2292,.T.);
#4971=EDGE_CURVE('',#3932,#3931,#182,.T.);
#4972=EDGE_CURVE('',#3932,#3933,#2293,.T.);
#4973=EDGE_CURVE('',#3934,#3933,#183,.T.);
#4974=EDGE_CURVE('',#3935,#3934,#184,.T.);
#4975=EDGE_CURVE('',#3935,#3936,#2294,.T.);
#4976=EDGE_CURVE('',#3937,#3936,#100,.T.);
#4977=EDGE_CURVE('',#3937,#3938,#2295,.T.);
#4978=EDGE_CURVE('',#3939,#3938,#508,.T.);
#4979=EDGE_CURVE('',#3939,#3940,#2296,.T.);
#4980=EDGE_CURVE('',#3941,#3940,#509,.T.);
#4981=EDGE_CURVE('',#3941,#3942,#2297,.T.);
#4982=EDGE_CURVE('',#3943,#3942,#185,.T.);
#4983=EDGE_CURVE('',#3943,#3944,#2298,.T.);
#4984=EDGE_CURVE('',#3945,#3944,#186,.T.);
#4985=EDGE_CURVE('',#3945,#3946,#2299,.T.);
#4986=EDGE_CURVE('',#3947,#3946,#187,.T.);
#4987=EDGE_CURVE('',#3947,#3948,#2300,.T.);
#4988=EDGE_CURVE('',#3949,#3948,#188,.T.);
#4989=EDGE_CURVE('',#3949,#3950,#2301,.T.);
#4990=EDGE_CURVE('',#3951,#3950,#189,.T.);
#4991=EDGE_CURVE('',#3951,#3952,#2302,.T.);
#4992=EDGE_CURVE('',#3953,#3952,#510,.T.);
#4993=EDGE_CURVE('',#3953,#3954,#2303,.T.);
#4994=EDGE_CURVE('',#3955,#3954,#511,.T.);
#4995=EDGE_CURVE('',#3955,#3956,#2304,.T.);
#4996=EDGE_CURVE('',#3957,#3956,#101,.T.);
#4997=EDGE_CURVE('',#3957,#3958,#2305,.T.);
#4998=EDGE_CURVE('',#3958,#3959,#2306,.T.);
#4999=EDGE_CURVE('',#3960,#3959,#2307,.T.);
#5000=EDGE_CURVE('',#3961,#3960,#102,.T.);
#5001=EDGE_CURVE('',#3962,#3961,#2308,.T.);
#5002=EDGE_CURVE('',#3963,#3962,#512,.T.);
#5003=EDGE_CURVE('',#3964,#3963,#2309,.T.);
#5004=EDGE_CURVE('',#3965,#3964,#513,.T.);
#5005=EDGE_CURVE('',#3966,#3965,#2310,.T.);
#5006=EDGE_CURVE('',#3967,#3966,#190,.T.);
#5007=EDGE_CURVE('',#3968,#3967,#2311,.T.);
#5008=EDGE_CURVE('',#3969,#3968,#191,.T.);
#5009=EDGE_CURVE('',#3970,#3969,#2312,.T.);
#5010=EDGE_CURVE('',#3971,#3970,#192,.T.);
#5011=EDGE_CURVE('',#3972,#3971,#2313,.T.);
#5012=EDGE_CURVE('',#3973,#3972,#193,.T.);
#5013=EDGE_CURVE('',#3974,#3973,#2314,.T.);
#5014=EDGE_CURVE('',#3975,#3974,#194,.T.);
#5015=EDGE_CURVE('',#3976,#3975,#2315,.T.);
#5016=EDGE_CURVE('',#3977,#3976,#514,.T.);
#5017=EDGE_CURVE('',#3978,#3977,#2316,.T.);
#5018=EDGE_CURVE('',#3979,#3978,#515,.T.);
#5019=EDGE_CURVE('',#3980,#3979,#2317,.T.);
#5020=EDGE_CURVE('',#3981,#3980,#103,.T.);
#5021=EDGE_CURVE('',#3982,#3981,#2318,.T.);
#5022=EDGE_CURVE('',#3983,#3982,#195,.T.);
#5023=EDGE_CURVE('',#3984,#3983,#196,.T.);
#5024=EDGE_CURVE('',#3985,#3984,#2319,.T.);
#5025=EDGE_CURVE('',#3986,#3985,#197,.T.);
#5026=EDGE_CURVE('',#3987,#3986,#2320,.T.);
#5027=EDGE_CURVE('',#3988,#3987,#198,.T.);
#5028=EDGE_CURVE('',#3989,#3988,#2321,.T.);
#5029=EDGE_CURVE('',#3990,#3989,#516,.T.);
#5030=EDGE_CURVE('',#3991,#3990,#2322,.T.);
#5031=EDGE_CURVE('',#3992,#3991,#517,.T.);
#5032=EDGE_CURVE('',#3993,#3992,#2323,.T.);
#5033=EDGE_CURVE('',#3994,#3993,#104,.T.);
#5034=EDGE_CURVE('',#3922,#3994,#2324,.T.);
#5035=EDGE_CURVE('',#3995,#3996,#199,.T.);
#5036=EDGE_CURVE('',#3997,#3995,#2325,.T.);
#5037=EDGE_CURVE('',#3998,#3997,#200,.T.);
#5038=EDGE_CURVE('',#3999,#3998,#2326,.T.);
#5039=EDGE_CURVE('',#4000,#3999,#201,.T.);
#5040=EDGE_CURVE('',#4001,#4000,#2327,.T.);
#5041=EDGE_CURVE('',#4002,#4001,#202,.T.);
#5042=EDGE_CURVE('',#3996,#4002,#2328,.T.);
#5043=EDGE_CURVE('',#4003,#4003,#518,.T.);
#5044=EDGE_CURVE('',#4004,#4004,#519,.T.);
#5045=EDGE_CURVE('',#4005,#4005,#520,.T.);
#5046=EDGE_CURVE('',#3996,#4006,#2329,.T.);
#5047=EDGE_CURVE('',#4006,#4007,#203,.T.);
#5048=EDGE_CURVE('',#4007,#3995,#2330,.T.);
#5049=EDGE_CURVE('',#4007,#4008,#2331,.T.);
#5050=EDGE_CURVE('',#4008,#3997,#2332,.T.);
#5051=EDGE_CURVE('',#4002,#4009,#2333,.T.);
#5052=EDGE_CURVE('',#4009,#4006,#2334,.T.);
#5053=EDGE_CURVE('',#4008,#4010,#204,.T.);
#5054=EDGE_CURVE('',#4010,#3998,#2335,.T.);
#5055=EDGE_CURVE('',#4001,#4011,#2336,.T.);
#5056=EDGE_CURVE('',#4011,#4009,#205,.T.);
#5057=EDGE_CURVE('',#4012,#3999,#2337,.T.);
#5058=EDGE_CURVE('',#4010,#4012,#2338,.T.);
#5059=EDGE_CURVE('',#4000,#4013,#2339,.T.);
#5060=EDGE_CURVE('',#4013,#4011,#2340,.T.);
#5061=EDGE_CURVE('',#4012,#4013,#206,.T.);
#5062=EDGE_CURVE('',#4014,#4010,#2341,.T.);
#5063=EDGE_CURVE('',#4015,#4014,#2342,.T.);
#5064=EDGE_CURVE('',#4012,#4015,#2343,.T.);
#5065=EDGE_CURVE('',#4008,#4016,#2344,.T.);
#5066=EDGE_CURVE('',#4016,#4014,#207,.T.);
#5067=EDGE_CURVE('',#4017,#4007,#2345,.T.);
#5068=EDGE_CURVE('',#4016,#4017,#2346,.T.);
#5069=EDGE_CURVE('',#4006,#4018,#2347,.T.);
#5070=EDGE_CURVE('',#4018,#4017,#208,.T.);
#5071=EDGE_CURVE('',#3956,#4019,#2348,.T.);
#5072=EDGE_CURVE('',#4020,#3955,#2349,.T.);
#5073=EDGE_CURVE('',#4020,#4019,#2350,.T.);
#5074=EDGE_CURVE('',#4021,#4022,#2351,.T.);
#5075=EDGE_CURVE('',#4021,#3959,#2352,.T.);
#5076=EDGE_CURVE('',#4022,#3958,#2353,.T.);
#5077=EDGE_CURVE('',#3923,#4023,#2354,.T.);
#5078=EDGE_CURVE('',#4024,#3921,#2355,.T.);
#5079=EDGE_CURVE('',#4024,#4023,#2356,.T.);
#5080=EDGE_CURVE('',#3954,#4025,#2357,.T.);
#5081=EDGE_CURVE('',#4025,#4020,#521,.T.);
#5082=EDGE_CURVE('',#4026,#3953,#2358,.T.);
#5083=EDGE_CURVE('',#4026,#4025,#2359,.T.);
#5084=EDGE_CURVE('',#3952,#4027,#2360,.T.);
#5085=EDGE_CURVE('',#4027,#4026,#522,.T.);
#5086=EDGE_CURVE('',#3942,#4028,#2361,.T.);
#5087=EDGE_CURVE('',#4029,#3941,#2362,.T.);
#5088=EDGE_CURVE('',#4029,#4028,#2363,.T.);
#5089=EDGE_CURVE('',#3940,#4030,#2364,.T.);
#5090=EDGE_CURVE('',#4030,#4029,#523,.T.);
#5091=EDGE_CURVE('',#4031,#3939,#2365,.T.);
#5092=EDGE_CURVE('',#4031,#4030,#2366,.T.);
#5093=EDGE_CURVE('',#3938,#4032,#2367,.T.);
#5094=EDGE_CURVE('',#4032,#4031,#524,.T.);
#5095=EDGE_CURVE('',#3929,#4033,#2368,.T.);
#5096=EDGE_CURVE('',#4034,#3928,#2369,.T.);
#5097=EDGE_CURVE('',#4033,#4034,#2370,.T.);
#5098=EDGE_CURVE('',#3927,#4035,#2371,.T.);
#5099=EDGE_CURVE('',#4035,#4034,#525,.T.);
#5100=EDGE_CURVE('',#4036,#3926,#2372,.T.);
#5101=EDGE_CURVE('',#4036,#4035,#2373,.T.);
#5102=EDGE_CURVE('',#3925,#4037,#2374,.T.);
#5103=EDGE_CURVE('',#4037,#4036,#526,.T.);
#5104=EDGE_CURVE('',#4038,#3924,#2375,.T.);
#5105=EDGE_CURVE('',#4037,#4038,#2376,.T.);
#5106=EDGE_CURVE('',#4023,#4038,#105,.T.);
#5107=EDGE_CURVE('',#3931,#4039,#2377,.T.);
#5108=EDGE_CURVE('',#4040,#3930,#2378,.T.);
#5109=EDGE_CURVE('',#4040,#4039,#2379,.T.);
#5110=EDGE_CURVE('',#4033,#4040,#209,.T.);
#5111=EDGE_CURVE('',#4041,#3937,#2380,.T.);
#5112=EDGE_CURVE('',#4041,#4032,#2381,.T.);
#5113=EDGE_CURVE('',#4042,#4041,#106,.T.);
#5114=EDGE_CURVE('',#3936,#4042,#2382,.T.);
#5115=EDGE_CURVE('',#3944,#4043,#2383,.T.);
#5116=EDGE_CURVE('',#4044,#3943,#2384,.T.);
#5117=EDGE_CURVE('',#4044,#4043,#2385,.T.);
#5118=EDGE_CURVE('',#4028,#4044,#210,.T.);
#5119=EDGE_CURVE('',#4045,#3951,#2386,.T.);
#5120=EDGE_CURVE('',#4045,#4027,#2387,.T.);
#5121=EDGE_CURVE('',#4046,#4045,#211,.T.);
#5122=EDGE_CURVE('',#3950,#4046,#2388,.T.);
#5123=EDGE_CURVE('',#4047,#3957,#2389,.T.);
#5124=EDGE_CURVE('',#4047,#4022,#2390,.T.);
#5125=EDGE_CURVE('',#4019,#4047,#107,.T.);
#5126=EDGE_CURVE('',#4048,#3911,#2391,.T.);
#5127=EDGE_CURVE('',#4049,#4048,#2392,.T.);
#5128=EDGE_CURVE('',#3907,#4049,#2393,.T.);
#5129=EDGE_CURVE('',#3915,#4050,#2394,.T.);
#5130=EDGE_CURVE('',#4050,#4048,#212,.T.);
#5131=EDGE_CURVE('',#4051,#4013,#2395,.T.);
#5132=EDGE_CURVE('',#4052,#4051,#2396,.T.);
#5133=EDGE_CURVE('',#4011,#4052,#2397,.T.);
#5134=EDGE_CURVE('',#4015,#4051,#213,.T.);
#5135=EDGE_CURVE('',#4053,#4054,#2398,.T.);
#5136=EDGE_CURVE('',#3948,#4053,#2399,.T.);
#5137=EDGE_CURVE('',#4054,#3947,#2400,.T.);
#5138=EDGE_CURVE('',#3946,#4055,#2401,.T.);
#5139=EDGE_CURVE('',#4055,#4054,#214,.T.);
#5140=EDGE_CURVE('',#3934,#4056,#2402,.T.);
#5141=EDGE_CURVE('',#3933,#4057,#2403,.T.);
#5142=EDGE_CURVE('',#4057,#4056,#215,.T.);
#5143=EDGE_CURVE('',#4057,#4058,#2404,.T.);
#5144=EDGE_CURVE('',#4058,#3932,#2405,.T.);
#5145=EDGE_CURVE('',#4039,#4058,#216,.T.);
#5146=EDGE_CURVE('',#4055,#4059,#2406,.T.);
#5147=EDGE_CURVE('',#4059,#3945,#2407,.T.);
#5148=EDGE_CURVE('',#4043,#4059,#217,.T.);
#5149=EDGE_CURVE('',#4060,#3949,#2408,.T.);
#5150=EDGE_CURVE('',#4060,#4046,#2409,.T.);
#5151=EDGE_CURVE('',#4053,#4060,#218,.T.);
#5152=EDGE_CURVE('',#4061,#3935,#2410,.T.);
#5153=EDGE_CURVE('',#4061,#4042,#2411,.T.);
#5154=EDGE_CURVE('',#4061,#4056,#219,.F.);
#5155=EDGE_CURVE('',#3980,#4062,#2412,.T.);
#5156=EDGE_CURVE('',#4063,#3979,#2413,.T.);
#5157=EDGE_CURVE('',#4062,#4063,#2414,.T.);
#5158=EDGE_CURVE('',#3966,#4064,#2415,.T.);
#5159=EDGE_CURVE('',#4065,#3965,#2416,.T.);
#5160=EDGE_CURVE('',#4064,#4065,#2417,.T.);
#5161=EDGE_CURVE('',#3960,#4066,#2418,.T.);
#5162=EDGE_CURVE('',#4066,#4021,#2419,.T.);
#5163=EDGE_CURVE('',#3993,#4067,#2420,.T.);
#5164=EDGE_CURVE('',#4068,#3992,#2421,.T.);
#5165=EDGE_CURVE('',#4068,#4067,#2422,.T.);
#5166=EDGE_CURVE('',#3962,#4069,#2423,.T.);
#5167=EDGE_CURVE('',#4069,#4070,#527,.T.);
#5168=EDGE_CURVE('',#4070,#3963,#2424,.T.);
#5169=EDGE_CURVE('',#3964,#4071,#2425,.T.);
#5170=EDGE_CURVE('',#4071,#4070,#2426,.T.);
#5171=EDGE_CURVE('',#4071,#4065,#528,.T.);
#5172=EDGE_CURVE('',#3976,#4072,#2427,.T.);
#5173=EDGE_CURVE('',#4072,#4073,#529,.T.);
#5174=EDGE_CURVE('',#4073,#3977,#2428,.T.);
#5175=EDGE_CURVE('',#3978,#4074,#2429,.T.);
#5176=EDGE_CURVE('',#4074,#4073,#2430,.T.);
#5177=EDGE_CURVE('',#4074,#4063,#530,.T.);
#5178=EDGE_CURVE('',#3989,#4075,#2431,.T.);
#5179=EDGE_CURVE('',#4075,#4076,#531,.T.);
#5180=EDGE_CURVE('',#4076,#3990,#2432,.T.);
#5181=EDGE_CURVE('',#3991,#4077,#2433,.T.);
#5182=EDGE_CURVE('',#4077,#4076,#2434,.T.);
#5183=EDGE_CURVE('',#4077,#4068,#532,.T.);
#5184=EDGE_CURVE('',#4078,#3994,#2435,.T.);
#5185=EDGE_CURVE('',#4079,#4078,#2436,.T.);
#5186=EDGE_CURVE('',#4079,#3922,#2437,.T.);
#5187=EDGE_CURVE('',#4067,#4078,#108,.T.);
#5188=EDGE_CURVE('',#4080,#3988,#2438,.T.);
#5189=EDGE_CURVE('',#4080,#4075,#2439,.T.);
#5190=EDGE_CURVE('',#4081,#4080,#220,.T.);
#5191=EDGE_CURVE('',#3987,#4081,#2440,.T.);
#5192=EDGE_CURVE('',#3982,#4082,#2441,.T.);
#5193=EDGE_CURVE('',#4083,#3981,#2442,.T.);
#5194=EDGE_CURVE('',#4082,#4083,#2443,.T.);
#5195=EDGE_CURVE('',#4062,#4083,#109,.T.);
#5196=EDGE_CURVE('',#4084,#3975,#2444,.T.);
#5197=EDGE_CURVE('',#4072,#4084,#2445,.T.);
#5198=EDGE_CURVE('',#4085,#4084,#221,.T.);
#5199=EDGE_CURVE('',#3974,#4085,#2446,.T.);
#5200=EDGE_CURVE('',#3968,#4086,#2447,.T.);
#5201=EDGE_CURVE('',#4087,#3967,#2448,.T.);
#5202=EDGE_CURVE('',#4086,#4087,#2449,.T.);
#5203=EDGE_CURVE('',#4064,#4087,#222,.T.);
#5204=EDGE_CURVE('',#4088,#3961,#2450,.T.);
#5205=EDGE_CURVE('',#4069,#4088,#2451,.T.);
#5206=EDGE_CURVE('',#4066,#4088,#110,.T.);
#5207=EDGE_CURVE('',#3970,#4089,#2452,.T.);
#5208=EDGE_CURVE('',#4089,#4090,#223,.T.);
#5209=EDGE_CURVE('',#4090,#3971,#2453,.T.);
#5210=EDGE_CURVE('',#4091,#3986,#2454,.T.);
#5211=EDGE_CURVE('',#4081,#4091,#2455,.T.);
#5212=EDGE_CURVE('',#4092,#4091,#224,.T.);
#5213=EDGE_CURVE('',#3985,#4092,#2456,.T.);
#5214=EDGE_CURVE('',#4093,#3973,#2457,.T.);
#5215=EDGE_CURVE('',#4085,#4093,#2458,.T.);
#5216=EDGE_CURVE('',#4094,#4093,#225,.T.);
#5217=EDGE_CURVE('',#3972,#4094,#2459,.T.);
#5218=EDGE_CURVE('',#4086,#4095,#226,.T.);
#5219=EDGE_CURVE('',#4095,#3969,#2460,.T.);
#5220=EDGE_CURVE('',#4096,#3983,#2461,.T.);
#5221=EDGE_CURVE('',#4096,#4097,#227,.T.);
#5222=EDGE_CURVE('',#4097,#3984,#2462,.T.);
#5223=EDGE_CURVE('',#4096,#4082,#228,.F.);
#5224=EDGE_CURVE('',#4049,#3920,#229,.T.);
#5225=EDGE_CURVE('',#4098,#4009,#2463,.T.);
#5226=EDGE_CURVE('',#4018,#4098,#2464,.T.);
#5227=EDGE_CURVE('',#4052,#4098,#230,.T.);
#5228=EDGE_CURVE('',#4024,#4079,#2465,.T.);
#5229=EDGE_CURVE('',#4092,#4097,#2466,.T.);
#5230=EDGE_CURVE('',#4094,#4090,#2467,.T.);
#5231=EDGE_CURVE('',#4089,#4095,#2468,.T.);
#5232=EDGE_CURVE('',#4099,#4099,#533,.T.);
#5233=EDGE_CURVE('',#4050,#3917,#2469,.T.);
#5234=EDGE_CURVE('',#4100,#4100,#534,.T.);
#5235=EDGE_CURVE('',#4101,#4101,#535,.T.);
#5236=EDGE_CURVE('',#4102,#4102,#536,.T.);
#5237=EDGE_CURVE('',#4103,#4103,#537,.T.);
#5238=EDGE_CURVE('',#4104,#4104,#538,.T.);
#5239=EDGE_CURVE('',#4104,#4103,#2470,.T.);
#5240=EDGE_CURVE('',#4105,#4105,#539,.T.);
#5241=EDGE_CURVE('',#4005,#4105,#2471,.T.);
#5242=EDGE_CURVE('',#4102,#4100,#2472,.T.);
#5243=EDGE_CURVE('',#4106,#4106,#540,.T.);
#5244=EDGE_CURVE('',#4107,#4107,#541,.T.);
#5245=EDGE_CURVE('',#4108,#4108,#542,.T.);
#5246=EDGE_CURVE('',#4108,#4107,#2473,.T.);
#5247=EDGE_CURVE('',#4109,#4109,#543,.T.);
#5248=EDGE_CURVE('',#4004,#4109,#2474,.T.);
#5249=EDGE_CURVE('',#4106,#4099,#2475,.T.);
#5250=EDGE_CURVE('',#4110,#4110,#544,.T.);
#5251=EDGE_CURVE('',#4111,#4111,#545,.T.);
#5252=EDGE_CURVE('',#4112,#4112,#546,.T.);
#5253=EDGE_CURVE('',#4112,#4111,#2476,.T.);
#5254=EDGE_CURVE('',#4113,#4113,#547,.T.);
#5255=EDGE_CURVE('',#4003,#4113,#2477,.T.);
#5256=EDGE_CURVE('',#4110,#4101,#2478,.T.);
#5257=EDGE_CURVE('',#4114,#4114,#548,.T.);
#5258=EDGE_CURVE('',#4115,#4115,#549,.T.);
#5259=EDGE_CURVE('',#4115,#4114,#2479,.T.);
#5260=EDGE_CURVE('',#4116,#4116,#550,.T.);
#5261=EDGE_CURVE('',#4117,#4117,#551,.T.);
#5262=EDGE_CURVE('',#4117,#4116,#2480,.T.);
#5263=EDGE_CURVE('',#4118,#4118,#552,.T.);
#5264=EDGE_CURVE('',#4119,#4119,#553,.T.);
#5265=EDGE_CURVE('',#4119,#4118,#2481,.T.);
#5266=EDGE_CURVE('',#4120,#4120,#554,.T.);
#5267=EDGE_CURVE('',#4121,#4121,#555,.T.);
#5268=EDGE_CURVE('',#4121,#4120,#2482,.T.);
#5269=EDGE_CURVE('',#4122,#4123,#2483,.T.);
#5270=EDGE_CURVE('',#4123,#4124,#2484,.T.);
#5271=EDGE_CURVE('',#4125,#4124,#2485,.T.);
#5272=EDGE_CURVE('',#4122,#4125,#2486,.T.);
#5273=EDGE_CURVE('',#4126,#4127,#2487,.T.);
#5274=EDGE_CURVE('',#4127,#4128,#2488,.T.);
#5275=EDGE_CURVE('',#4129,#4128,#2489,.T.);
#5276=EDGE_CURVE('',#4126,#4129,#2490,.T.);
#5277=EDGE_CURVE('',#4130,#4131,#2491,.T.);
#5278=EDGE_CURVE('',#4131,#4132,#2492,.T.);
#5279=EDGE_CURVE('',#4133,#4132,#2493,.T.);
#5280=EDGE_CURVE('',#4130,#4133,#2494,.T.);
#5281=EDGE_CURVE('',#4134,#4135,#2495,.T.);
#5282=EDGE_CURVE('',#4135,#4136,#2496,.T.);
#5283=EDGE_CURVE('',#4137,#4136,#2497,.T.);
#5284=EDGE_CURVE('',#4134,#4137,#2498,.T.);
#5285=EDGE_CURVE('',#4138,#4139,#2499,.T.);
#5286=EDGE_CURVE('',#4139,#4140,#2500,.T.);
#5287=EDGE_CURVE('',#4141,#4140,#2501,.T.);
#5288=EDGE_CURVE('',#4138,#4141,#2502,.T.);
#5289=EDGE_CURVE('',#4142,#4143,#2503,.T.);
#5290=EDGE_CURVE('',#4143,#4144,#2504,.T.);
#5291=EDGE_CURVE('',#4145,#4144,#2505,.T.);
#5292=EDGE_CURVE('',#4142,#4145,#2506,.T.);
#5293=EDGE_CURVE('',#4146,#4147,#2507,.T.);
#5294=EDGE_CURVE('',#4147,#4148,#2508,.T.);
#5295=EDGE_CURVE('',#4149,#4148,#2509,.T.);
#5296=EDGE_CURVE('',#4146,#4149,#2510,.T.);
#5297=EDGE_CURVE('',#4150,#4151,#2511,.T.);
#5298=EDGE_CURVE('',#4151,#4152,#2512,.T.);
#5299=EDGE_CURVE('',#4153,#4152,#2513,.T.);
#5300=EDGE_CURVE('',#4150,#4153,#2514,.T.);
#5301=EDGE_CURVE('',#4154,#4143,#2515,.T.);
#5302=EDGE_CURVE('',#4154,#4155,#2516,.T.);
#5303=EDGE_CURVE('',#4144,#4155,#2517,.T.);
#5304=EDGE_CURVE('',#4156,#4157,#2518,.T.);
#5305=EDGE_CURVE('',#4156,#4158,#2519,.T.);
#5306=EDGE_CURVE('',#4159,#4158,#2520,.T.);
#5307=EDGE_CURVE('',#4157,#4159,#2521,.T.);
#5308=EDGE_CURVE('',#4160,#4161,#556,.T.);
#5309=EDGE_CURVE('',#4160,#4162,#2522,.T.);
#5310=EDGE_CURVE('',#4163,#4162,#557,.T.);
#5311=EDGE_CURVE('',#4161,#4163,#2523,.T.);
#5312=EDGE_CURVE('',#4164,#4165,#2524,.T.);
#5313=EDGE_CURVE('',#4164,#4166,#2525,.T.);
#5314=EDGE_CURVE('',#4167,#4166,#2526,.T.);
#5315=EDGE_CURVE('',#4165,#4167,#2527,.T.);
#5316=EDGE_CURVE('',#4168,#4164,#2528,.T.);
#5317=EDGE_CURVE('',#4168,#4169,#2529,.T.);
#5318=EDGE_CURVE('',#4166,#4169,#2530,.T.);
#5319=EDGE_CURVE('',#4170,#4168,#558,.T.);
#5320=EDGE_CURVE('',#4170,#4171,#2531,.T.);
#5321=EDGE_CURVE('',#4169,#4171,#559,.T.);
#5322=EDGE_CURVE('',#4172,#4170,#560,.T.);
#5323=EDGE_CURVE('',#4172,#4173,#2532,.T.);
#5324=EDGE_CURVE('',#4171,#4173,#561,.T.);
#5325=EDGE_CURVE('',#4122,#4174,#2533,.T.);
#5326=EDGE_CURVE('',#4175,#4125,#2534,.T.);
#5327=EDGE_CURVE('',#4174,#4175,#2535,.T.);
#5328=EDGE_CURVE('',#4126,#4123,#2536,.T.);
#5329=EDGE_CURVE('',#4124,#4129,#2537,.T.);
#5330=EDGE_CURVE('',#4176,#4127,#562,.T.);
#5331=EDGE_CURVE('',#4176,#4177,#2538,.T.);
#5332=EDGE_CURVE('',#4128,#4177,#563,.T.);
#5333=EDGE_CURVE('',#4178,#4176,#564,.T.);
#5334=EDGE_CURVE('',#4178,#4179,#2539,.T.);
#5335=EDGE_CURVE('',#4177,#4179,#565,.T.);
#5336=EDGE_CURVE('',#4180,#4178,#2540,.T.);
#5337=EDGE_CURVE('',#4180,#4181,#2541,.T.);
#5338=EDGE_CURVE('',#4179,#4181,#2542,.T.);
#5339=EDGE_CURVE('',#4130,#4180,#2543,.T.);
#5340=EDGE_CURVE('',#4181,#4133,#2544,.T.);
#5341=EDGE_CURVE('',#4142,#4131,#566,.T.);
#5342=EDGE_CURVE('',#4132,#4145,#567,.T.);
#5343=EDGE_CURVE('',#4146,#4182,#568,.T.);
#5344=EDGE_CURVE('',#4183,#4149,#569,.T.);
#5345=EDGE_CURVE('',#4182,#4183,#2545,.T.);
#5346=EDGE_CURVE('',#4134,#4147,#570,.T.);
#5347=EDGE_CURVE('',#4148,#4137,#571,.T.);
#5348=EDGE_CURVE('',#4184,#4135,#572,.T.);
#5349=EDGE_CURVE('',#4184,#4185,#2546,.T.);
#5350=EDGE_CURVE('',#4136,#4185,#573,.T.);
#5351=EDGE_CURVE('',#4186,#4187,#574,.T.);
#5352=EDGE_CURVE('',#4186,#4188,#2547,.T.);
#5353=EDGE_CURVE('',#4189,#4188,#575,.T.);
#5354=EDGE_CURVE('',#4187,#4189,#2548,.T.);
#5355=EDGE_CURVE('',#4150,#4190,#576,.T.);
#5356=EDGE_CURVE('',#4191,#4153,#577,.T.);
#5357=EDGE_CURVE('',#4190,#4191,#2549,.T.);
#5358=EDGE_CURVE('',#4138,#4151,#578,.T.);
#5359=EDGE_CURVE('',#4152,#4141,#579,.T.);
#5360=EDGE_CURVE('',#4192,#4139,#580,.T.);
#5361=EDGE_CURVE('',#4192,#4193,#2550,.T.);
#5362=EDGE_CURVE('',#4140,#4193,#581,.T.);
#5363=EDGE_CURVE('',#4194,#4195,#582,.T.);
#5364=EDGE_CURVE('',#4194,#4196,#2551,.T.);
#5365=EDGE_CURVE('',#4197,#4196,#583,.T.);
#5366=EDGE_CURVE('',#4195,#4197,#2552,.T.);
#5367=EDGE_CURVE('',#4198,#4199,#2553,.T.);
#5368=EDGE_CURVE('',#4198,#4200,#2554,.T.);
#5369=EDGE_CURVE('',#4201,#4200,#2555,.T.);
#5370=EDGE_CURVE('',#4199,#4201,#2556,.T.);
#5371=EDGE_CURVE('',#4202,#4198,#2557,.T.);
#5372=EDGE_CURVE('',#4202,#4203,#2558,.T.);
#5373=EDGE_CURVE('',#4200,#4203,#2559,.T.);
#5374=EDGE_CURVE('',#4204,#4202,#2560,.T.);
#5375=EDGE_CURVE('',#4204,#4205,#2561,.T.);
#5376=EDGE_CURVE('',#4203,#4205,#2562,.T.);
#5377=EDGE_CURVE('',#4206,#4204,#2563,.T.);
#5378=EDGE_CURVE('',#4207,#4206,#2564,.T.);
#5379=EDGE_CURVE('',#4208,#4207,#2565,.T.);
#5380=EDGE_CURVE('',#4209,#4208,#2566,.T.);
#5381=EDGE_CURVE('',#4199,#4209,#2567,.T.);
#5382=EDGE_CURVE('',#4201,#4205,#2568,.T.);
#5383=EDGE_CURVE('',#4207,#4210,#2569,.T.);
#5384=EDGE_CURVE('',#4210,#4211,#2570,.T.);
#5385=EDGE_CURVE('',#4211,#4208,#2571,.T.);
#5386=EDGE_CURVE('',#4155,#4159,#2572,.T.);
#5387=EDGE_CURVE('',#4158,#4163,#2573,.T.);
#5388=EDGE_CURVE('',#4162,#4167,#2574,.T.);
#5389=EDGE_CURVE('',#4173,#4175,#2575,.T.);
#5390=EDGE_CURVE('',#4212,#4213,#2576,.T.);
#5391=EDGE_CURVE('',#4213,#4214,#2577,.T.);
#5392=EDGE_CURVE('',#4214,#4215,#2578,.T.);
#5393=EDGE_CURVE('',#4215,#4216,#2579,.T.);
#5394=EDGE_CURVE('',#4216,#4217,#2580,.T.);
#5395=EDGE_CURVE('',#4218,#4217,#2581,.T.);
#5396=EDGE_CURVE('',#4219,#4218,#2582,.T.);
#5397=EDGE_CURVE('',#4212,#4219,#2583,.T.);
#5398=EDGE_CURVE('',#4193,#4197,#2584,.T.);
#5399=EDGE_CURVE('',#4196,#4191,#2585,.T.);
#5400=EDGE_CURVE('',#4185,#4189,#2586,.T.);
#5401=EDGE_CURVE('',#4188,#4183,#2587,.T.);
#5402=EDGE_CURVE('',#4220,#4209,#2588,.T.);
#5403=EDGE_CURVE('',#4221,#4220,#2589,.T.);
#5404=EDGE_CURVE('',#4206,#4221,#2590,.T.);
#5405=EDGE_CURVE('',#4210,#4221,#2591,.T.);
#5406=EDGE_CURVE('',#4211,#4220,#2592,.T.);
#5407=EDGE_CURVE('',#4213,#4222,#2593,.T.);
#5408=EDGE_CURVE('',#4222,#4223,#2594,.T.);
#5409=EDGE_CURVE('',#4214,#4223,#2595,.T.);
#5410=EDGE_CURVE('',#4223,#4224,#2596,.T.);
#5411=EDGE_CURVE('',#4215,#4224,#2597,.T.);
#5412=EDGE_CURVE('',#4224,#4225,#2598,.T.);
#5413=EDGE_CURVE('',#4216,#4225,#2599,.T.);
#5414=EDGE_CURVE('',#4222,#4225,#2600,.T.);
#5415=EDGE_CURVE('',#4226,#4212,#2601,.T.);
#5416=EDGE_CURVE('',#4226,#4227,#2602,.T.);
#5417=EDGE_CURVE('',#4217,#4227,#2603,.T.);
#5418=EDGE_CURVE('',#4228,#4226,#2604,.T.);
#5419=EDGE_CURVE('',#4229,#4228,#2605,.T.);
#5420=EDGE_CURVE('',#4227,#4229,#2606,.T.);
#5421=EDGE_CURVE('',#4218,#4229,#2607,.T.);
#5422=EDGE_CURVE('',#4219,#4228,#2608,.T.);
#5423=EDGE_CURVE('',#4172,#4174,#2609,.T.);
#5424=EDGE_CURVE('',#4160,#4165,#2610,.T.);
#5425=EDGE_CURVE('',#4156,#4161,#2611,.T.);
#5426=EDGE_CURVE('',#4154,#4157,#2612,.T.);
#5427=EDGE_CURVE('',#4186,#4182,#2613,.T.);
#5428=EDGE_CURVE('',#4184,#4187,#2614,.T.);
#5429=EDGE_CURVE('',#4194,#4190,#2615,.T.);
#5430=EDGE_CURVE('',#4192,#4195,#2616,.T.);
#5431=EDGE_CURVE('',#4230,#4230,#584,.T.);
#5432=EDGE_CURVE('',#4231,#4231,#585,.T.);
#5433=EDGE_CURVE('',#4231,#4230,#2617,.T.);
#5434=EDGE_CURVE('',#4232,#4232,#586,.T.);
#5435=EDGE_CURVE('',#4233,#4233,#587,.T.);
#5436=EDGE_CURVE('',#4233,#4232,#2618,.T.);
#5437=EDGE_CURVE('',#4234,#4234,#588,.T.);
#5438=EDGE_CURVE('',#4235,#4235,#589,.T.);
#5439=EDGE_CURVE('',#4235,#4234,#2619,.T.);
#5440=EDGE_CURVE('',#4236,#4236,#590,.T.);
#5441=EDGE_CURVE('',#4237,#4237,#591,.T.);
#5442=EDGE_CURVE('',#4237,#4236,#2620,.T.);
#5443=EDGE_CURVE('',#4238,#4238,#592,.T.);
#5444=EDGE_CURVE('',#4239,#4239,#593,.T.);
#5445=EDGE_CURVE('',#4239,#4238,#2621,.T.);
#5446=EDGE_CURVE('',#4240,#4240,#594,.T.);
#5447=EDGE_CURVE('',#4241,#4241,#595,.T.);
#5448=EDGE_CURVE('',#4241,#4240,#2622,.T.);
#5449=EDGE_CURVE('',#4242,#4242,#596,.T.);
#5450=EDGE_CURVE('',#4243,#4243,#597,.T.);
#5451=EDGE_CURVE('',#4243,#4242,#2623,.T.);
#5452=EDGE_CURVE('',#4244,#4244,#598,.T.);
#5453=EDGE_CURVE('',#4245,#4245,#599,.T.);
#5454=EDGE_CURVE('',#4245,#4244,#2624,.T.);
#5455=ORIENTED_EDGE('',*,*,#4246,.T.);
#5456=ORIENTED_EDGE('',*,*,#4247,.T.);
#5457=ORIENTED_EDGE('',*,*,#4248,.T.);
#5458=ORIENTED_EDGE('',*,*,#4249,.T.);
#5459=ORIENTED_EDGE('',*,*,#4250,.T.);
#5460=ORIENTED_EDGE('',*,*,#4251,.T.);
#5461=ORIENTED_EDGE('',*,*,#4252,.T.);
#5462=ORIENTED_EDGE('',*,*,#4249,.F.);
#5463=ORIENTED_EDGE('',*,*,#4253,.T.);
#5464=ORIENTED_EDGE('',*,*,#4254,.T.);
#5465=ORIENTED_EDGE('',*,*,#4255,.T.);
#5466=ORIENTED_EDGE('',*,*,#4251,.F.);
#5467=ORIENTED_EDGE('',*,*,#4256,.F.);
#5468=ORIENTED_EDGE('',*,*,#4257,.F.);
#5469=ORIENTED_EDGE('',*,*,#4258,.F.);
#5470=ORIENTED_EDGE('',*,*,#4259,.T.);
#5471=ORIENTED_EDGE('',*,*,#4260,.F.);
#5472=ORIENTED_EDGE('',*,*,#4246,.F.);
#5473=ORIENTED_EDGE('',*,*,#4252,.F.);
#5474=ORIENTED_EDGE('',*,*,#4255,.F.);
#5475=ORIENTED_EDGE('',*,*,#4261,.F.);
#5476=ORIENTED_EDGE('',*,*,#4262,.T.);
#5477=ORIENTED_EDGE('',*,*,#4259,.F.);
#5478=ORIENTED_EDGE('',*,*,#4263,.F.);
#5479=ORIENTED_EDGE('',*,*,#4264,.F.);
#5480=ORIENTED_EDGE('',*,*,#4247,.F.);
#5481=ORIENTED_EDGE('',*,*,#4260,.T.);
#5482=ORIENTED_EDGE('',*,*,#4254,.F.);
#5483=ORIENTED_EDGE('',*,*,#4265,.F.);
#5484=ORIENTED_EDGE('',*,*,#4266,.T.);
#5485=ORIENTED_EDGE('',*,*,#4256,.T.);
#5486=ORIENTED_EDGE('',*,*,#4262,.F.);
#5487=ORIENTED_EDGE('',*,*,#4267,.F.);
#5488=ORIENTED_EDGE('',*,*,#4268,.T.);
#5489=ORIENTED_EDGE('',*,*,#4257,.T.);
#5490=ORIENTED_EDGE('',*,*,#4266,.F.);
#5491=ORIENTED_EDGE('',*,*,#4269,.F.);
#5492=ORIENTED_EDGE('',*,*,#4263,.T.);
#5493=ORIENTED_EDGE('',*,*,#4258,.T.);
#5494=ORIENTED_EDGE('',*,*,#4268,.F.);
#5495=ORIENTED_EDGE('',*,*,#4270,.T.);
#5496=ORIENTED_EDGE('',*,*,#4271,.T.);
#5497=ORIENTED_EDGE('',*,*,#4272,.F.);
#5498=ORIENTED_EDGE('',*,*,#4273,.F.);
#5499=ORIENTED_EDGE('',*,*,#4274,.F.);
#5500=ORIENTED_EDGE('',*,*,#4275,.F.);
#5501=ORIENTED_EDGE('',*,*,#4276,.F.);
#5502=ORIENTED_EDGE('',*,*,#4273,.T.);
#5503=ORIENTED_EDGE('',*,*,#4277,.T.);
#5504=ORIENTED_EDGE('',*,*,#4278,.T.);
#5505=ORIENTED_EDGE('',*,*,#4279,.F.);
#5506=ORIENTED_EDGE('',*,*,#4280,.F.);
#5507=ORIENTED_EDGE('',*,*,#4281,.T.);
#5508=ORIENTED_EDGE('',*,*,#4282,.T.);
#5509=ORIENTED_EDGE('',*,*,#4283,.F.);
#5510=ORIENTED_EDGE('',*,*,#4284,.F.);
#5511=ORIENTED_EDGE('',*,*,#4285,.T.);
#5512=ORIENTED_EDGE('',*,*,#4286,.T.);
#5513=ORIENTED_EDGE('',*,*,#4287,.F.);
#5514=ORIENTED_EDGE('',*,*,#4288,.F.);
#5515=ORIENTED_EDGE('',*,*,#4289,.F.);
#5516=ORIENTED_EDGE('',*,*,#4290,.T.);
#5517=ORIENTED_EDGE('',*,*,#4291,.F.);
#5518=ORIENTED_EDGE('',*,*,#4292,.F.);
#5519=ORIENTED_EDGE('',*,*,#4293,.F.);
#5520=ORIENTED_EDGE('',*,*,#4294,.T.);
#5521=ORIENTED_EDGE('',*,*,#4295,.F.);
#5522=ORIENTED_EDGE('',*,*,#4290,.F.);
#5523=ORIENTED_EDGE('',*,*,#4296,.F.);
#5524=ORIENTED_EDGE('',*,*,#4297,.T.);
#5525=ORIENTED_EDGE('',*,*,#4298,.F.);
#5526=ORIENTED_EDGE('',*,*,#4294,.F.);
#5527=ORIENTED_EDGE('',*,*,#4299,.F.);
#5528=ORIENTED_EDGE('',*,*,#4280,.T.);
#5529=ORIENTED_EDGE('',*,*,#4300,.F.);
#5530=ORIENTED_EDGE('',*,*,#4271,.F.);
#5531=ORIENTED_EDGE('',*,*,#4301,.F.);
#5532=ORIENTED_EDGE('',*,*,#4302,.T.);
#5533=ORIENTED_EDGE('',*,*,#4303,.F.);
#5534=ORIENTED_EDGE('',*,*,#4278,.F.);
#5535=ORIENTED_EDGE('',*,*,#4304,.F.);
#5536=ORIENTED_EDGE('',*,*,#4305,.T.);
#5537=ORIENTED_EDGE('',*,*,#4306,.F.);
#5538=ORIENTED_EDGE('',*,*,#4302,.F.);
#5539=ORIENTED_EDGE('',*,*,#4307,.F.);
#5540=ORIENTED_EDGE('',*,*,#4308,.T.);
#5541=ORIENTED_EDGE('',*,*,#4309,.F.);
#5542=ORIENTED_EDGE('',*,*,#4305,.F.);
#5543=ORIENTED_EDGE('',*,*,#4310,.F.);
#5544=ORIENTED_EDGE('',*,*,#4288,.T.);
#5545=ORIENTED_EDGE('',*,*,#4311,.F.);
#5546=ORIENTED_EDGE('',*,*,#4312,.F.);
#5547=ORIENTED_EDGE('',*,*,#4313,.F.);
#5548=ORIENTED_EDGE('',*,*,#4284,.T.);
#5549=ORIENTED_EDGE('',*,*,#4314,.F.);
#5550=ORIENTED_EDGE('',*,*,#4286,.F.);
#5551=ORIENTED_EDGE('',*,*,#4315,.F.);
#5552=ORIENTED_EDGE('',*,*,#4316,.T.);
#5553=ORIENTED_EDGE('',*,*,#4317,.F.);
#5554=ORIENTED_EDGE('',*,*,#4282,.F.);
#5555=ORIENTED_EDGE('',*,*,#4318,.F.);
#5556=ORIENTED_EDGE('',*,*,#4319,.T.);
#5557=ORIENTED_EDGE('',*,*,#4320,.F.);
#5558=ORIENTED_EDGE('',*,*,#4321,.F.);
#5559=ORIENTED_EDGE('',*,*,#4322,.T.);
#5560=ORIENTED_EDGE('',*,*,#4275,.T.);
#5561=ORIENTED_EDGE('',*,*,#4323,.F.);
#5562=ORIENTED_EDGE('',*,*,#4297,.F.);
#5563=ORIENTED_EDGE('',*,*,#4324,.T.);
#5564=ORIENTED_EDGE('',*,*,#4312,.T.);
#5565=ORIENTED_EDGE('',*,*,#4325,.F.);
#5566=ORIENTED_EDGE('',*,*,#4319,.F.);
#5567=ORIENTED_EDGE('',*,*,#4326,.T.);
#5568=ORIENTED_EDGE('',*,*,#4321,.T.);
#5569=ORIENTED_EDGE('',*,*,#4327,.F.);
#5570=ORIENTED_EDGE('',*,*,#4316,.F.);
#5571=ORIENTED_EDGE('',*,*,#4328,.F.);
#5572=ORIENTED_EDGE('',*,*,#4329,.T.);
#5573=ORIENTED_EDGE('',*,*,#4330,.F.);
#5574=ORIENTED_EDGE('',*,*,#4331,.F.);
#5575=ORIENTED_EDGE('',*,*,#4332,.F.);
#5576=ORIENTED_EDGE('',*,*,#4333,.T.);
#5577=ORIENTED_EDGE('',*,*,#4334,.F.);
#5578=ORIENTED_EDGE('',*,*,#4329,.F.);
#5579=ORIENTED_EDGE('',*,*,#4335,.F.);
#5580=ORIENTED_EDGE('',*,*,#4336,.T.);
#5581=ORIENTED_EDGE('',*,*,#4337,.F.);
#5582=ORIENTED_EDGE('',*,*,#4333,.F.);
#5583=ORIENTED_EDGE('',*,*,#4338,.F.);
#5584=ORIENTED_EDGE('',*,*,#4339,.F.);
#5585=ORIENTED_EDGE('',*,*,#4340,.F.);
#5586=ORIENTED_EDGE('',*,*,#4341,.F.);
#5587=ORIENTED_EDGE('',*,*,#4342,.F.);
#5588=ORIENTED_EDGE('',*,*,#4331,.T.);
#5589=ORIENTED_EDGE('',*,*,#4343,.T.);
#5590=ORIENTED_EDGE('',*,*,#4336,.F.);
#5591=ORIENTED_EDGE('',*,*,#4337,.T.);
#5592=ORIENTED_EDGE('',*,*,#4343,.F.);
#5593=ORIENTED_EDGE('',*,*,#4330,.T.);
#5594=ORIENTED_EDGE('',*,*,#4334,.T.);
#5595=ORIENTED_EDGE('',*,*,#4340,.T.);
#5596=ORIENTED_EDGE('',*,*,#4344,.T.);
#5597=ORIENTED_EDGE('',*,*,#4345,.T.);
#5598=ORIENTED_EDGE('',*,*,#4346,.T.);
#5599=ORIENTED_EDGE('',*,*,#4344,.F.);
#5600=ORIENTED_EDGE('',*,*,#4339,.T.);
#5601=ORIENTED_EDGE('',*,*,#4347,.T.);
#5602=ORIENTED_EDGE('',*,*,#4348,.F.);
#5603=ORIENTED_EDGE('',*,*,#4345,.F.);
#5604=ORIENTED_EDGE('',*,*,#4348,.T.);
#5605=ORIENTED_EDGE('',*,*,#4349,.T.);
#5606=ORIENTED_EDGE('',*,*,#4350,.F.);
#5607=ORIENTED_EDGE('',*,*,#4351,.T.);
#5608=ORIENTED_EDGE('',*,*,#4341,.T.);
#5609=ORIENTED_EDGE('',*,*,#4346,.F.);
#5610=ORIENTED_EDGE('',*,*,#4350,.T.);
#5611=ORIENTED_EDGE('',*,*,#4352,.T.);
#5612=ORIENTED_EDGE('',*,*,#4353,.T.);
#5613=ORIENTED_EDGE('',*,*,#4354,.F.);
#5614=ORIENTED_EDGE('',*,*,#4355,.F.);
#5615=ORIENTED_EDGE('',*,*,#4356,.T.);
#5616=ORIENTED_EDGE('',*,*,#4357,.T.);
#5617=ORIENTED_EDGE('',*,*,#4358,.F.);
#5618=ORIENTED_EDGE('',*,*,#4359,.F.);
#5619=ORIENTED_EDGE('',*,*,#4360,.T.);
#5620=ORIENTED_EDGE('',*,*,#4361,.T.);
#5621=ORIENTED_EDGE('',*,*,#4362,.F.);
#5622=ORIENTED_EDGE('',*,*,#4363,.F.);
#5623=ORIENTED_EDGE('',*,*,#4364,.T.);
#5624=ORIENTED_EDGE('',*,*,#4365,.T.);
#5625=ORIENTED_EDGE('',*,*,#4366,.F.);
#5626=ORIENTED_EDGE('',*,*,#4367,.F.);
#5627=ORIENTED_EDGE('',*,*,#4368,.T.);
#5628=ORIENTED_EDGE('',*,*,#4369,.T.);
#5629=ORIENTED_EDGE('',*,*,#4370,.F.);
#5630=ORIENTED_EDGE('',*,*,#4371,.F.);
#5631=ORIENTED_EDGE('',*,*,#4372,.F.);
#5632=ORIENTED_EDGE('',*,*,#4365,.F.);
#5633=ORIENTED_EDGE('',*,*,#4373,.F.);
#5634=ORIENTED_EDGE('',*,*,#4355,.T.);
#5635=ORIENTED_EDGE('',*,*,#4374,.F.);
#5636=ORIENTED_EDGE('',*,*,#4375,.T.);
#5637=ORIENTED_EDGE('',*,*,#4376,.F.);
#5638=ORIENTED_EDGE('',*,*,#4377,.F.);
#5639=ORIENTED_EDGE('',*,*,#4378,.F.);
#5640=ORIENTED_EDGE('',*,*,#4367,.T.);
#5641=ORIENTED_EDGE('',*,*,#4379,.F.);
#5642=ORIENTED_EDGE('',*,*,#4357,.F.);
#5643=ORIENTED_EDGE('',*,*,#4380,.F.);
#5644=ORIENTED_EDGE('',*,*,#4371,.T.);
#5645=ORIENTED_EDGE('',*,*,#4381,.F.);
#5646=ORIENTED_EDGE('',*,*,#4382,.F.);
#5647=ORIENTED_EDGE('',*,*,#4383,.F.);
#5648=ORIENTED_EDGE('',*,*,#4363,.T.);
#5649=ORIENTED_EDGE('',*,*,#4384,.F.);
#5650=ORIENTED_EDGE('',*,*,#4369,.F.);
#5651=ORIENTED_EDGE('',*,*,#4385,.F.);
#5652=ORIENTED_EDGE('',*,*,#4386,.T.);
#5653=ORIENTED_EDGE('',*,*,#4387,.F.);
#5654=ORIENTED_EDGE('',*,*,#4361,.F.);
#5655=ORIENTED_EDGE('',*,*,#4388,.F.);
#5656=ORIENTED_EDGE('',*,*,#4389,.T.);
#5657=ORIENTED_EDGE('',*,*,#4390,.F.);
#5658=ORIENTED_EDGE('',*,*,#4391,.F.);
#5659=ORIENTED_EDGE('',*,*,#4392,.T.);
#5660=ORIENTED_EDGE('',*,*,#4393,.T.);
#5661=ORIENTED_EDGE('',*,*,#4394,.F.);
#5662=ORIENTED_EDGE('',*,*,#4375,.F.);
#5663=ORIENTED_EDGE('',*,*,#4395,.T.);
#5664=ORIENTED_EDGE('',*,*,#4377,.T.);
#5665=ORIENTED_EDGE('',*,*,#4396,.F.);
#5666=ORIENTED_EDGE('',*,*,#4397,.F.);
#5667=ORIENTED_EDGE('',*,*,#4398,.T.);
#5668=ORIENTED_EDGE('',*,*,#4382,.T.);
#5669=ORIENTED_EDGE('',*,*,#4399,.F.);
#5670=ORIENTED_EDGE('',*,*,#4389,.F.);
#5671=ORIENTED_EDGE('',*,*,#4400,.T.);
#5672=ORIENTED_EDGE('',*,*,#4391,.T.);
#5673=ORIENTED_EDGE('',*,*,#4401,.F.);
#5674=ORIENTED_EDGE('',*,*,#4386,.F.);
#5675=ORIENTED_EDGE('',*,*,#4402,.F.);
#5676=ORIENTED_EDGE('',*,*,#4397,.T.);
#5677=ORIENTED_EDGE('',*,*,#4403,.F.);
#5678=ORIENTED_EDGE('',*,*,#4353,.F.);
#5679=ORIENTED_EDGE('',*,*,#4404,.F.);
#5680=ORIENTED_EDGE('',*,*,#4359,.T.);
#5681=ORIENTED_EDGE('',*,*,#4405,.T.);
#5682=ORIENTED_EDGE('',*,*,#4308,.F.);
#5683=ORIENTED_EDGE('',*,*,#4406,.T.);
#5684=ORIENTED_EDGE('',*,*,#4392,.F.);
#5685=ORIENTED_EDGE('',*,*,#4374,.T.);
#5686=ORIENTED_EDGE('',*,*,#4395,.F.);
#5687=ORIENTED_EDGE('',*,*,#4402,.T.);
#5688=ORIENTED_EDGE('',*,*,#4352,.F.);
#5689=ORIENTED_EDGE('',*,*,#4373,.T.);
#5690=ORIENTED_EDGE('',*,*,#4364,.F.);
#5691=ORIENTED_EDGE('',*,*,#4378,.T.);
#5692=ORIENTED_EDGE('',*,*,#4356,.F.);
#5693=ORIENTED_EDGE('',*,*,#4404,.T.);
#5694=ORIENTED_EDGE('',*,*,#4307,.T.);
#5695=ORIENTED_EDGE('',*,*,#4304,.T.);
#5696=ORIENTED_EDGE('',*,*,#4301,.T.);
#5697=ORIENTED_EDGE('',*,*,#4277,.F.);
#5698=ORIENTED_EDGE('',*,*,#4299,.T.);
#5699=ORIENTED_EDGE('',*,*,#4270,.F.);
#5700=ORIENTED_EDGE('',*,*,#4276,.T.);
#5701=ORIENTED_EDGE('',*,*,#4322,.F.);
#5702=ORIENTED_EDGE('',*,*,#4296,.T.);
#5703=ORIENTED_EDGE('',*,*,#4293,.T.);
#5704=ORIENTED_EDGE('',*,*,#4289,.T.);
#5705=ORIENTED_EDGE('',*,*,#4310,.T.);
#5706=ORIENTED_EDGE('',*,*,#4324,.F.);
#5707=ORIENTED_EDGE('',*,*,#4318,.T.);
#5708=ORIENTED_EDGE('',*,*,#4326,.F.);
#5709=ORIENTED_EDGE('',*,*,#4315,.T.);
#5710=ORIENTED_EDGE('',*,*,#4281,.F.);
#5711=ORIENTED_EDGE('',*,*,#4313,.T.);
#5712=ORIENTED_EDGE('',*,*,#4285,.F.);
#5713=ORIENTED_EDGE('',*,*,#4380,.T.);
#5714=ORIENTED_EDGE('',*,*,#4398,.F.);
#5715=ORIENTED_EDGE('',*,*,#4388,.T.);
#5716=ORIENTED_EDGE('',*,*,#4400,.F.);
#5717=ORIENTED_EDGE('',*,*,#4385,.T.);
#5718=ORIENTED_EDGE('',*,*,#4360,.F.);
#5719=ORIENTED_EDGE('',*,*,#4383,.T.);
#5720=ORIENTED_EDGE('',*,*,#4368,.F.);
#5721=ORIENTED_EDGE('',*,*,#4405,.F.);
#5722=ORIENTED_EDGE('',*,*,#4358,.T.);
#5723=ORIENTED_EDGE('',*,*,#4379,.T.);
#5724=ORIENTED_EDGE('',*,*,#4366,.T.);
#5725=ORIENTED_EDGE('',*,*,#4372,.T.);
#5726=ORIENTED_EDGE('',*,*,#4354,.T.);
#5727=ORIENTED_EDGE('',*,*,#4403,.T.);
#5728=ORIENTED_EDGE('',*,*,#4396,.T.);
#5729=ORIENTED_EDGE('',*,*,#4376,.T.);
#5730=ORIENTED_EDGE('',*,*,#4394,.T.);
#5731=ORIENTED_EDGE('',*,*,#4407,.T.);
#5732=ORIENTED_EDGE('',*,*,#4291,.T.);
#5733=ORIENTED_EDGE('',*,*,#4295,.T.);
#5734=ORIENTED_EDGE('',*,*,#4298,.T.);
#5735=ORIENTED_EDGE('',*,*,#4323,.T.);
#5736=ORIENTED_EDGE('',*,*,#4274,.T.);
#5737=ORIENTED_EDGE('',*,*,#4272,.T.);
#5738=ORIENTED_EDGE('',*,*,#4300,.T.);
#5739=ORIENTED_EDGE('',*,*,#4279,.T.);
#5740=ORIENTED_EDGE('',*,*,#4303,.T.);
#5741=ORIENTED_EDGE('',*,*,#4306,.T.);
#5742=ORIENTED_EDGE('',*,*,#4309,.T.);
#5743=ORIENTED_EDGE('',*,*,#4264,.T.);
#5744=ORIENTED_EDGE('',*,*,#4269,.T.);
#5745=ORIENTED_EDGE('',*,*,#4267,.T.);
#5746=ORIENTED_EDGE('',*,*,#4265,.T.);
#5747=ORIENTED_EDGE('',*,*,#4261,.T.);
#5748=ORIENTED_EDGE('',*,*,#4253,.F.);
#5749=ORIENTED_EDGE('',*,*,#4250,.F.);
#5750=ORIENTED_EDGE('',*,*,#4248,.F.);
#5751=ORIENTED_EDGE('',*,*,#4311,.T.);
#5752=ORIENTED_EDGE('',*,*,#4287,.T.);
#5753=ORIENTED_EDGE('',*,*,#4314,.T.);
#5754=ORIENTED_EDGE('',*,*,#4283,.T.);
#5755=ORIENTED_EDGE('',*,*,#4317,.T.);
#5756=ORIENTED_EDGE('',*,*,#4327,.T.);
#5757=ORIENTED_EDGE('',*,*,#4320,.T.);
#5758=ORIENTED_EDGE('',*,*,#4325,.T.);
#5759=ORIENTED_EDGE('',*,*,#4381,.T.);
#5760=ORIENTED_EDGE('',*,*,#4370,.T.);
#5761=ORIENTED_EDGE('',*,*,#4384,.T.);
#5762=ORIENTED_EDGE('',*,*,#4362,.T.);
#5763=ORIENTED_EDGE('',*,*,#4387,.T.);
#5764=ORIENTED_EDGE('',*,*,#4401,.T.);
#5765=ORIENTED_EDGE('',*,*,#4390,.T.);
#5766=ORIENTED_EDGE('',*,*,#4399,.T.);
#5767=ORIENTED_EDGE('',*,*,#4342,.T.);
#5768=ORIENTED_EDGE('',*,*,#4351,.F.);
#5769=ORIENTED_EDGE('',*,*,#4349,.F.);
#5770=ORIENTED_EDGE('',*,*,#4347,.F.);
#5771=ORIENTED_EDGE('',*,*,#4338,.T.);
#5772=ORIENTED_EDGE('',*,*,#4335,.T.);
#5773=ORIENTED_EDGE('',*,*,#4332,.T.);
#5774=ORIENTED_EDGE('',*,*,#4328,.T.);
#5775=ORIENTED_EDGE('',*,*,#4407,.F.);
#5776=ORIENTED_EDGE('',*,*,#4393,.F.);
#5777=ORIENTED_EDGE('',*,*,#4406,.F.);
#5778=ORIENTED_EDGE('',*,*,#4292,.T.);
#5779=ORIENTED_EDGE('',*,*,#4408,.T.);
#5780=ORIENTED_EDGE('',*,*,#4409,.T.);
#5781=ORIENTED_EDGE('',*,*,#4410,.T.);
#5782=ORIENTED_EDGE('',*,*,#4411,.T.);
#5783=ORIENTED_EDGE('',*,*,#4412,.T.);
#5784=ORIENTED_EDGE('',*,*,#4413,.T.);
#5785=ORIENTED_EDGE('',*,*,#4414,.T.);
#5786=ORIENTED_EDGE('',*,*,#4411,.F.);
#5787=ORIENTED_EDGE('',*,*,#4415,.T.);
#5788=ORIENTED_EDGE('',*,*,#4416,.T.);
#5789=ORIENTED_EDGE('',*,*,#4417,.T.);
#5790=ORIENTED_EDGE('',*,*,#4413,.F.);
#5791=ORIENTED_EDGE('',*,*,#4418,.F.);
#5792=ORIENTED_EDGE('',*,*,#4419,.F.);
#5793=ORIENTED_EDGE('',*,*,#4420,.F.);
#5794=ORIENTED_EDGE('',*,*,#4421,.T.);
#5795=ORIENTED_EDGE('',*,*,#4422,.F.);
#5796=ORIENTED_EDGE('',*,*,#4408,.F.);
#5797=ORIENTED_EDGE('',*,*,#4414,.F.);
#5798=ORIENTED_EDGE('',*,*,#4417,.F.);
#5799=ORIENTED_EDGE('',*,*,#4423,.F.);
#5800=ORIENTED_EDGE('',*,*,#4424,.T.);
#5801=ORIENTED_EDGE('',*,*,#4421,.F.);
#5802=ORIENTED_EDGE('',*,*,#4425,.F.);
#5803=ORIENTED_EDGE('',*,*,#4426,.F.);
#5804=ORIENTED_EDGE('',*,*,#4409,.F.);
#5805=ORIENTED_EDGE('',*,*,#4422,.T.);
#5806=ORIENTED_EDGE('',*,*,#4416,.F.);
#5807=ORIENTED_EDGE('',*,*,#4427,.F.);
#5808=ORIENTED_EDGE('',*,*,#4428,.T.);
#5809=ORIENTED_EDGE('',*,*,#4418,.T.);
#5810=ORIENTED_EDGE('',*,*,#4424,.F.);
#5811=ORIENTED_EDGE('',*,*,#4429,.F.);
#5812=ORIENTED_EDGE('',*,*,#4430,.T.);
#5813=ORIENTED_EDGE('',*,*,#4419,.T.);
#5814=ORIENTED_EDGE('',*,*,#4428,.F.);
#5815=ORIENTED_EDGE('',*,*,#4431,.F.);
#5816=ORIENTED_EDGE('',*,*,#4425,.T.);
#5817=ORIENTED_EDGE('',*,*,#4420,.T.);
#5818=ORIENTED_EDGE('',*,*,#4430,.F.);
#5819=ORIENTED_EDGE('',*,*,#4432,.F.);
#5820=ORIENTED_EDGE('',*,*,#4433,.F.);
#5821=ORIENTED_EDGE('',*,*,#4434,.F.);
#5822=ORIENTED_EDGE('',*,*,#4435,.T.);
#5823=ORIENTED_EDGE('',*,*,#4436,.F.);
#5824=ORIENTED_EDGE('',*,*,#4437,.T.);
#5825=ORIENTED_EDGE('',*,*,#4438,.F.);
#5826=ORIENTED_EDGE('',*,*,#4439,.F.);
#5827=ORIENTED_EDGE('',*,*,#4440,.F.);
#5828=ORIENTED_EDGE('',*,*,#4441,.T.);
#5829=ORIENTED_EDGE('',*,*,#4442,.F.);
#5830=ORIENTED_EDGE('',*,*,#4437,.F.);
#5831=ORIENTED_EDGE('',*,*,#4443,.F.);
#5832=ORIENTED_EDGE('',*,*,#4444,.T.);
#5833=ORIENTED_EDGE('',*,*,#4445,.F.);
#5834=ORIENTED_EDGE('',*,*,#4441,.F.);
#5835=ORIENTED_EDGE('',*,*,#4446,.F.);
#5836=ORIENTED_EDGE('',*,*,#4447,.T.);
#5837=ORIENTED_EDGE('',*,*,#4448,.F.);
#5838=ORIENTED_EDGE('',*,*,#4449,.F.);
#5839=ORIENTED_EDGE('',*,*,#4450,.F.);
#5840=ORIENTED_EDGE('',*,*,#4451,.T.);
#5841=ORIENTED_EDGE('',*,*,#4452,.F.);
#5842=ORIENTED_EDGE('',*,*,#4453,.F.);
#5843=ORIENTED_EDGE('',*,*,#4454,.F.);
#5844=ORIENTED_EDGE('',*,*,#4455,.T.);
#5845=ORIENTED_EDGE('',*,*,#4456,.F.);
#5846=ORIENTED_EDGE('',*,*,#4451,.F.);
#5847=ORIENTED_EDGE('',*,*,#4457,.F.);
#5848=ORIENTED_EDGE('',*,*,#4458,.T.);
#5849=ORIENTED_EDGE('',*,*,#4459,.F.);
#5850=ORIENTED_EDGE('',*,*,#4455,.F.);
#5851=ORIENTED_EDGE('',*,*,#4460,.F.);
#5852=ORIENTED_EDGE('',*,*,#4461,.T.);
#5853=ORIENTED_EDGE('',*,*,#4462,.F.);
#5854=ORIENTED_EDGE('',*,*,#4463,.F.);
#5855=ORIENTED_EDGE('',*,*,#4464,.F.);
#5856=ORIENTED_EDGE('',*,*,#4465,.T.);
#5857=ORIENTED_EDGE('',*,*,#4466,.F.);
#5858=ORIENTED_EDGE('',*,*,#4467,.F.);
#5859=ORIENTED_EDGE('',*,*,#4468,.F.);
#5860=ORIENTED_EDGE('',*,*,#4469,.T.);
#5861=ORIENTED_EDGE('',*,*,#4470,.F.);
#5862=ORIENTED_EDGE('',*,*,#4471,.F.);
#5863=ORIENTED_EDGE('',*,*,#4472,.F.);
#5864=ORIENTED_EDGE('',*,*,#4473,.T.);
#5865=ORIENTED_EDGE('',*,*,#4474,.F.);
#5866=ORIENTED_EDGE('',*,*,#4475,.F.);
#5867=ORIENTED_EDGE('',*,*,#4476,.F.);
#5868=ORIENTED_EDGE('',*,*,#4477,.T.);
#5869=ORIENTED_EDGE('',*,*,#4478,.F.);
#5870=ORIENTED_EDGE('',*,*,#4479,.F.);
#5871=ORIENTED_EDGE('',*,*,#4480,.F.);
#5872=ORIENTED_EDGE('',*,*,#4481,.T.);
#5873=ORIENTED_EDGE('',*,*,#4482,.F.);
#5874=ORIENTED_EDGE('',*,*,#4477,.F.);
#5875=ORIENTED_EDGE('',*,*,#4483,.F.);
#5876=ORIENTED_EDGE('',*,*,#4484,.T.);
#5877=ORIENTED_EDGE('',*,*,#4485,.F.);
#5878=ORIENTED_EDGE('',*,*,#4481,.F.);
#5879=ORIENTED_EDGE('',*,*,#4486,.F.);
#5880=ORIENTED_EDGE('',*,*,#4487,.F.);
#5881=ORIENTED_EDGE('',*,*,#4488,.F.);
#5882=ORIENTED_EDGE('',*,*,#4489,.F.);
#5883=ORIENTED_EDGE('',*,*,#4490,.F.);
#5884=ORIENTED_EDGE('',*,*,#4479,.T.);
#5885=ORIENTED_EDGE('',*,*,#4491,.T.);
#5886=ORIENTED_EDGE('',*,*,#4484,.F.);
#5887=ORIENTED_EDGE('',*,*,#4485,.T.);
#5888=ORIENTED_EDGE('',*,*,#4491,.F.);
#5889=ORIENTED_EDGE('',*,*,#4478,.T.);
#5890=ORIENTED_EDGE('',*,*,#4482,.T.);
#5891=ORIENTED_EDGE('',*,*,#4488,.T.);
#5892=ORIENTED_EDGE('',*,*,#4492,.T.);
#5893=ORIENTED_EDGE('',*,*,#4493,.T.);
#5894=ORIENTED_EDGE('',*,*,#4494,.T.);
#5895=ORIENTED_EDGE('',*,*,#4492,.F.);
#5896=ORIENTED_EDGE('',*,*,#4487,.T.);
#5897=ORIENTED_EDGE('',*,*,#4495,.T.);
#5898=ORIENTED_EDGE('',*,*,#4496,.F.);
#5899=ORIENTED_EDGE('',*,*,#4493,.F.);
#5900=ORIENTED_EDGE('',*,*,#4496,.T.);
#5901=ORIENTED_EDGE('',*,*,#4497,.T.);
#5902=ORIENTED_EDGE('',*,*,#4498,.F.);
#5903=ORIENTED_EDGE('',*,*,#4499,.T.);
#5904=ORIENTED_EDGE('',*,*,#4489,.T.);
#5905=ORIENTED_EDGE('',*,*,#4494,.F.);
#5906=ORIENTED_EDGE('',*,*,#4498,.T.);
#5907=ORIENTED_EDGE('',*,*,#4500,.F.);
#5908=ORIENTED_EDGE('',*,*,#4501,.F.);
#5909=ORIENTED_EDGE('',*,*,#4502,.F.);
#5910=ORIENTED_EDGE('',*,*,#4503,.T.);
#5911=ORIENTED_EDGE('',*,*,#4504,.F.);
#5912=ORIENTED_EDGE('',*,*,#4505,.T.);
#5913=ORIENTED_EDGE('',*,*,#4506,.F.);
#5914=ORIENTED_EDGE('',*,*,#4507,.F.);
#5915=ORIENTED_EDGE('',*,*,#4508,.F.);
#5916=ORIENTED_EDGE('',*,*,#4509,.T.);
#5917=ORIENTED_EDGE('',*,*,#4510,.F.);
#5918=ORIENTED_EDGE('',*,*,#4511,.F.);
#5919=ORIENTED_EDGE('',*,*,#4512,.F.);
#5920=ORIENTED_EDGE('',*,*,#4513,.T.);
#5921=ORIENTED_EDGE('',*,*,#4514,.F.);
#5922=ORIENTED_EDGE('',*,*,#4515,.F.);
#5923=ORIENTED_EDGE('',*,*,#4516,.F.);
#5924=ORIENTED_EDGE('',*,*,#4517,.T.);
#5925=ORIENTED_EDGE('',*,*,#4518,.F.);
#5926=ORIENTED_EDGE('',*,*,#4519,.F.);
#5927=ORIENTED_EDGE('',*,*,#4520,.F.);
#5928=ORIENTED_EDGE('',*,*,#4521,.T.);
#5929=ORIENTED_EDGE('',*,*,#4522,.F.);
#5930=ORIENTED_EDGE('',*,*,#4523,.F.);
#5931=ORIENTED_EDGE('',*,*,#4524,.F.);
#5932=ORIENTED_EDGE('',*,*,#4525,.T.);
#5933=ORIENTED_EDGE('',*,*,#4526,.F.);
#5934=ORIENTED_EDGE('',*,*,#4527,.F.);
#5935=ORIENTED_EDGE('',*,*,#4528,.F.);
#5936=ORIENTED_EDGE('',*,*,#4529,.T.);
#5937=ORIENTED_EDGE('',*,*,#4530,.F.);
#5938=ORIENTED_EDGE('',*,*,#4531,.F.);
#5939=ORIENTED_EDGE('',*,*,#4532,.F.);
#5940=ORIENTED_EDGE('',*,*,#4533,.T.);
#5941=ORIENTED_EDGE('',*,*,#4534,.T.);
#5942=ORIENTED_EDGE('',*,*,#4458,.F.);
#5943=ORIENTED_EDGE('',*,*,#4534,.F.);
#5944=ORIENTED_EDGE('',*,*,#4535,.T.);
#5945=ORIENTED_EDGE('',*,*,#4510,.T.);
#5946=ORIENTED_EDGE('',*,*,#4536,.T.);
#5947=ORIENTED_EDGE('',*,*,#4500,.T.);
#5948=ORIENTED_EDGE('',*,*,#4537,.T.);
#5949=ORIENTED_EDGE('',*,*,#4530,.T.);
#5950=ORIENTED_EDGE('',*,*,#4538,.T.);
#5951=ORIENTED_EDGE('',*,*,#4506,.T.);
#5952=ORIENTED_EDGE('',*,*,#4539,.T.);
#5953=ORIENTED_EDGE('',*,*,#4540,.T.);
#5954=ORIENTED_EDGE('',*,*,#4438,.T.);
#5955=ORIENTED_EDGE('',*,*,#4442,.T.);
#5956=ORIENTED_EDGE('',*,*,#4445,.T.);
#5957=ORIENTED_EDGE('',*,*,#4541,.T.);
#5958=ORIENTED_EDGE('',*,*,#4432,.T.);
#5959=ORIENTED_EDGE('',*,*,#4542,.T.);
#5960=ORIENTED_EDGE('',*,*,#4448,.T.);
#5961=ORIENTED_EDGE('',*,*,#4543,.T.);
#5962=ORIENTED_EDGE('',*,*,#4452,.T.);
#5963=ORIENTED_EDGE('',*,*,#4456,.T.);
#5964=ORIENTED_EDGE('',*,*,#4459,.T.);
#5965=ORIENTED_EDGE('',*,*,#4426,.T.);
#5966=ORIENTED_EDGE('',*,*,#4431,.T.);
#5967=ORIENTED_EDGE('',*,*,#4429,.T.);
#5968=ORIENTED_EDGE('',*,*,#4427,.T.);
#5969=ORIENTED_EDGE('',*,*,#4423,.T.);
#5970=ORIENTED_EDGE('',*,*,#4415,.F.);
#5971=ORIENTED_EDGE('',*,*,#4412,.F.);
#5972=ORIENTED_EDGE('',*,*,#4410,.F.);
#5973=ORIENTED_EDGE('',*,*,#4462,.T.);
#5974=ORIENTED_EDGE('',*,*,#4544,.T.);
#5975=ORIENTED_EDGE('',*,*,#4466,.T.);
#5976=ORIENTED_EDGE('',*,*,#4545,.T.);
#5977=ORIENTED_EDGE('',*,*,#4470,.T.);
#5978=ORIENTED_EDGE('',*,*,#4546,.T.);
#5979=ORIENTED_EDGE('',*,*,#4474,.T.);
#5980=ORIENTED_EDGE('',*,*,#4547,.T.);
#5981=ORIENTED_EDGE('',*,*,#4514,.T.);
#5982=ORIENTED_EDGE('',*,*,#4548,.T.);
#5983=ORIENTED_EDGE('',*,*,#4518,.T.);
#5984=ORIENTED_EDGE('',*,*,#4549,.T.);
#5985=ORIENTED_EDGE('',*,*,#4522,.T.);
#5986=ORIENTED_EDGE('',*,*,#4550,.T.);
#5987=ORIENTED_EDGE('',*,*,#4526,.T.);
#5988=ORIENTED_EDGE('',*,*,#4551,.T.);
#5989=ORIENTED_EDGE('',*,*,#4490,.T.);
#5990=ORIENTED_EDGE('',*,*,#4499,.F.);
#5991=ORIENTED_EDGE('',*,*,#4497,.F.);
#5992=ORIENTED_EDGE('',*,*,#4495,.F.);
#5993=ORIENTED_EDGE('',*,*,#4486,.T.);
#5994=ORIENTED_EDGE('',*,*,#4483,.T.);
#5995=ORIENTED_EDGE('',*,*,#4480,.T.);
#5996=ORIENTED_EDGE('',*,*,#4476,.T.);
#5997=ORIENTED_EDGE('',*,*,#4540,.F.);
#5998=ORIENTED_EDGE('',*,*,#4552,.F.);
#5999=ORIENTED_EDGE('',*,*,#4553,.F.);
#6000=ORIENTED_EDGE('',*,*,#4439,.T.);
#6001=ORIENTED_EDGE('',*,*,#4434,.T.);
#6002=ORIENTED_EDGE('',*,*,#4554,.F.);
#6003=ORIENTED_EDGE('',*,*,#4555,.F.);
#6004=ORIENTED_EDGE('',*,*,#4556,.F.);
#6005=ORIENTED_EDGE('',*,*,#4557,.F.);
#6006=ORIENTED_EDGE('',*,*,#4558,.T.);
#6007=ORIENTED_EDGE('',*,*,#4559,.F.);
#6008=ORIENTED_EDGE('',*,*,#4560,.F.);
#6009=ORIENTED_EDGE('',*,*,#4561,.F.);
#6010=ORIENTED_EDGE('',*,*,#4562,.T.);
#6011=ORIENTED_EDGE('',*,*,#4563,.T.);
#6012=ORIENTED_EDGE('',*,*,#4564,.T.);
#6013=ORIENTED_EDGE('',*,*,#4440,.T.);
#6014=ORIENTED_EDGE('',*,*,#4436,.T.);
#6015=ORIENTED_EDGE('',*,*,#4553,.T.);
#6016=ORIENTED_EDGE('',*,*,#4565,.F.);
#6017=ORIENTED_EDGE('',*,*,#4566,.F.);
#6018=ORIENTED_EDGE('',*,*,#4567,.F.);
#6019=ORIENTED_EDGE('',*,*,#4568,.F.);
#6020=ORIENTED_EDGE('',*,*,#4569,.F.);
#6021=ORIENTED_EDGE('',*,*,#4570,.F.);
#6022=ORIENTED_EDGE('',*,*,#4571,.F.);
#6023=ORIENTED_EDGE('',*,*,#4572,.F.);
#6024=ORIENTED_EDGE('',*,*,#4573,.F.);
#6025=ORIENTED_EDGE('',*,*,#4574,.F.);
#6026=ORIENTED_EDGE('',*,*,#4575,.F.);
#6027=ORIENTED_EDGE('',*,*,#4576,.T.);
#6028=ORIENTED_EDGE('',*,*,#4577,.T.);
#6029=ORIENTED_EDGE('',*,*,#4578,.T.);
#6030=ORIENTED_EDGE('',*,*,#4528,.T.);
#6031=ORIENTED_EDGE('',*,*,#4579,.T.);
#6032=ORIENTED_EDGE('',*,*,#4580,.F.);
#6033=ORIENTED_EDGE('',*,*,#4581,.F.);
#6034=ORIENTED_EDGE('',*,*,#4582,.F.);
#6035=ORIENTED_EDGE('',*,*,#4583,.F.);
#6036=ORIENTED_EDGE('',*,*,#4584,.F.);
#6037=ORIENTED_EDGE('',*,*,#4585,.F.);
#6038=ORIENTED_EDGE('',*,*,#4586,.F.);
#6039=ORIENTED_EDGE('',*,*,#4587,.F.);
#6040=ORIENTED_EDGE('',*,*,#4588,.T.);
#6041=ORIENTED_EDGE('',*,*,#4589,.T.);
#6042=ORIENTED_EDGE('',*,*,#4590,.F.);
#6043=ORIENTED_EDGE('',*,*,#4591,.F.);
#6044=ORIENTED_EDGE('',*,*,#4592,.T.);
#6045=ORIENTED_EDGE('',*,*,#4593,.F.);
#6046=ORIENTED_EDGE('',*,*,#4594,.T.);
#6047=ORIENTED_EDGE('',*,*,#4595,.F.);
#6048=ORIENTED_EDGE('',*,*,#4596,.T.);
#6049=ORIENTED_EDGE('',*,*,#4597,.F.);
#6050=ORIENTED_EDGE('',*,*,#4598,.T.);
#6051=ORIENTED_EDGE('',*,*,#4502,.T.);
#6052=ORIENTED_EDGE('',*,*,#4454,.T.);
#6053=ORIENTED_EDGE('',*,*,#4599,.T.);
#6054=ORIENTED_EDGE('',*,*,#4600,.T.);
#6055=ORIENTED_EDGE('',*,*,#4601,.F.);
#6056=ORIENTED_EDGE('',*,*,#4602,.T.);
#6057=ORIENTED_EDGE('',*,*,#4603,.F.);
#6058=ORIENTED_EDGE('',*,*,#4604,.T.);
#6059=ORIENTED_EDGE('',*,*,#4605,.F.);
#6060=ORIENTED_EDGE('',*,*,#4606,.T.);
#6061=ORIENTED_EDGE('',*,*,#4607,.F.);
#6062=ORIENTED_EDGE('',*,*,#4608,.T.);
#6063=ORIENTED_EDGE('',*,*,#4609,.F.);
#6064=ORIENTED_EDGE('',*,*,#4610,.F.);
#6065=ORIENTED_EDGE('',*,*,#4532,.T.);
#6066=ORIENTED_EDGE('',*,*,#4457,.T.);
#6067=ORIENTED_EDGE('',*,*,#4611,.F.);
#6068=ORIENTED_EDGE('',*,*,#4446,.T.);
#6069=ORIENTED_EDGE('',*,*,#4612,.T.);
#6070=ORIENTED_EDGE('',*,*,#4613,.F.);
#6071=ORIENTED_EDGE('',*,*,#4614,.T.);
#6072=ORIENTED_EDGE('',*,*,#4615,.F.);
#6073=ORIENTED_EDGE('',*,*,#4616,.F.);
#6074=ORIENTED_EDGE('',*,*,#4617,.F.);
#6075=ORIENTED_EDGE('',*,*,#4618,.T.);
#6076=ORIENTED_EDGE('',*,*,#4619,.F.);
#6077=ORIENTED_EDGE('',*,*,#4620,.T.);
#6078=ORIENTED_EDGE('',*,*,#4621,.F.);
#6079=ORIENTED_EDGE('',*,*,#4622,.F.);
#6080=ORIENTED_EDGE('',*,*,#4623,.F.);
#6081=ORIENTED_EDGE('',*,*,#4624,.F.);
#6082=ORIENTED_EDGE('',*,*,#4625,.F.);
#6083=ORIENTED_EDGE('',*,*,#4626,.F.);
#6084=ORIENTED_EDGE('',*,*,#4627,.F.);
#6085=ORIENTED_EDGE('',*,*,#4628,.F.);
#6086=ORIENTED_EDGE('',*,*,#4629,.F.);
#6087=ORIENTED_EDGE('',*,*,#4630,.F.);
#6088=ORIENTED_EDGE('',*,*,#4631,.F.);
#6089=ORIENTED_EDGE('',*,*,#4632,.F.);
#6090=ORIENTED_EDGE('',*,*,#4633,.F.);
#6091=ORIENTED_EDGE('',*,*,#4634,.F.);
#6092=ORIENTED_EDGE('',*,*,#4635,.F.);
#6093=ORIENTED_EDGE('',*,*,#4636,.F.);
#6094=ORIENTED_EDGE('',*,*,#4637,.F.);
#6095=ORIENTED_EDGE('',*,*,#4638,.F.);
#6096=ORIENTED_EDGE('',*,*,#4639,.F.);
#6097=ORIENTED_EDGE('',*,*,#4640,.F.);
#6098=ORIENTED_EDGE('',*,*,#4641,.F.);
#6099=ORIENTED_EDGE('',*,*,#4642,.F.);
#6100=ORIENTED_EDGE('',*,*,#4643,.F.);
#6101=ORIENTED_EDGE('',*,*,#4644,.F.);
#6102=ORIENTED_EDGE('',*,*,#4645,.F.);
#6103=ORIENTED_EDGE('',*,*,#4646,.F.);
#6104=ORIENTED_EDGE('',*,*,#4647,.F.);
#6105=ORIENTED_EDGE('',*,*,#4648,.F.);
#6106=ORIENTED_EDGE('',*,*,#4649,.F.);
#6107=ORIENTED_EDGE('',*,*,#4650,.F.);
#6108=ORIENTED_EDGE('',*,*,#4651,.T.);
#6109=ORIENTED_EDGE('',*,*,#4652,.F.);
#6110=ORIENTED_EDGE('',*,*,#4653,.T.);
#6111=ORIENTED_EDGE('',*,*,#4654,.F.);
#6112=ORIENTED_EDGE('',*,*,#4655,.T.);
#6113=ORIENTED_EDGE('',*,*,#4656,.F.);
#6114=ORIENTED_EDGE('',*,*,#4657,.T.);
#6115=ORIENTED_EDGE('',*,*,#4658,.F.);
#6116=ORIENTED_EDGE('',*,*,#4659,.T.);
#6117=ORIENTED_EDGE('',*,*,#4660,.F.);
#6118=ORIENTED_EDGE('',*,*,#4661,.F.);
#6119=ORIENTED_EDGE('',*,*,#4662,.T.);
#6120=ORIENTED_EDGE('',*,*,#4663,.F.);
#6121=ORIENTED_EDGE('',*,*,#4664,.T.);
#6122=ORIENTED_EDGE('',*,*,#4665,.F.);
#6123=ORIENTED_EDGE('',*,*,#4666,.T.);
#6124=ORIENTED_EDGE('',*,*,#4667,.F.);
#6125=ORIENTED_EDGE('',*,*,#4668,.T.);
#6126=ORIENTED_EDGE('',*,*,#4669,.F.);
#6127=ORIENTED_EDGE('',*,*,#4670,.T.);
#6128=ORIENTED_EDGE('',*,*,#4671,.F.);
#6129=ORIENTED_EDGE('',*,*,#4672,.T.);
#6130=ORIENTED_EDGE('',*,*,#4673,.F.);
#6131=ORIENTED_EDGE('',*,*,#4674,.T.);
#6132=ORIENTED_EDGE('',*,*,#4675,.F.);
#6133=ORIENTED_EDGE('',*,*,#4676,.T.);
#6134=ORIENTED_EDGE('',*,*,#4677,.F.);
#6135=ORIENTED_EDGE('',*,*,#4678,.T.);
#6136=ORIENTED_EDGE('',*,*,#4679,.F.);
#6137=ORIENTED_EDGE('',*,*,#4680,.T.);
#6138=ORIENTED_EDGE('',*,*,#4681,.F.);
#6139=ORIENTED_EDGE('',*,*,#4682,.F.);
#6140=ORIENTED_EDGE('',*,*,#4683,.F.);
#6141=ORIENTED_EDGE('',*,*,#4684,.F.);
#6142=ORIENTED_EDGE('',*,*,#4685,.F.);
#6143=ORIENTED_EDGE('',*,*,#4686,.F.);
#6144=ORIENTED_EDGE('',*,*,#4687,.F.);
#6145=ORIENTED_EDGE('',*,*,#4688,.F.);
#6146=ORIENTED_EDGE('',*,*,#4689,.F.);
#6147=ORIENTED_EDGE('',*,*,#4690,.T.);
#6148=ORIENTED_EDGE('',*,*,#4691,.T.);
#6149=ORIENTED_EDGE('',*,*,#4692,.T.);
#6150=ORIENTED_EDGE('',*,*,#4693,.F.);
#6151=ORIENTED_EDGE('',*,*,#4694,.F.);
#6152=ORIENTED_EDGE('',*,*,#4695,.F.);
#6153=ORIENTED_EDGE('',*,*,#4696,.F.);
#6154=ORIENTED_EDGE('',*,*,#4697,.F.);
#6155=ORIENTED_EDGE('',*,*,#4698,.F.);
#6156=ORIENTED_EDGE('',*,*,#4699,.F.);
#6157=ORIENTED_EDGE('',*,*,#4700,.F.);
#6158=ORIENTED_EDGE('',*,*,#4701,.T.);
#6159=ORIENTED_EDGE('',*,*,#4702,.T.);
#6160=ORIENTED_EDGE('',*,*,#4703,.T.);
#6161=ORIENTED_EDGE('',*,*,#4652,.T.);
#6162=ORIENTED_EDGE('',*,*,#4704,.T.);
#6163=ORIENTED_EDGE('',*,*,#4561,.T.);
#6164=ORIENTED_EDGE('',*,*,#4705,.T.);
#6165=ORIENTED_EDGE('',*,*,#4704,.F.);
#6166=ORIENTED_EDGE('',*,*,#4651,.F.);
#6167=ORIENTED_EDGE('',*,*,#4706,.F.);
#6168=ORIENTED_EDGE('',*,*,#4612,.F.);
#6169=ORIENTED_EDGE('',*,*,#4449,.T.);
#6170=ORIENTED_EDGE('',*,*,#4542,.F.);
#6171=ORIENTED_EDGE('',*,*,#4435,.F.);
#6172=ORIENTED_EDGE('',*,*,#4562,.F.);
#6173=ORIENTED_EDGE('',*,*,#4613,.T.);
#6174=ORIENTED_EDGE('',*,*,#4706,.T.);
#6175=ORIENTED_EDGE('',*,*,#4650,.T.);
#6176=ORIENTED_EDGE('',*,*,#4707,.T.);
#6177=ORIENTED_EDGE('',*,*,#4703,.F.);
#6178=ORIENTED_EDGE('',*,*,#4708,.T.);
#6179=ORIENTED_EDGE('',*,*,#4709,.T.);
#6180=ORIENTED_EDGE('',*,*,#4708,.F.);
#6181=ORIENTED_EDGE('',*,*,#4709,.F.);
#6182=ORIENTED_EDGE('',*,*,#4710,.F.);
#6183=ORIENTED_EDGE('',*,*,#4702,.F.);
#6184=ORIENTED_EDGE('',*,*,#4711,.T.);
#6185=ORIENTED_EDGE('',*,*,#4712,.T.);
#6186=ORIENTED_EDGE('',*,*,#4711,.F.);
#6187=ORIENTED_EDGE('',*,*,#4712,.F.);
#6188=ORIENTED_EDGE('',*,*,#4713,.F.);
#6189=ORIENTED_EDGE('',*,*,#4714,.T.);
#6190=ORIENTED_EDGE('',*,*,#4715,.T.);
#6191=ORIENTED_EDGE('',*,*,#4713,.T.);
#6192=ORIENTED_EDGE('',*,*,#4715,.F.);
#6193=ORIENTED_EDGE('',*,*,#4716,.T.);
#6194=ORIENTED_EDGE('',*,*,#4717,.T.);
#6195=ORIENTED_EDGE('',*,*,#4710,.T.);
#6196=ORIENTED_EDGE('',*,*,#4717,.F.);
#6197=ORIENTED_EDGE('',*,*,#4578,.F.);
#6198=ORIENTED_EDGE('',*,*,#4718,.T.);
#6199=ORIENTED_EDGE('',*,*,#4719,.T.);
#6200=ORIENTED_EDGE('',*,*,#4718,.F.);
#6201=ORIENTED_EDGE('',*,*,#4719,.F.);
#6202=ORIENTED_EDGE('',*,*,#4716,.F.);
#6203=ORIENTED_EDGE('',*,*,#4588,.F.);
#6204=ORIENTED_EDGE('',*,*,#4720,.T.);
#6205=ORIENTED_EDGE('',*,*,#4721,.T.);
#6206=ORIENTED_EDGE('',*,*,#4720,.F.);
#6207=ORIENTED_EDGE('',*,*,#4721,.F.);
#6208=ORIENTED_EDGE('',*,*,#4714,.F.);
#6209=ORIENTED_EDGE('',*,*,#4701,.F.);
#6210=ORIENTED_EDGE('',*,*,#4722,.T.);
#6211=ORIENTED_EDGE('',*,*,#4723,.T.);
#6212=ORIENTED_EDGE('',*,*,#4722,.F.);
#6213=ORIENTED_EDGE('',*,*,#4723,.F.);
#6214=ORIENTED_EDGE('',*,*,#4724,.F.);
#6215=ORIENTED_EDGE('',*,*,#4725,.T.);
#6216=ORIENTED_EDGE('',*,*,#4726,.T.);
#6217=ORIENTED_EDGE('',*,*,#4724,.T.);
#6218=ORIENTED_EDGE('',*,*,#4726,.F.);
#6219=ORIENTED_EDGE('',*,*,#4564,.F.);
#6220=ORIENTED_EDGE('',*,*,#4727,.T.);
#6221=ORIENTED_EDGE('',*,*,#4728,.T.);
#6222=ORIENTED_EDGE('',*,*,#4727,.F.);
#6223=ORIENTED_EDGE('',*,*,#4728,.F.);
#6224=ORIENTED_EDGE('',*,*,#4725,.F.);
#6225=ORIENTED_EDGE('',*,*,#4729,.T.);
#6226=ORIENTED_EDGE('',*,*,#4730,.T.);
#6227=ORIENTED_EDGE('',*,*,#4731,.T.);
#6228=ORIENTED_EDGE('',*,*,#4682,.T.);
#6229=ORIENTED_EDGE('',*,*,#4731,.F.);
#6230=ORIENTED_EDGE('',*,*,#4732,.T.);
#6231=ORIENTED_EDGE('',*,*,#4733,.T.);
#6232=ORIENTED_EDGE('',*,*,#4683,.T.);
#6233=ORIENTED_EDGE('',*,*,#4734,.T.);
#6234=ORIENTED_EDGE('',*,*,#4735,.T.);
#6235=ORIENTED_EDGE('',*,*,#4729,.F.);
#6236=ORIENTED_EDGE('',*,*,#4689,.T.);
#6237=ORIENTED_EDGE('',*,*,#4733,.F.);
#6238=ORIENTED_EDGE('',*,*,#4736,.T.);
#6239=ORIENTED_EDGE('',*,*,#4737,.T.);
#6240=ORIENTED_EDGE('',*,*,#4684,.T.);
#6241=ORIENTED_EDGE('',*,*,#4734,.F.);
#6242=ORIENTED_EDGE('',*,*,#4688,.T.);
#6243=ORIENTED_EDGE('',*,*,#4738,.T.);
#6244=ORIENTED_EDGE('',*,*,#4739,.T.);
#6245=ORIENTED_EDGE('',*,*,#4737,.F.);
#6246=ORIENTED_EDGE('',*,*,#4740,.T.);
#6247=ORIENTED_EDGE('',*,*,#4741,.T.);
#6248=ORIENTED_EDGE('',*,*,#4685,.T.);
#6249=ORIENTED_EDGE('',*,*,#4742,.T.);
#6250=ORIENTED_EDGE('',*,*,#4743,.T.);
#6251=ORIENTED_EDGE('',*,*,#4738,.F.);
#6252=ORIENTED_EDGE('',*,*,#4687,.T.);
#6253=ORIENTED_EDGE('',*,*,#4742,.F.);
#6254=ORIENTED_EDGE('',*,*,#4686,.T.);
#6255=ORIENTED_EDGE('',*,*,#4741,.F.);
#6256=ORIENTED_EDGE('',*,*,#4744,.T.);
#6257=ORIENTED_EDGE('',*,*,#4740,.F.);
#6258=ORIENTED_EDGE('',*,*,#4745,.T.);
#6259=ORIENTED_EDGE('',*,*,#4516,.T.);
#6260=ORIENTED_EDGE('',*,*,#4746,.T.);
#6261=ORIENTED_EDGE('',*,*,#4736,.F.);
#6262=ORIENTED_EDGE('',*,*,#4747,.F.);
#6263=ORIENTED_EDGE('',*,*,#4523,.T.);
#6264=ORIENTED_EDGE('',*,*,#4549,.F.);
#6265=ORIENTED_EDGE('',*,*,#4517,.F.);
#6266=ORIENTED_EDGE('',*,*,#4745,.F.);
#6267=ORIENTED_EDGE('',*,*,#4732,.F.);
#6268=ORIENTED_EDGE('',*,*,#4748,.T.);
#6269=ORIENTED_EDGE('',*,*,#4520,.T.);
#6270=ORIENTED_EDGE('',*,*,#4747,.T.);
#6271=ORIENTED_EDGE('',*,*,#4730,.F.);
#6272=ORIENTED_EDGE('',*,*,#4749,.F.);
#6273=ORIENTED_EDGE('',*,*,#4527,.T.);
#6274=ORIENTED_EDGE('',*,*,#4550,.F.);
#6275=ORIENTED_EDGE('',*,*,#4521,.F.);
#6276=ORIENTED_EDGE('',*,*,#4748,.F.);
#6277=ORIENTED_EDGE('',*,*,#4750,.T.);
#6278=ORIENTED_EDGE('',*,*,#4751,.T.);
#6279=ORIENTED_EDGE('',*,*,#4752,.T.);
#6280=ORIENTED_EDGE('',*,*,#4693,.T.);
#6281=ORIENTED_EDGE('',*,*,#4752,.F.);
#6282=ORIENTED_EDGE('',*,*,#4753,.T.);
#6283=ORIENTED_EDGE('',*,*,#4754,.T.);
#6284=ORIENTED_EDGE('',*,*,#4694,.T.);
#6285=ORIENTED_EDGE('',*,*,#4755,.T.);
#6286=ORIENTED_EDGE('',*,*,#4756,.T.);
#6287=ORIENTED_EDGE('',*,*,#4750,.F.);
#6288=ORIENTED_EDGE('',*,*,#4700,.T.);
#6289=ORIENTED_EDGE('',*,*,#4754,.F.);
#6290=ORIENTED_EDGE('',*,*,#4757,.T.);
#6291=ORIENTED_EDGE('',*,*,#4758,.T.);
#6292=ORIENTED_EDGE('',*,*,#4695,.T.);
#6293=ORIENTED_EDGE('',*,*,#4759,.T.);
#6294=ORIENTED_EDGE('',*,*,#4760,.T.);
#6295=ORIENTED_EDGE('',*,*,#4755,.F.);
#6296=ORIENTED_EDGE('',*,*,#4699,.T.);
#6297=ORIENTED_EDGE('',*,*,#4761,.T.);
#6298=ORIENTED_EDGE('',*,*,#4696,.T.);
#6299=ORIENTED_EDGE('',*,*,#4758,.F.);
#6300=ORIENTED_EDGE('',*,*,#4762,.T.);
#6301=ORIENTED_EDGE('',*,*,#4759,.F.);
#6302=ORIENTED_EDGE('',*,*,#4698,.T.);
#6303=ORIENTED_EDGE('',*,*,#4763,.T.);
#6304=ORIENTED_EDGE('',*,*,#4764,.T.);
#6305=ORIENTED_EDGE('',*,*,#4761,.F.);
#6306=ORIENTED_EDGE('',*,*,#4765,.T.);
#6307=ORIENTED_EDGE('',*,*,#4763,.F.);
#6308=ORIENTED_EDGE('',*,*,#4697,.T.);
#6309=ORIENTED_EDGE('',*,*,#4762,.F.);
#6310=ORIENTED_EDGE('',*,*,#4766,.F.);
#6311=ORIENTED_EDGE('',*,*,#4467,.T.);
#6312=ORIENTED_EDGE('',*,*,#4544,.F.);
#6313=ORIENTED_EDGE('',*,*,#4461,.F.);
#6314=ORIENTED_EDGE('',*,*,#4767,.F.);
#6315=ORIENTED_EDGE('',*,*,#4757,.F.);
#6316=ORIENTED_EDGE('',*,*,#4768,.T.);
#6317=ORIENTED_EDGE('',*,*,#4464,.T.);
#6318=ORIENTED_EDGE('',*,*,#4766,.T.);
#6319=ORIENTED_EDGE('',*,*,#4753,.F.);
#6320=ORIENTED_EDGE('',*,*,#4769,.F.);
#6321=ORIENTED_EDGE('',*,*,#4471,.T.);
#6322=ORIENTED_EDGE('',*,*,#4545,.F.);
#6323=ORIENTED_EDGE('',*,*,#4465,.F.);
#6324=ORIENTED_EDGE('',*,*,#4768,.F.);
#6325=ORIENTED_EDGE('',*,*,#4751,.F.);
#6326=ORIENTED_EDGE('',*,*,#4770,.T.);
#6327=ORIENTED_EDGE('',*,*,#4468,.T.);
#6328=ORIENTED_EDGE('',*,*,#4769,.T.);
#6329=ORIENTED_EDGE('',*,*,#4681,.T.);
#6330=ORIENTED_EDGE('',*,*,#4771,.T.);
#6331=ORIENTED_EDGE('',*,*,#4580,.T.);
#6332=ORIENTED_EDGE('',*,*,#4772,.T.);
#6333=ORIENTED_EDGE('',*,*,#4773,.F.);
#6334=ORIENTED_EDGE('',*,*,#4581,.T.);
#6335=ORIENTED_EDGE('',*,*,#4771,.F.);
#6336=ORIENTED_EDGE('',*,*,#4680,.F.);
#6337=ORIENTED_EDGE('',*,*,#4679,.T.);
#6338=ORIENTED_EDGE('',*,*,#4774,.T.);
#6339=ORIENTED_EDGE('',*,*,#4582,.T.);
#6340=ORIENTED_EDGE('',*,*,#4773,.T.);
#6341=ORIENTED_EDGE('',*,*,#4775,.F.);
#6342=ORIENTED_EDGE('',*,*,#4668,.F.);
#6343=ORIENTED_EDGE('',*,*,#4776,.F.);
#6344=ORIENTED_EDGE('',*,*,#4569,.T.);
#6345=ORIENTED_EDGE('',*,*,#4667,.T.);
#6346=ORIENTED_EDGE('',*,*,#4777,.T.);
#6347=ORIENTED_EDGE('',*,*,#4570,.T.);
#6348=ORIENTED_EDGE('',*,*,#4776,.T.);
#6349=ORIENTED_EDGE('',*,*,#4778,.F.);
#6350=ORIENTED_EDGE('',*,*,#4571,.T.);
#6351=ORIENTED_EDGE('',*,*,#4777,.F.);
#6352=ORIENTED_EDGE('',*,*,#4666,.F.);
#6353=ORIENTED_EDGE('',*,*,#4665,.T.);
#6354=ORIENTED_EDGE('',*,*,#4779,.T.);
#6355=ORIENTED_EDGE('',*,*,#4572,.T.);
#6356=ORIENTED_EDGE('',*,*,#4778,.T.);
#6357=ORIENTED_EDGE('',*,*,#4780,.F.);
#6358=ORIENTED_EDGE('',*,*,#4655,.F.);
#6359=ORIENTED_EDGE('',*,*,#4781,.F.);
#6360=ORIENTED_EDGE('',*,*,#4558,.F.);
#6361=ORIENTED_EDGE('',*,*,#4654,.T.);
#6362=ORIENTED_EDGE('',*,*,#4782,.T.);
#6363=ORIENTED_EDGE('',*,*,#4559,.T.);
#6364=ORIENTED_EDGE('',*,*,#4781,.T.);
#6365=ORIENTED_EDGE('',*,*,#4705,.F.);
#6366=ORIENTED_EDGE('',*,*,#4560,.T.);
#6367=ORIENTED_EDGE('',*,*,#4782,.F.);
#6368=ORIENTED_EDGE('',*,*,#4653,.F.);
#6369=ORIENTED_EDGE('',*,*,#4783,.F.);
#6370=ORIENTED_EDGE('',*,*,#4657,.F.);
#6371=ORIENTED_EDGE('',*,*,#4784,.F.);
#6372=ORIENTED_EDGE('',*,*,#4556,.T.);
#6373=ORIENTED_EDGE('',*,*,#4557,.T.);
#6374=ORIENTED_EDGE('',*,*,#4784,.T.);
#6375=ORIENTED_EDGE('',*,*,#4656,.T.);
#6376=ORIENTED_EDGE('',*,*,#4780,.T.);
#6377=ORIENTED_EDGE('',*,*,#4785,.F.);
#6378=ORIENTED_EDGE('',*,*,#4573,.T.);
#6379=ORIENTED_EDGE('',*,*,#4779,.F.);
#6380=ORIENTED_EDGE('',*,*,#4664,.F.);
#6381=ORIENTED_EDGE('',*,*,#4574,.T.);
#6382=ORIENTED_EDGE('',*,*,#4785,.T.);
#6383=ORIENTED_EDGE('',*,*,#4663,.T.);
#6384=ORIENTED_EDGE('',*,*,#4786,.T.);
#6385=ORIENTED_EDGE('',*,*,#4787,.F.);
#6386=ORIENTED_EDGE('',*,*,#4670,.F.);
#6387=ORIENTED_EDGE('',*,*,#4788,.F.);
#6388=ORIENTED_EDGE('',*,*,#4567,.T.);
#6389=ORIENTED_EDGE('',*,*,#4568,.T.);
#6390=ORIENTED_EDGE('',*,*,#4788,.T.);
#6391=ORIENTED_EDGE('',*,*,#4669,.T.);
#6392=ORIENTED_EDGE('',*,*,#4775,.T.);
#6393=ORIENTED_EDGE('',*,*,#4789,.F.);
#6394=ORIENTED_EDGE('',*,*,#4583,.T.);
#6395=ORIENTED_EDGE('',*,*,#4774,.F.);
#6396=ORIENTED_EDGE('',*,*,#4678,.F.);
#6397=ORIENTED_EDGE('',*,*,#4584,.T.);
#6398=ORIENTED_EDGE('',*,*,#4789,.T.);
#6399=ORIENTED_EDGE('',*,*,#4677,.T.);
#6400=ORIENTED_EDGE('',*,*,#4790,.T.);
#6401=ORIENTED_EDGE('',*,*,#4739,.F.);
#6402=ORIENTED_EDGE('',*,*,#4791,.F.);
#6403=ORIENTED_EDGE('',*,*,#4515,.T.);
#6404=ORIENTED_EDGE('',*,*,#4551,.F.);
#6405=ORIENTED_EDGE('',*,*,#4525,.F.);
#6406=ORIENTED_EDGE('',*,*,#4792,.F.);
#6407=ORIENTED_EDGE('',*,*,#4743,.F.);
#6408=ORIENTED_EDGE('',*,*,#4793,.T.);
#6409=ORIENTED_EDGE('',*,*,#4512,.T.);
#6410=ORIENTED_EDGE('',*,*,#4791,.T.);
#6411=ORIENTED_EDGE('',*,*,#4764,.F.);
#6412=ORIENTED_EDGE('',*,*,#4794,.F.);
#6413=ORIENTED_EDGE('',*,*,#4463,.T.);
#6414=ORIENTED_EDGE('',*,*,#4547,.F.);
#6415=ORIENTED_EDGE('',*,*,#4473,.F.);
#6416=ORIENTED_EDGE('',*,*,#4795,.F.);
#6417=ORIENTED_EDGE('',*,*,#4765,.F.);
#6418=ORIENTED_EDGE('',*,*,#4767,.T.);
#6419=ORIENTED_EDGE('',*,*,#4460,.T.);
#6420=ORIENTED_EDGE('',*,*,#4794,.T.);
#6421=ORIENTED_EDGE('',*,*,#4796,.F.);
#6422=ORIENTED_EDGE('',*,*,#4674,.F.);
#6423=ORIENTED_EDGE('',*,*,#4797,.F.);
#6424=ORIENTED_EDGE('',*,*,#4507,.T.);
#6425=ORIENTED_EDGE('',*,*,#4538,.F.);
#6426=ORIENTED_EDGE('',*,*,#4529,.F.);
#6427=ORIENTED_EDGE('',*,*,#4587,.T.);
#6428=ORIENTED_EDGE('',*,*,#4673,.T.);
#6429=ORIENTED_EDGE('',*,*,#4798,.T.);
#6430=ORIENTED_EDGE('',*,*,#4504,.T.);
#6431=ORIENTED_EDGE('',*,*,#4797,.T.);
#6432=ORIENTED_EDGE('',*,*,#4799,.F.);
#6433=ORIENTED_EDGE('',*,*,#4660,.T.);
#6434=ORIENTED_EDGE('',*,*,#4800,.T.);
#6435=ORIENTED_EDGE('',*,*,#4443,.T.);
#6436=ORIENTED_EDGE('',*,*,#4800,.F.);
#6437=ORIENTED_EDGE('',*,*,#4659,.F.);
#6438=ORIENTED_EDGE('',*,*,#4801,.F.);
#6439=ORIENTED_EDGE('',*,*,#4554,.T.);
#6440=ORIENTED_EDGE('',*,*,#4433,.T.);
#6441=ORIENTED_EDGE('',*,*,#4541,.F.);
#6442=ORIENTED_EDGE('',*,*,#4444,.F.);
#6443=ORIENTED_EDGE('',*,*,#4555,.T.);
#6444=ORIENTED_EDGE('',*,*,#4801,.T.);
#6445=ORIENTED_EDGE('',*,*,#4658,.T.);
#6446=ORIENTED_EDGE('',*,*,#4783,.T.);
#6447=ORIENTED_EDGE('',*,*,#4798,.F.);
#6448=ORIENTED_EDGE('',*,*,#4672,.F.);
#6449=ORIENTED_EDGE('',*,*,#4802,.F.);
#6450=ORIENTED_EDGE('',*,*,#4565,.T.);
#6451=ORIENTED_EDGE('',*,*,#4552,.T.);
#6452=ORIENTED_EDGE('',*,*,#4539,.F.);
#6453=ORIENTED_EDGE('',*,*,#4505,.F.);
#6454=ORIENTED_EDGE('',*,*,#4566,.T.);
#6455=ORIENTED_EDGE('',*,*,#4802,.T.);
#6456=ORIENTED_EDGE('',*,*,#4671,.T.);
#6457=ORIENTED_EDGE('',*,*,#4787,.T.);
#6458=ORIENTED_EDGE('',*,*,#4803,.F.);
#6459=ORIENTED_EDGE('',*,*,#4585,.T.);
#6460=ORIENTED_EDGE('',*,*,#4790,.F.);
#6461=ORIENTED_EDGE('',*,*,#4676,.F.);
#6462=ORIENTED_EDGE('',*,*,#4586,.T.);
#6463=ORIENTED_EDGE('',*,*,#4803,.T.);
#6464=ORIENTED_EDGE('',*,*,#4675,.T.);
#6465=ORIENTED_EDGE('',*,*,#4796,.T.);
#6466=ORIENTED_EDGE('',*,*,#4804,.F.);
#6467=ORIENTED_EDGE('',*,*,#4575,.T.);
#6468=ORIENTED_EDGE('',*,*,#4786,.F.);
#6469=ORIENTED_EDGE('',*,*,#4662,.F.);
#6470=ORIENTED_EDGE('',*,*,#4661,.T.);
#6471=ORIENTED_EDGE('',*,*,#4799,.T.);
#6472=ORIENTED_EDGE('',*,*,#4576,.F.);
#6473=ORIENTED_EDGE('',*,*,#4804,.T.);
#6474=ORIENTED_EDGE('',*,*,#4805,.F.);
#6475=ORIENTED_EDGE('',*,*,#4638,.T.);
#6476=ORIENTED_EDGE('',*,*,#4806,.F.);
#6477=ORIENTED_EDGE('',*,*,#4602,.F.);
#6478=ORIENTED_EDGE('',*,*,#4807,.F.);
#6479=ORIENTED_EDGE('',*,*,#4624,.T.);
#6480=ORIENTED_EDGE('',*,*,#4808,.F.);
#6481=ORIENTED_EDGE('',*,*,#4594,.F.);
#6482=ORIENTED_EDGE('',*,*,#4621,.T.);
#6483=ORIENTED_EDGE('',*,*,#4809,.T.);
#6484=ORIENTED_EDGE('',*,*,#4597,.T.);
#6485=ORIENTED_EDGE('',*,*,#4810,.T.);
#6486=ORIENTED_EDGE('',*,*,#4811,.F.);
#6487=ORIENTED_EDGE('',*,*,#4622,.T.);
#6488=ORIENTED_EDGE('',*,*,#4810,.F.);
#6489=ORIENTED_EDGE('',*,*,#4596,.F.);
#6490=ORIENTED_EDGE('',*,*,#4623,.T.);
#6491=ORIENTED_EDGE('',*,*,#4811,.T.);
#6492=ORIENTED_EDGE('',*,*,#4595,.T.);
#6493=ORIENTED_EDGE('',*,*,#4808,.T.);
#6494=ORIENTED_EDGE('',*,*,#4635,.T.);
#6495=ORIENTED_EDGE('',*,*,#4812,.T.);
#6496=ORIENTED_EDGE('',*,*,#4605,.T.);
#6497=ORIENTED_EDGE('',*,*,#4813,.T.);
#6498=ORIENTED_EDGE('',*,*,#4814,.F.);
#6499=ORIENTED_EDGE('',*,*,#4636,.T.);
#6500=ORIENTED_EDGE('',*,*,#4813,.F.);
#6501=ORIENTED_EDGE('',*,*,#4604,.F.);
#6502=ORIENTED_EDGE('',*,*,#4637,.T.);
#6503=ORIENTED_EDGE('',*,*,#4814,.T.);
#6504=ORIENTED_EDGE('',*,*,#4603,.T.);
#6505=ORIENTED_EDGE('',*,*,#4806,.T.);
#6506=ORIENTED_EDGE('',*,*,#4648,.T.);
#6507=ORIENTED_EDGE('',*,*,#4815,.T.);
#6508=ORIENTED_EDGE('',*,*,#4615,.T.);
#6509=ORIENTED_EDGE('',*,*,#4816,.T.);
#6510=ORIENTED_EDGE('',*,*,#4707,.F.);
#6511=ORIENTED_EDGE('',*,*,#4649,.T.);
#6512=ORIENTED_EDGE('',*,*,#4816,.F.);
#6513=ORIENTED_EDGE('',*,*,#4614,.F.);
#6514=ORIENTED_EDGE('',*,*,#4817,.F.);
#6515=ORIENTED_EDGE('',*,*,#4616,.T.);
#6516=ORIENTED_EDGE('',*,*,#4815,.F.);
#6517=ORIENTED_EDGE('',*,*,#4647,.T.);
#6518=ORIENTED_EDGE('',*,*,#4617,.T.);
#6519=ORIENTED_EDGE('',*,*,#4817,.T.);
#6520=ORIENTED_EDGE('',*,*,#4646,.T.);
#6521=ORIENTED_EDGE('',*,*,#4818,.T.);
#6522=ORIENTED_EDGE('',*,*,#4819,.F.);
#6523=ORIENTED_EDGE('',*,*,#4640,.T.);
#6524=ORIENTED_EDGE('',*,*,#4820,.F.);
#6525=ORIENTED_EDGE('',*,*,#4600,.F.);
#6526=ORIENTED_EDGE('',*,*,#4601,.T.);
#6527=ORIENTED_EDGE('',*,*,#4820,.T.);
#6528=ORIENTED_EDGE('',*,*,#4639,.T.);
#6529=ORIENTED_EDGE('',*,*,#4805,.T.);
#6530=ORIENTED_EDGE('',*,*,#4821,.F.);
#6531=ORIENTED_EDGE('',*,*,#4606,.F.);
#6532=ORIENTED_EDGE('',*,*,#4812,.F.);
#6533=ORIENTED_EDGE('',*,*,#4634,.T.);
#6534=ORIENTED_EDGE('',*,*,#4607,.T.);
#6535=ORIENTED_EDGE('',*,*,#4821,.T.);
#6536=ORIENTED_EDGE('',*,*,#4633,.T.);
#6537=ORIENTED_EDGE('',*,*,#4822,.T.);
#6538=ORIENTED_EDGE('',*,*,#4823,.F.);
#6539=ORIENTED_EDGE('',*,*,#4626,.T.);
#6540=ORIENTED_EDGE('',*,*,#4824,.F.);
#6541=ORIENTED_EDGE('',*,*,#4592,.F.);
#6542=ORIENTED_EDGE('',*,*,#4593,.T.);
#6543=ORIENTED_EDGE('',*,*,#4824,.T.);
#6544=ORIENTED_EDGE('',*,*,#4625,.T.);
#6545=ORIENTED_EDGE('',*,*,#4807,.T.);
#6546=ORIENTED_EDGE('',*,*,#4598,.F.);
#6547=ORIENTED_EDGE('',*,*,#4809,.F.);
#6548=ORIENTED_EDGE('',*,*,#4620,.F.);
#6549=ORIENTED_EDGE('',*,*,#4772,.F.);
#6550=ORIENTED_EDGE('',*,*,#4579,.F.);
#6551=ORIENTED_EDGE('',*,*,#4531,.T.);
#6552=ORIENTED_EDGE('',*,*,#4537,.F.);
#6553=ORIENTED_EDGE('',*,*,#4503,.F.);
#6554=ORIENTED_EDGE('',*,*,#4629,.T.);
#6555=ORIENTED_EDGE('',*,*,#4825,.T.);
#6556=ORIENTED_EDGE('',*,*,#4508,.T.);
#6557=ORIENTED_EDGE('',*,*,#4826,.T.);
#6558=ORIENTED_EDGE('',*,*,#4827,.F.);
#6559=ORIENTED_EDGE('',*,*,#4618,.F.);
#6560=ORIENTED_EDGE('',*,*,#4818,.F.);
#6561=ORIENTED_EDGE('',*,*,#4645,.T.);
#6562=ORIENTED_EDGE('',*,*,#4619,.T.);
#6563=ORIENTED_EDGE('',*,*,#4827,.T.);
#6564=ORIENTED_EDGE('',*,*,#4644,.T.);
#6565=ORIENTED_EDGE('',*,*,#4828,.T.);
#6566=ORIENTED_EDGE('',*,*,#4829,.F.);
#6567=ORIENTED_EDGE('',*,*,#4608,.F.);
#6568=ORIENTED_EDGE('',*,*,#4822,.F.);
#6569=ORIENTED_EDGE('',*,*,#4632,.T.);
#6570=ORIENTED_EDGE('',*,*,#4609,.T.);
#6571=ORIENTED_EDGE('',*,*,#4829,.T.);
#6572=ORIENTED_EDGE('',*,*,#4631,.T.);
#6573=ORIENTED_EDGE('',*,*,#4830,.T.);
#6574=ORIENTED_EDGE('',*,*,#4591,.T.);
#6575=ORIENTED_EDGE('',*,*,#4831,.T.);
#6576=ORIENTED_EDGE('',*,*,#4627,.T.);
#6577=ORIENTED_EDGE('',*,*,#4823,.T.);
#6578=ORIENTED_EDGE('',*,*,#4832,.F.);
#6579=ORIENTED_EDGE('',*,*,#4450,.T.);
#6580=ORIENTED_EDGE('',*,*,#4833,.T.);
#6581=ORIENTED_EDGE('',*,*,#4642,.T.);
#6582=ORIENTED_EDGE('',*,*,#4641,.T.);
#6583=ORIENTED_EDGE('',*,*,#4819,.T.);
#6584=ORIENTED_EDGE('',*,*,#4599,.F.);
#6585=ORIENTED_EDGE('',*,*,#4832,.T.);
#6586=ORIENTED_EDGE('',*,*,#4735,.F.);
#6587=ORIENTED_EDGE('',*,*,#4792,.T.);
#6588=ORIENTED_EDGE('',*,*,#4524,.T.);
#6589=ORIENTED_EDGE('',*,*,#4749,.T.);
#6590=ORIENTED_EDGE('',*,*,#4756,.F.);
#6591=ORIENTED_EDGE('',*,*,#4834,.F.);
#6592=ORIENTED_EDGE('',*,*,#4475,.T.);
#6593=ORIENTED_EDGE('',*,*,#4546,.F.);
#6594=ORIENTED_EDGE('',*,*,#4469,.F.);
#6595=ORIENTED_EDGE('',*,*,#4770,.F.);
#6596=ORIENTED_EDGE('',*,*,#4760,.F.);
#6597=ORIENTED_EDGE('',*,*,#4795,.T.);
#6598=ORIENTED_EDGE('',*,*,#4472,.T.);
#6599=ORIENTED_EDGE('',*,*,#4834,.T.);
#6600=ORIENTED_EDGE('',*,*,#4835,.T.);
#6601=ORIENTED_EDGE('',*,*,#4836,.F.);
#6602=ORIENTED_EDGE('',*,*,#4837,.F.);
#6603=ORIENTED_EDGE('',*,*,#4838,.T.);
#6604=ORIENTED_EDGE('',*,*,#4836,.T.);
#6605=ORIENTED_EDGE('',*,*,#4838,.F.);
#6606=ORIENTED_EDGE('',*,*,#4839,.F.);
#6607=ORIENTED_EDGE('',*,*,#4837,.T.);
#6608=ORIENTED_EDGE('',*,*,#4690,.F.);
#6609=ORIENTED_EDGE('',*,*,#4840,.T.);
#6610=ORIENTED_EDGE('',*,*,#4839,.T.);
#6611=ORIENTED_EDGE('',*,*,#4840,.F.);
#6612=ORIENTED_EDGE('',*,*,#4835,.F.);
#6613=ORIENTED_EDGE('',*,*,#4841,.T.);
#6614=ORIENTED_EDGE('',*,*,#4563,.F.);
#6615=ORIENTED_EDGE('',*,*,#4841,.F.);
#6616=ORIENTED_EDGE('',*,*,#4842,.T.);
#6617=ORIENTED_EDGE('',*,*,#4843,.F.);
#6618=ORIENTED_EDGE('',*,*,#4844,.F.);
#6619=ORIENTED_EDGE('',*,*,#4845,.T.);
#6620=ORIENTED_EDGE('',*,*,#4843,.T.);
#6621=ORIENTED_EDGE('',*,*,#4845,.F.);
#6622=ORIENTED_EDGE('',*,*,#4846,.F.);
#6623=ORIENTED_EDGE('',*,*,#4844,.T.);
#6624=ORIENTED_EDGE('',*,*,#4691,.F.);
#6625=ORIENTED_EDGE('',*,*,#4847,.T.);
#6626=ORIENTED_EDGE('',*,*,#4846,.T.);
#6627=ORIENTED_EDGE('',*,*,#4847,.F.);
#6628=ORIENTED_EDGE('',*,*,#4842,.F.);
#6629=ORIENTED_EDGE('',*,*,#4848,.T.);
#6630=ORIENTED_EDGE('',*,*,#4577,.F.);
#6631=ORIENTED_EDGE('',*,*,#4848,.F.);
#6632=ORIENTED_EDGE('',*,*,#4849,.T.);
#6633=ORIENTED_EDGE('',*,*,#4850,.F.);
#6634=ORIENTED_EDGE('',*,*,#4851,.F.);
#6635=ORIENTED_EDGE('',*,*,#4852,.T.);
#6636=ORIENTED_EDGE('',*,*,#4850,.T.);
#6637=ORIENTED_EDGE('',*,*,#4852,.F.);
#6638=ORIENTED_EDGE('',*,*,#4853,.F.);
#6639=ORIENTED_EDGE('',*,*,#4851,.T.);
#6640=ORIENTED_EDGE('',*,*,#4692,.F.);
#6641=ORIENTED_EDGE('',*,*,#4854,.T.);
#6642=ORIENTED_EDGE('',*,*,#4853,.T.);
#6643=ORIENTED_EDGE('',*,*,#4854,.F.);
#6644=ORIENTED_EDGE('',*,*,#4849,.F.);
#6645=ORIENTED_EDGE('',*,*,#4855,.T.);
#6646=ORIENTED_EDGE('',*,*,#4589,.F.);
#6647=ORIENTED_EDGE('',*,*,#4855,.F.);
#6648=ORIENTED_EDGE('',*,*,#4828,.F.);
#6649=ORIENTED_EDGE('',*,*,#4643,.T.);
#6650=ORIENTED_EDGE('',*,*,#4833,.F.);
#6651=ORIENTED_EDGE('',*,*,#4453,.T.);
#6652=ORIENTED_EDGE('',*,*,#4543,.F.);
#6653=ORIENTED_EDGE('',*,*,#4447,.F.);
#6654=ORIENTED_EDGE('',*,*,#4611,.T.);
#6655=ORIENTED_EDGE('',*,*,#4830,.F.);
#6656=ORIENTED_EDGE('',*,*,#4630,.T.);
#6657=ORIENTED_EDGE('',*,*,#4826,.F.);
#6658=ORIENTED_EDGE('',*,*,#4511,.T.);
#6659=ORIENTED_EDGE('',*,*,#4535,.F.);
#6660=ORIENTED_EDGE('',*,*,#4533,.F.);
#6661=ORIENTED_EDGE('',*,*,#4610,.T.);
#6662=ORIENTED_EDGE('',*,*,#4825,.F.);
#6663=ORIENTED_EDGE('',*,*,#4628,.T.);
#6664=ORIENTED_EDGE('',*,*,#4831,.F.);
#6665=ORIENTED_EDGE('',*,*,#4590,.T.);
#6666=ORIENTED_EDGE('',*,*,#4501,.T.);
#6667=ORIENTED_EDGE('',*,*,#4536,.F.);
#6668=ORIENTED_EDGE('',*,*,#4509,.F.);
#6669=ORIENTED_EDGE('',*,*,#4744,.F.);
#6670=ORIENTED_EDGE('',*,*,#4746,.F.);
#6671=ORIENTED_EDGE('',*,*,#4519,.T.);
#6672=ORIENTED_EDGE('',*,*,#4548,.F.);
#6673=ORIENTED_EDGE('',*,*,#4513,.F.);
#6674=ORIENTED_EDGE('',*,*,#4793,.F.);
#6675=ORIENTED_EDGE('',*,*,#4856,.T.);
#6676=ORIENTED_EDGE('',*,*,#4857,.F.);
#6677=ORIENTED_EDGE('',*,*,#4858,.T.);
#6678=ORIENTED_EDGE('',*,*,#4856,.F.);
#6679=ORIENTED_EDGE('',*,*,#4858,.F.);
#6680=ORIENTED_EDGE('',*,*,#4859,.F.);
#6681=ORIENTED_EDGE('',*,*,#4857,.T.);
#6682=ORIENTED_EDGE('',*,*,#4860,.F.);
#6683=ORIENTED_EDGE('',*,*,#4861,.T.);
#6684=ORIENTED_EDGE('',*,*,#4859,.T.);
#6685=ORIENTED_EDGE('',*,*,#4861,.F.);
#6686=ORIENTED_EDGE('',*,*,#4862,.F.);
#6687=ORIENTED_EDGE('',*,*,#4860,.T.);
#6688=ORIENTED_EDGE('',*,*,#4863,.F.);
#6689=ORIENTED_EDGE('',*,*,#4864,.T.);
#6690=ORIENTED_EDGE('',*,*,#4862,.T.);
#6691=ORIENTED_EDGE('',*,*,#4864,.F.);
#6692=ORIENTED_EDGE('',*,*,#4865,.F.);
#6693=ORIENTED_EDGE('',*,*,#4863,.T.);
#6694=ORIENTED_EDGE('',*,*,#4866,.F.);
#6695=ORIENTED_EDGE('',*,*,#4867,.T.);
#6696=ORIENTED_EDGE('',*,*,#4865,.T.);
#6697=ORIENTED_EDGE('',*,*,#4867,.F.);
#6698=ORIENTED_EDGE('',*,*,#4866,.T.);
#6699=ORIENTED_EDGE('',*,*,#4868,.T.);
#6700=ORIENTED_EDGE('',*,*,#4869,.F.);
#6701=ORIENTED_EDGE('',*,*,#4870,.T.);
#6702=ORIENTED_EDGE('',*,*,#4868,.F.);
#6703=ORIENTED_EDGE('',*,*,#4870,.F.);
#6704=ORIENTED_EDGE('',*,*,#4871,.F.);
#6705=ORIENTED_EDGE('',*,*,#4869,.T.);
#6706=ORIENTED_EDGE('',*,*,#4872,.F.);
#6707=ORIENTED_EDGE('',*,*,#4873,.T.);
#6708=ORIENTED_EDGE('',*,*,#4871,.T.);
#6709=ORIENTED_EDGE('',*,*,#4873,.F.);
#6710=ORIENTED_EDGE('',*,*,#4874,.F.);
#6711=ORIENTED_EDGE('',*,*,#4872,.T.);
#6712=ORIENTED_EDGE('',*,*,#4875,.F.);
#6713=ORIENTED_EDGE('',*,*,#4876,.T.);
#6714=ORIENTED_EDGE('',*,*,#4874,.T.);
#6715=ORIENTED_EDGE('',*,*,#4876,.F.);
#6716=ORIENTED_EDGE('',*,*,#4877,.F.);
#6717=ORIENTED_EDGE('',*,*,#4875,.T.);
#6718=ORIENTED_EDGE('',*,*,#4878,.F.);
#6719=ORIENTED_EDGE('',*,*,#4879,.T.);
#6720=ORIENTED_EDGE('',*,*,#4877,.T.);
#6721=ORIENTED_EDGE('',*,*,#4879,.F.);
#6722=ORIENTED_EDGE('',*,*,#4878,.T.);
#6723=ORIENTED_EDGE('',*,*,#4880,.T.);
#6724=ORIENTED_EDGE('',*,*,#4881,.F.);
#6725=ORIENTED_EDGE('',*,*,#4882,.T.);
#6726=ORIENTED_EDGE('',*,*,#4880,.F.);
#6727=ORIENTED_EDGE('',*,*,#4882,.F.);
#6728=ORIENTED_EDGE('',*,*,#4883,.F.);
#6729=ORIENTED_EDGE('',*,*,#4881,.T.);
#6730=ORIENTED_EDGE('',*,*,#4884,.F.);
#6731=ORIENTED_EDGE('',*,*,#4885,.T.);
#6732=ORIENTED_EDGE('',*,*,#4883,.T.);
#6733=ORIENTED_EDGE('',*,*,#4885,.F.);
#6734=ORIENTED_EDGE('',*,*,#4886,.F.);
#6735=ORIENTED_EDGE('',*,*,#4884,.T.);
#6736=ORIENTED_EDGE('',*,*,#4887,.F.);
#6737=ORIENTED_EDGE('',*,*,#4888,.T.);
#6738=ORIENTED_EDGE('',*,*,#4886,.T.);
#6739=ORIENTED_EDGE('',*,*,#4888,.F.);
#6740=ORIENTED_EDGE('',*,*,#4889,.F.);
#6741=ORIENTED_EDGE('',*,*,#4887,.T.);
#6742=ORIENTED_EDGE('',*,*,#4890,.F.);
#6743=ORIENTED_EDGE('',*,*,#4891,.T.);
#6744=ORIENTED_EDGE('',*,*,#4889,.T.);
#6745=ORIENTED_EDGE('',*,*,#4891,.F.);
#6746=ORIENTED_EDGE('',*,*,#4890,.T.);
#6747=ORIENTED_EDGE('',*,*,#4892,.T.);
#6748=ORIENTED_EDGE('',*,*,#4893,.F.);
#6749=ORIENTED_EDGE('',*,*,#4894,.T.);
#6750=ORIENTED_EDGE('',*,*,#4892,.F.);
#6751=ORIENTED_EDGE('',*,*,#4894,.F.);
#6752=ORIENTED_EDGE('',*,*,#4895,.F.);
#6753=ORIENTED_EDGE('',*,*,#4893,.T.);
#6754=ORIENTED_EDGE('',*,*,#4896,.F.);
#6755=ORIENTED_EDGE('',*,*,#4897,.T.);
#6756=ORIENTED_EDGE('',*,*,#4895,.T.);
#6757=ORIENTED_EDGE('',*,*,#4897,.F.);
#6758=ORIENTED_EDGE('',*,*,#4898,.F.);
#6759=ORIENTED_EDGE('',*,*,#4896,.T.);
#6760=ORIENTED_EDGE('',*,*,#4899,.F.);
#6761=ORIENTED_EDGE('',*,*,#4900,.T.);
#6762=ORIENTED_EDGE('',*,*,#4898,.T.);
#6763=ORIENTED_EDGE('',*,*,#4900,.F.);
#6764=ORIENTED_EDGE('',*,*,#4901,.F.);
#6765=ORIENTED_EDGE('',*,*,#4899,.T.);
#6766=ORIENTED_EDGE('',*,*,#4902,.F.);
#6767=ORIENTED_EDGE('',*,*,#4903,.T.);
#6768=ORIENTED_EDGE('',*,*,#4901,.T.);
#6769=ORIENTED_EDGE('',*,*,#4903,.F.);
#6770=ORIENTED_EDGE('',*,*,#4902,.T.);
#6771=ORIENTED_EDGE('',*,*,#4904,.T.);
#6772=ORIENTED_EDGE('',*,*,#4905,.F.);
#6773=ORIENTED_EDGE('',*,*,#4906,.T.);
#6774=ORIENTED_EDGE('',*,*,#4904,.F.);
#6775=ORIENTED_EDGE('',*,*,#4906,.F.);
#6776=ORIENTED_EDGE('',*,*,#4907,.F.);
#6777=ORIENTED_EDGE('',*,*,#4905,.T.);
#6778=ORIENTED_EDGE('',*,*,#4908,.F.);
#6779=ORIENTED_EDGE('',*,*,#4909,.T.);
#6780=ORIENTED_EDGE('',*,*,#4907,.T.);
#6781=ORIENTED_EDGE('',*,*,#4909,.F.);
#6782=ORIENTED_EDGE('',*,*,#4910,.F.);
#6783=ORIENTED_EDGE('',*,*,#4908,.T.);
#6784=ORIENTED_EDGE('',*,*,#4911,.F.);
#6785=ORIENTED_EDGE('',*,*,#4912,.T.);
#6786=ORIENTED_EDGE('',*,*,#4910,.T.);
#6787=ORIENTED_EDGE('',*,*,#4912,.F.);
#6788=ORIENTED_EDGE('',*,*,#4913,.F.);
#6789=ORIENTED_EDGE('',*,*,#4911,.T.);
#6790=ORIENTED_EDGE('',*,*,#4914,.F.);
#6791=ORIENTED_EDGE('',*,*,#4915,.T.);
#6792=ORIENTED_EDGE('',*,*,#4913,.T.);
#6793=ORIENTED_EDGE('',*,*,#4915,.F.);
#6794=ORIENTED_EDGE('',*,*,#4914,.T.);
#6795=ORIENTED_EDGE('',*,*,#4916,.T.);
#6796=ORIENTED_EDGE('',*,*,#4917,.F.);
#6797=ORIENTED_EDGE('',*,*,#4918,.T.);
#6798=ORIENTED_EDGE('',*,*,#4916,.F.);
#6799=ORIENTED_EDGE('',*,*,#4918,.F.);
#6800=ORIENTED_EDGE('',*,*,#4919,.F.);
#6801=ORIENTED_EDGE('',*,*,#4917,.T.);
#6802=ORIENTED_EDGE('',*,*,#4920,.F.);
#6803=ORIENTED_EDGE('',*,*,#4921,.T.);
#6804=ORIENTED_EDGE('',*,*,#4919,.T.);
#6805=ORIENTED_EDGE('',*,*,#4921,.F.);
#6806=ORIENTED_EDGE('',*,*,#4922,.F.);
#6807=ORIENTED_EDGE('',*,*,#4920,.T.);
#6808=ORIENTED_EDGE('',*,*,#4923,.F.);
#6809=ORIENTED_EDGE('',*,*,#4924,.T.);
#6810=ORIENTED_EDGE('',*,*,#4922,.T.);
#6811=ORIENTED_EDGE('',*,*,#4924,.F.);
#6812=ORIENTED_EDGE('',*,*,#4925,.F.);
#6813=ORIENTED_EDGE('',*,*,#4923,.T.);
#6814=ORIENTED_EDGE('',*,*,#4926,.F.);
#6815=ORIENTED_EDGE('',*,*,#4927,.T.);
#6816=ORIENTED_EDGE('',*,*,#4925,.T.);
#6817=ORIENTED_EDGE('',*,*,#4927,.F.);
#6818=ORIENTED_EDGE('',*,*,#4926,.T.);
#6819=ORIENTED_EDGE('',*,*,#4928,.T.);
#6820=ORIENTED_EDGE('',*,*,#4929,.T.);
#6821=ORIENTED_EDGE('',*,*,#4930,.T.);
#6822=ORIENTED_EDGE('',*,*,#4931,.T.);
#6823=ORIENTED_EDGE('',*,*,#4930,.F.);
#6824=ORIENTED_EDGE('',*,*,#4932,.T.);
#6825=ORIENTED_EDGE('',*,*,#4933,.T.);
#6826=ORIENTED_EDGE('',*,*,#4934,.T.);
#6827=ORIENTED_EDGE('',*,*,#4935,.T.);
#6828=ORIENTED_EDGE('',*,*,#4936,.T.);
#6829=ORIENTED_EDGE('',*,*,#4928,.F.);
#6830=ORIENTED_EDGE('',*,*,#4937,.T.);
#6831=ORIENTED_EDGE('',*,*,#4933,.F.);
#6832=ORIENTED_EDGE('',*,*,#4938,.T.);
#6833=ORIENTED_EDGE('',*,*,#4939,.T.);
#6834=ORIENTED_EDGE('',*,*,#4940,.T.);
#6835=ORIENTED_EDGE('',*,*,#4935,.F.);
#6836=ORIENTED_EDGE('',*,*,#4941,.T.);
#6837=ORIENTED_EDGE('',*,*,#4942,.T.);
#6838=ORIENTED_EDGE('',*,*,#4943,.T.);
#6839=ORIENTED_EDGE('',*,*,#4939,.F.);
#6840=ORIENTED_EDGE('',*,*,#4944,.T.);
#6841=ORIENTED_EDGE('',*,*,#4945,.T.);
#6842=ORIENTED_EDGE('',*,*,#4946,.T.);
#6843=ORIENTED_EDGE('',*,*,#4947,.T.);
#6844=ORIENTED_EDGE('',*,*,#4948,.T.);
#6845=ORIENTED_EDGE('',*,*,#4942,.F.);
#6846=ORIENTED_EDGE('',*,*,#4949,.T.);
#6847=ORIENTED_EDGE('',*,*,#4947,.F.);
#6848=ORIENTED_EDGE('',*,*,#4950,.T.);
#6849=ORIENTED_EDGE('',*,*,#4945,.F.);
#6850=ORIENTED_EDGE('',*,*,#4951,.T.);
#6851=ORIENTED_EDGE('',*,*,#4944,.F.);
#6852=ORIENTED_EDGE('',*,*,#4952,.T.);
#6853=ORIENTED_EDGE('',*,*,#4953,.T.);
#6854=ORIENTED_EDGE('',*,*,#4954,.T.);
#6855=ORIENTED_EDGE('',*,*,#4938,.F.);
#6856=ORIENTED_EDGE('',*,*,#4955,.F.);
#6857=ORIENTED_EDGE('',*,*,#4956,.F.);
#6858=ORIENTED_EDGE('',*,*,#4952,.F.);
#6859=ORIENTED_EDGE('',*,*,#4932,.F.);
#6860=ORIENTED_EDGE('',*,*,#4957,.T.);
#6861=ORIENTED_EDGE('',*,*,#4958,.T.);
#6862=ORIENTED_EDGE('',*,*,#4955,.T.);
#6863=ORIENTED_EDGE('',*,*,#4929,.F.);
#6864=ORIENTED_EDGE('',*,*,#4959,.F.);
#6865=ORIENTED_EDGE('',*,*,#4960,.F.);
#6866=ORIENTED_EDGE('',*,*,#4957,.F.);
#6867=ORIENTED_EDGE('',*,*,#4961,.F.);
#6868=ORIENTED_EDGE('',*,*,#4962,.T.);
#6869=ORIENTED_EDGE('',*,*,#4963,.F.);
#6870=ORIENTED_EDGE('',*,*,#4964,.T.);
#6871=ORIENTED_EDGE('',*,*,#4965,.F.);
#6872=ORIENTED_EDGE('',*,*,#4966,.T.);
#6873=ORIENTED_EDGE('',*,*,#4967,.F.);
#6874=ORIENTED_EDGE('',*,*,#4968,.T.);
#6875=ORIENTED_EDGE('',*,*,#4969,.F.);
#6876=ORIENTED_EDGE('',*,*,#4970,.T.);
#6877=ORIENTED_EDGE('',*,*,#4971,.F.);
#6878=ORIENTED_EDGE('',*,*,#4972,.T.);
#6879=ORIENTED_EDGE('',*,*,#4973,.F.);
#6880=ORIENTED_EDGE('',*,*,#4974,.F.);
#6881=ORIENTED_EDGE('',*,*,#4975,.T.);
#6882=ORIENTED_EDGE('',*,*,#4976,.F.);
#6883=ORIENTED_EDGE('',*,*,#4977,.T.);
#6884=ORIENTED_EDGE('',*,*,#4978,.F.);
#6885=ORIENTED_EDGE('',*,*,#4979,.T.);
#6886=ORIENTED_EDGE('',*,*,#4980,.F.);
#6887=ORIENTED_EDGE('',*,*,#4981,.T.);
#6888=ORIENTED_EDGE('',*,*,#4982,.F.);
#6889=ORIENTED_EDGE('',*,*,#4983,.T.);
#6890=ORIENTED_EDGE('',*,*,#4984,.F.);
#6891=ORIENTED_EDGE('',*,*,#4985,.T.);
#6892=ORIENTED_EDGE('',*,*,#4986,.F.);
#6893=ORIENTED_EDGE('',*,*,#4987,.T.);
#6894=ORIENTED_EDGE('',*,*,#4988,.F.);
#6895=ORIENTED_EDGE('',*,*,#4989,.T.);
#6896=ORIENTED_EDGE('',*,*,#4990,.F.);
#6897=ORIENTED_EDGE('',*,*,#4991,.T.);
#6898=ORIENTED_EDGE('',*,*,#4992,.F.);
#6899=ORIENTED_EDGE('',*,*,#4993,.T.);
#6900=ORIENTED_EDGE('',*,*,#4994,.F.);
#6901=ORIENTED_EDGE('',*,*,#4995,.T.);
#6902=ORIENTED_EDGE('',*,*,#4996,.F.);
#6903=ORIENTED_EDGE('',*,*,#4997,.T.);
#6904=ORIENTED_EDGE('',*,*,#4998,.T.);
#6905=ORIENTED_EDGE('',*,*,#4999,.F.);
#6906=ORIENTED_EDGE('',*,*,#5000,.F.);
#6907=ORIENTED_EDGE('',*,*,#5001,.F.);
#6908=ORIENTED_EDGE('',*,*,#5002,.F.);
#6909=ORIENTED_EDGE('',*,*,#5003,.F.);
#6910=ORIENTED_EDGE('',*,*,#5004,.F.);
#6911=ORIENTED_EDGE('',*,*,#5005,.F.);
#6912=ORIENTED_EDGE('',*,*,#5006,.F.);
#6913=ORIENTED_EDGE('',*,*,#5007,.F.);
#6914=ORIENTED_EDGE('',*,*,#5008,.F.);
#6915=ORIENTED_EDGE('',*,*,#5009,.F.);
#6916=ORIENTED_EDGE('',*,*,#5010,.F.);
#6917=ORIENTED_EDGE('',*,*,#5011,.F.);
#6918=ORIENTED_EDGE('',*,*,#5012,.F.);
#6919=ORIENTED_EDGE('',*,*,#5013,.F.);
#6920=ORIENTED_EDGE('',*,*,#5014,.F.);
#6921=ORIENTED_EDGE('',*,*,#5015,.F.);
#6922=ORIENTED_EDGE('',*,*,#5016,.F.);
#6923=ORIENTED_EDGE('',*,*,#5017,.F.);
#6924=ORIENTED_EDGE('',*,*,#5018,.F.);
#6925=ORIENTED_EDGE('',*,*,#5019,.F.);
#6926=ORIENTED_EDGE('',*,*,#5020,.F.);
#6927=ORIENTED_EDGE('',*,*,#5021,.F.);
#6928=ORIENTED_EDGE('',*,*,#5022,.F.);
#6929=ORIENTED_EDGE('',*,*,#5023,.F.);
#6930=ORIENTED_EDGE('',*,*,#5024,.F.);
#6931=ORIENTED_EDGE('',*,*,#5025,.F.);
#6932=ORIENTED_EDGE('',*,*,#5026,.F.);
#6933=ORIENTED_EDGE('',*,*,#5027,.F.);
#6934=ORIENTED_EDGE('',*,*,#5028,.F.);
#6935=ORIENTED_EDGE('',*,*,#5029,.F.);
#6936=ORIENTED_EDGE('',*,*,#5030,.F.);
#6937=ORIENTED_EDGE('',*,*,#5031,.F.);
#6938=ORIENTED_EDGE('',*,*,#5032,.F.);
#6939=ORIENTED_EDGE('',*,*,#5033,.F.);
#6940=ORIENTED_EDGE('',*,*,#5034,.F.);
#6941=ORIENTED_EDGE('',*,*,#5035,.F.);
#6942=ORIENTED_EDGE('',*,*,#5036,.F.);
#6943=ORIENTED_EDGE('',*,*,#5037,.F.);
#6944=ORIENTED_EDGE('',*,*,#5038,.F.);
#6945=ORIENTED_EDGE('',*,*,#5039,.F.);
#6946=ORIENTED_EDGE('',*,*,#5040,.F.);
#6947=ORIENTED_EDGE('',*,*,#5041,.F.);
#6948=ORIENTED_EDGE('',*,*,#5042,.F.);
#6949=ORIENTED_EDGE('',*,*,#5043,.T.);
#6950=ORIENTED_EDGE('',*,*,#5044,.T.);
#6951=ORIENTED_EDGE('',*,*,#5045,.T.);
#6952=ORIENTED_EDGE('',*,*,#4931,.F.);
#6953=ORIENTED_EDGE('',*,*,#4934,.F.);
#6954=ORIENTED_EDGE('',*,*,#4940,.F.);
#6955=ORIENTED_EDGE('',*,*,#4946,.F.);
#6956=ORIENTED_EDGE('',*,*,#4950,.F.);
#6957=ORIENTED_EDGE('',*,*,#4949,.F.);
#6958=ORIENTED_EDGE('',*,*,#4941,.F.);
#6959=ORIENTED_EDGE('',*,*,#4937,.F.);
#6960=ORIENTED_EDGE('',*,*,#5046,.T.);
#6961=ORIENTED_EDGE('',*,*,#5047,.T.);
#6962=ORIENTED_EDGE('',*,*,#5048,.T.);
#6963=ORIENTED_EDGE('',*,*,#5035,.T.);
#6964=ORIENTED_EDGE('',*,*,#5048,.F.);
#6965=ORIENTED_EDGE('',*,*,#5049,.T.);
#6966=ORIENTED_EDGE('',*,*,#5050,.T.);
#6967=ORIENTED_EDGE('',*,*,#5036,.T.);
#6968=ORIENTED_EDGE('',*,*,#5051,.T.);
#6969=ORIENTED_EDGE('',*,*,#5052,.T.);
#6970=ORIENTED_EDGE('',*,*,#5046,.F.);
#6971=ORIENTED_EDGE('',*,*,#5042,.T.);
#6972=ORIENTED_EDGE('',*,*,#5050,.F.);
#6973=ORIENTED_EDGE('',*,*,#5053,.T.);
#6974=ORIENTED_EDGE('',*,*,#5054,.T.);
#6975=ORIENTED_EDGE('',*,*,#5037,.T.);
#6976=ORIENTED_EDGE('',*,*,#5055,.T.);
#6977=ORIENTED_EDGE('',*,*,#5056,.T.);
#6978=ORIENTED_EDGE('',*,*,#5051,.F.);
#6979=ORIENTED_EDGE('',*,*,#5041,.T.);
#6980=ORIENTED_EDGE('',*,*,#5057,.T.);
#6981=ORIENTED_EDGE('',*,*,#5038,.T.);
#6982=ORIENTED_EDGE('',*,*,#5054,.F.);
#6983=ORIENTED_EDGE('',*,*,#5058,.T.);
#6984=ORIENTED_EDGE('',*,*,#5055,.F.);
#6985=ORIENTED_EDGE('',*,*,#5040,.T.);
#6986=ORIENTED_EDGE('',*,*,#5059,.T.);
#6987=ORIENTED_EDGE('',*,*,#5060,.T.);
#6988=ORIENTED_EDGE('',*,*,#5057,.F.);
#6989=ORIENTED_EDGE('',*,*,#5061,.T.);
#6990=ORIENTED_EDGE('',*,*,#5059,.F.);
#6991=ORIENTED_EDGE('',*,*,#5039,.T.);
#6992=ORIENTED_EDGE('',*,*,#5058,.F.);
#6993=ORIENTED_EDGE('',*,*,#5062,.F.);
#6994=ORIENTED_EDGE('',*,*,#5063,.F.);
#6995=ORIENTED_EDGE('',*,*,#5064,.F.);
#6996=ORIENTED_EDGE('',*,*,#5053,.F.);
#6997=ORIENTED_EDGE('',*,*,#5065,.T.);
#6998=ORIENTED_EDGE('',*,*,#5066,.T.);
#6999=ORIENTED_EDGE('',*,*,#5062,.T.);
#7000=ORIENTED_EDGE('',*,*,#5049,.F.);
#7001=ORIENTED_EDGE('',*,*,#5067,.F.);
#7002=ORIENTED_EDGE('',*,*,#5068,.F.);
#7003=ORIENTED_EDGE('',*,*,#5065,.F.);
#7004=ORIENTED_EDGE('',*,*,#5047,.F.);
#7005=ORIENTED_EDGE('',*,*,#5069,.T.);
#7006=ORIENTED_EDGE('',*,*,#5070,.T.);
#7007=ORIENTED_EDGE('',*,*,#5067,.T.);
#7008=ORIENTED_EDGE('',*,*,#5071,.F.);
#7009=ORIENTED_EDGE('',*,*,#4995,.F.);
#7010=ORIENTED_EDGE('',*,*,#5072,.F.);
#7011=ORIENTED_EDGE('',*,*,#5073,.T.);
#7012=ORIENTED_EDGE('',*,*,#5074,.F.);
#7013=ORIENTED_EDGE('',*,*,#5075,.T.);
#7014=ORIENTED_EDGE('',*,*,#4998,.F.);
#7015=ORIENTED_EDGE('',*,*,#5076,.F.);
#7016=ORIENTED_EDGE('',*,*,#5077,.F.);
#7017=ORIENTED_EDGE('',*,*,#4962,.F.);
#7018=ORIENTED_EDGE('',*,*,#5078,.F.);
#7019=ORIENTED_EDGE('',*,*,#5079,.T.);
#7020=ORIENTED_EDGE('',*,*,#4994,.T.);
#7021=ORIENTED_EDGE('',*,*,#5080,.T.);
#7022=ORIENTED_EDGE('',*,*,#5081,.T.);
#7023=ORIENTED_EDGE('',*,*,#5072,.T.);
#7024=ORIENTED_EDGE('',*,*,#5082,.F.);
#7025=ORIENTED_EDGE('',*,*,#5083,.T.);
#7026=ORIENTED_EDGE('',*,*,#5080,.F.);
#7027=ORIENTED_EDGE('',*,*,#4993,.F.);
#7028=ORIENTED_EDGE('',*,*,#4992,.T.);
#7029=ORIENTED_EDGE('',*,*,#5084,.T.);
#7030=ORIENTED_EDGE('',*,*,#5085,.T.);
#7031=ORIENTED_EDGE('',*,*,#5082,.T.);
#7032=ORIENTED_EDGE('',*,*,#5086,.F.);
#7033=ORIENTED_EDGE('',*,*,#4981,.F.);
#7034=ORIENTED_EDGE('',*,*,#5087,.F.);
#7035=ORIENTED_EDGE('',*,*,#5088,.T.);
#7036=ORIENTED_EDGE('',*,*,#4980,.T.);
#7037=ORIENTED_EDGE('',*,*,#5089,.T.);
#7038=ORIENTED_EDGE('',*,*,#5090,.T.);
#7039=ORIENTED_EDGE('',*,*,#5087,.T.);
#7040=ORIENTED_EDGE('',*,*,#5091,.F.);
#7041=ORIENTED_EDGE('',*,*,#5092,.T.);
#7042=ORIENTED_EDGE('',*,*,#5089,.F.);
#7043=ORIENTED_EDGE('',*,*,#4979,.F.);
#7044=ORIENTED_EDGE('',*,*,#4978,.T.);
#7045=ORIENTED_EDGE('',*,*,#5093,.T.);
#7046=ORIENTED_EDGE('',*,*,#5094,.T.);
#7047=ORIENTED_EDGE('',*,*,#5091,.T.);
#7048=ORIENTED_EDGE('',*,*,#5095,.F.);
#7049=ORIENTED_EDGE('',*,*,#4968,.F.);
#7050=ORIENTED_EDGE('',*,*,#5096,.F.);
#7051=ORIENTED_EDGE('',*,*,#5097,.F.);
#7052=ORIENTED_EDGE('',*,*,#4967,.T.);
#7053=ORIENTED_EDGE('',*,*,#5098,.T.);
#7054=ORIENTED_EDGE('',*,*,#5099,.T.);
#7055=ORIENTED_EDGE('',*,*,#5096,.T.);
#7056=ORIENTED_EDGE('',*,*,#5100,.F.);
#7057=ORIENTED_EDGE('',*,*,#5101,.T.);
#7058=ORIENTED_EDGE('',*,*,#5098,.F.);
#7059=ORIENTED_EDGE('',*,*,#4966,.F.);
#7060=ORIENTED_EDGE('',*,*,#4965,.T.);
#7061=ORIENTED_EDGE('',*,*,#5102,.T.);
#7062=ORIENTED_EDGE('',*,*,#5103,.T.);
#7063=ORIENTED_EDGE('',*,*,#5100,.T.);
#7064=ORIENTED_EDGE('',*,*,#5104,.F.);
#7065=ORIENTED_EDGE('',*,*,#5105,.F.);
#7066=ORIENTED_EDGE('',*,*,#5102,.F.);
#7067=ORIENTED_EDGE('',*,*,#4964,.F.);
#7068=ORIENTED_EDGE('',*,*,#5106,.T.);
#7069=ORIENTED_EDGE('',*,*,#5104,.T.);
#7070=ORIENTED_EDGE('',*,*,#4963,.T.);
#7071=ORIENTED_EDGE('',*,*,#5077,.T.);
#7072=ORIENTED_EDGE('',*,*,#5107,.F.);
#7073=ORIENTED_EDGE('',*,*,#4970,.F.);
#7074=ORIENTED_EDGE('',*,*,#5108,.F.);
#7075=ORIENTED_EDGE('',*,*,#5109,.T.);
#7076=ORIENTED_EDGE('',*,*,#5110,.T.);
#7077=ORIENTED_EDGE('',*,*,#5108,.T.);
#7078=ORIENTED_EDGE('',*,*,#4969,.T.);
#7079=ORIENTED_EDGE('',*,*,#5095,.T.);
#7080=ORIENTED_EDGE('',*,*,#5111,.F.);
#7081=ORIENTED_EDGE('',*,*,#5112,.T.);
#7082=ORIENTED_EDGE('',*,*,#5093,.F.);
#7083=ORIENTED_EDGE('',*,*,#4977,.F.);
#7084=ORIENTED_EDGE('',*,*,#5113,.T.);
#7085=ORIENTED_EDGE('',*,*,#5111,.T.);
#7086=ORIENTED_EDGE('',*,*,#4976,.T.);
#7087=ORIENTED_EDGE('',*,*,#5114,.T.);
#7088=ORIENTED_EDGE('',*,*,#5115,.F.);
#7089=ORIENTED_EDGE('',*,*,#4983,.F.);
#7090=ORIENTED_EDGE('',*,*,#5116,.F.);
#7091=ORIENTED_EDGE('',*,*,#5117,.T.);
#7092=ORIENTED_EDGE('',*,*,#5118,.T.);
#7093=ORIENTED_EDGE('',*,*,#5116,.T.);
#7094=ORIENTED_EDGE('',*,*,#4982,.T.);
#7095=ORIENTED_EDGE('',*,*,#5086,.T.);
#7096=ORIENTED_EDGE('',*,*,#5119,.F.);
#7097=ORIENTED_EDGE('',*,*,#5120,.T.);
#7098=ORIENTED_EDGE('',*,*,#5084,.F.);
#7099=ORIENTED_EDGE('',*,*,#4991,.F.);
#7100=ORIENTED_EDGE('',*,*,#5121,.T.);
#7101=ORIENTED_EDGE('',*,*,#5119,.T.);
#7102=ORIENTED_EDGE('',*,*,#4990,.T.);
#7103=ORIENTED_EDGE('',*,*,#5122,.T.);
#7104=ORIENTED_EDGE('',*,*,#5123,.F.);
#7105=ORIENTED_EDGE('',*,*,#5124,.T.);
#7106=ORIENTED_EDGE('',*,*,#5076,.T.);
#7107=ORIENTED_EDGE('',*,*,#4997,.F.);
#7108=ORIENTED_EDGE('',*,*,#5125,.T.);
#7109=ORIENTED_EDGE('',*,*,#5123,.T.);
#7110=ORIENTED_EDGE('',*,*,#4996,.T.);
#7111=ORIENTED_EDGE('',*,*,#5071,.T.);
#7112=ORIENTED_EDGE('',*,*,#4943,.F.);
#7113=ORIENTED_EDGE('',*,*,#5126,.F.);
#7114=ORIENTED_EDGE('',*,*,#5127,.F.);
#7115=ORIENTED_EDGE('',*,*,#5128,.F.);
#7116=ORIENTED_EDGE('',*,*,#4948,.F.);
#7117=ORIENTED_EDGE('',*,*,#5129,.T.);
#7118=ORIENTED_EDGE('',*,*,#5130,.T.);
#7119=ORIENTED_EDGE('',*,*,#5126,.T.);
#7120=ORIENTED_EDGE('',*,*,#5060,.F.);
#7121=ORIENTED_EDGE('',*,*,#5131,.F.);
#7122=ORIENTED_EDGE('',*,*,#5132,.F.);
#7123=ORIENTED_EDGE('',*,*,#5133,.F.);
#7124=ORIENTED_EDGE('',*,*,#5061,.F.);
#7125=ORIENTED_EDGE('',*,*,#5064,.T.);
#7126=ORIENTED_EDGE('',*,*,#5134,.T.);
#7127=ORIENTED_EDGE('',*,*,#5131,.T.);
#7128=ORIENTED_EDGE('',*,*,#5135,.F.);
#7129=ORIENTED_EDGE('',*,*,#5136,.F.);
#7130=ORIENTED_EDGE('',*,*,#4987,.F.);
#7131=ORIENTED_EDGE('',*,*,#5137,.F.);
#7132=ORIENTED_EDGE('',*,*,#4986,.T.);
#7133=ORIENTED_EDGE('',*,*,#5138,.T.);
#7134=ORIENTED_EDGE('',*,*,#5139,.T.);
#7135=ORIENTED_EDGE('',*,*,#5137,.T.);
#7136=ORIENTED_EDGE('',*,*,#5140,.F.);
#7137=ORIENTED_EDGE('',*,*,#4973,.T.);
#7138=ORIENTED_EDGE('',*,*,#5141,.T.);
#7139=ORIENTED_EDGE('',*,*,#5142,.T.);
#7140=ORIENTED_EDGE('',*,*,#5143,.F.);
#7141=ORIENTED_EDGE('',*,*,#5141,.F.);
#7142=ORIENTED_EDGE('',*,*,#4972,.F.);
#7143=ORIENTED_EDGE('',*,*,#5144,.F.);
#7144=ORIENTED_EDGE('',*,*,#5145,.T.);
#7145=ORIENTED_EDGE('',*,*,#5144,.T.);
#7146=ORIENTED_EDGE('',*,*,#4971,.T.);
#7147=ORIENTED_EDGE('',*,*,#5107,.T.);
#7148=ORIENTED_EDGE('',*,*,#5146,.F.);
#7149=ORIENTED_EDGE('',*,*,#5138,.F.);
#7150=ORIENTED_EDGE('',*,*,#4985,.F.);
#7151=ORIENTED_EDGE('',*,*,#5147,.F.);
#7152=ORIENTED_EDGE('',*,*,#5148,.T.);
#7153=ORIENTED_EDGE('',*,*,#5147,.T.);
#7154=ORIENTED_EDGE('',*,*,#4984,.T.);
#7155=ORIENTED_EDGE('',*,*,#5115,.T.);
#7156=ORIENTED_EDGE('',*,*,#5149,.F.);
#7157=ORIENTED_EDGE('',*,*,#5150,.T.);
#7158=ORIENTED_EDGE('',*,*,#5122,.F.);
#7159=ORIENTED_EDGE('',*,*,#4989,.F.);
#7160=ORIENTED_EDGE('',*,*,#5151,.T.);
#7161=ORIENTED_EDGE('',*,*,#5149,.T.);
#7162=ORIENTED_EDGE('',*,*,#4988,.T.);
#7163=ORIENTED_EDGE('',*,*,#5136,.T.);
#7164=ORIENTED_EDGE('',*,*,#5152,.F.);
#7165=ORIENTED_EDGE('',*,*,#5153,.T.);
#7166=ORIENTED_EDGE('',*,*,#5114,.F.);
#7167=ORIENTED_EDGE('',*,*,#4975,.F.);
#7168=ORIENTED_EDGE('',*,*,#4974,.T.);
#7169=ORIENTED_EDGE('',*,*,#5140,.T.);
#7170=ORIENTED_EDGE('',*,*,#5154,.F.);
#7171=ORIENTED_EDGE('',*,*,#5152,.T.);
#7172=ORIENTED_EDGE('',*,*,#5155,.F.);
#7173=ORIENTED_EDGE('',*,*,#5019,.T.);
#7174=ORIENTED_EDGE('',*,*,#5156,.F.);
#7175=ORIENTED_EDGE('',*,*,#5157,.F.);
#7176=ORIENTED_EDGE('',*,*,#5158,.F.);
#7177=ORIENTED_EDGE('',*,*,#5005,.T.);
#7178=ORIENTED_EDGE('',*,*,#5159,.F.);
#7179=ORIENTED_EDGE('',*,*,#5160,.F.);
#7180=ORIENTED_EDGE('',*,*,#5161,.F.);
#7181=ORIENTED_EDGE('',*,*,#4999,.T.);
#7182=ORIENTED_EDGE('',*,*,#5075,.F.);
#7183=ORIENTED_EDGE('',*,*,#5162,.F.);
#7184=ORIENTED_EDGE('',*,*,#5163,.F.);
#7185=ORIENTED_EDGE('',*,*,#5032,.T.);
#7186=ORIENTED_EDGE('',*,*,#5164,.F.);
#7187=ORIENTED_EDGE('',*,*,#5165,.T.);
#7188=ORIENTED_EDGE('',*,*,#5002,.T.);
#7189=ORIENTED_EDGE('',*,*,#5166,.T.);
#7190=ORIENTED_EDGE('',*,*,#5167,.T.);
#7191=ORIENTED_EDGE('',*,*,#5168,.T.);
#7192=ORIENTED_EDGE('',*,*,#5169,.F.);
#7193=ORIENTED_EDGE('',*,*,#5003,.T.);
#7194=ORIENTED_EDGE('',*,*,#5168,.F.);
#7195=ORIENTED_EDGE('',*,*,#5170,.F.);
#7196=ORIENTED_EDGE('',*,*,#5004,.T.);
#7197=ORIENTED_EDGE('',*,*,#5169,.T.);
#7198=ORIENTED_EDGE('',*,*,#5171,.T.);
#7199=ORIENTED_EDGE('',*,*,#5159,.T.);
#7200=ORIENTED_EDGE('',*,*,#5016,.T.);
#7201=ORIENTED_EDGE('',*,*,#5172,.T.);
#7202=ORIENTED_EDGE('',*,*,#5173,.T.);
#7203=ORIENTED_EDGE('',*,*,#5174,.T.);
#7204=ORIENTED_EDGE('',*,*,#5175,.F.);
#7205=ORIENTED_EDGE('',*,*,#5017,.T.);
#7206=ORIENTED_EDGE('',*,*,#5174,.F.);
#7207=ORIENTED_EDGE('',*,*,#5176,.F.);
#7208=ORIENTED_EDGE('',*,*,#5018,.T.);
#7209=ORIENTED_EDGE('',*,*,#5175,.T.);
#7210=ORIENTED_EDGE('',*,*,#5177,.T.);
#7211=ORIENTED_EDGE('',*,*,#5156,.T.);
#7212=ORIENTED_EDGE('',*,*,#5029,.T.);
#7213=ORIENTED_EDGE('',*,*,#5178,.T.);
#7214=ORIENTED_EDGE('',*,*,#5179,.T.);
#7215=ORIENTED_EDGE('',*,*,#5180,.T.);
#7216=ORIENTED_EDGE('',*,*,#5181,.F.);
#7217=ORIENTED_EDGE('',*,*,#5030,.T.);
#7218=ORIENTED_EDGE('',*,*,#5180,.F.);
#7219=ORIENTED_EDGE('',*,*,#5182,.F.);
#7220=ORIENTED_EDGE('',*,*,#5031,.T.);
#7221=ORIENTED_EDGE('',*,*,#5181,.T.);
#7222=ORIENTED_EDGE('',*,*,#5183,.T.);
#7223=ORIENTED_EDGE('',*,*,#5164,.T.);
#7224=ORIENTED_EDGE('',*,*,#5184,.F.);
#7225=ORIENTED_EDGE('',*,*,#5185,.F.);
#7226=ORIENTED_EDGE('',*,*,#5186,.T.);
#7227=ORIENTED_EDGE('',*,*,#5034,.T.);
#7228=ORIENTED_EDGE('',*,*,#5187,.T.);
#7229=ORIENTED_EDGE('',*,*,#5184,.T.);
#7230=ORIENTED_EDGE('',*,*,#5033,.T.);
#7231=ORIENTED_EDGE('',*,*,#5163,.T.);
#7232=ORIENTED_EDGE('',*,*,#5188,.F.);
#7233=ORIENTED_EDGE('',*,*,#5189,.T.);
#7234=ORIENTED_EDGE('',*,*,#5178,.F.);
#7235=ORIENTED_EDGE('',*,*,#5028,.T.);
#7236=ORIENTED_EDGE('',*,*,#5190,.T.);
#7237=ORIENTED_EDGE('',*,*,#5188,.T.);
#7238=ORIENTED_EDGE('',*,*,#5027,.T.);
#7239=ORIENTED_EDGE('',*,*,#5191,.T.);
#7240=ORIENTED_EDGE('',*,*,#5192,.F.);
#7241=ORIENTED_EDGE('',*,*,#5021,.T.);
#7242=ORIENTED_EDGE('',*,*,#5193,.F.);
#7243=ORIENTED_EDGE('',*,*,#5194,.F.);
#7244=ORIENTED_EDGE('',*,*,#5195,.T.);
#7245=ORIENTED_EDGE('',*,*,#5193,.T.);
#7246=ORIENTED_EDGE('',*,*,#5020,.T.);
#7247=ORIENTED_EDGE('',*,*,#5155,.T.);
#7248=ORIENTED_EDGE('',*,*,#5196,.F.);
#7249=ORIENTED_EDGE('',*,*,#5197,.F.);
#7250=ORIENTED_EDGE('',*,*,#5172,.F.);
#7251=ORIENTED_EDGE('',*,*,#5015,.T.);
#7252=ORIENTED_EDGE('',*,*,#5198,.T.);
#7253=ORIENTED_EDGE('',*,*,#5196,.T.);
#7254=ORIENTED_EDGE('',*,*,#5014,.T.);
#7255=ORIENTED_EDGE('',*,*,#5199,.T.);
#7256=ORIENTED_EDGE('',*,*,#5200,.F.);
#7257=ORIENTED_EDGE('',*,*,#5007,.T.);
#7258=ORIENTED_EDGE('',*,*,#5201,.F.);
#7259=ORIENTED_EDGE('',*,*,#5202,.F.);
#7260=ORIENTED_EDGE('',*,*,#5203,.T.);
#7261=ORIENTED_EDGE('',*,*,#5201,.T.);
#7262=ORIENTED_EDGE('',*,*,#5006,.T.);
#7263=ORIENTED_EDGE('',*,*,#5158,.T.);
#7264=ORIENTED_EDGE('',*,*,#5204,.F.);
#7265=ORIENTED_EDGE('',*,*,#5205,.F.);
#7266=ORIENTED_EDGE('',*,*,#5166,.F.);
#7267=ORIENTED_EDGE('',*,*,#5001,.T.);
#7268=ORIENTED_EDGE('',*,*,#5206,.T.);
#7269=ORIENTED_EDGE('',*,*,#5204,.T.);
#7270=ORIENTED_EDGE('',*,*,#5000,.T.);
#7271=ORIENTED_EDGE('',*,*,#5161,.T.);
#7272=ORIENTED_EDGE('',*,*,#5010,.T.);
#7273=ORIENTED_EDGE('',*,*,#5207,.T.);
#7274=ORIENTED_EDGE('',*,*,#5208,.T.);
#7275=ORIENTED_EDGE('',*,*,#5209,.T.);
#7276=ORIENTED_EDGE('',*,*,#5210,.F.);
#7277=ORIENTED_EDGE('',*,*,#5211,.F.);
#7278=ORIENTED_EDGE('',*,*,#5191,.F.);
#7279=ORIENTED_EDGE('',*,*,#5026,.T.);
#7280=ORIENTED_EDGE('',*,*,#5212,.T.);
#7281=ORIENTED_EDGE('',*,*,#5210,.T.);
#7282=ORIENTED_EDGE('',*,*,#5025,.T.);
#7283=ORIENTED_EDGE('',*,*,#5213,.T.);
#7284=ORIENTED_EDGE('',*,*,#5214,.F.);
#7285=ORIENTED_EDGE('',*,*,#5215,.F.);
#7286=ORIENTED_EDGE('',*,*,#5199,.F.);
#7287=ORIENTED_EDGE('',*,*,#5013,.T.);
#7288=ORIENTED_EDGE('',*,*,#5216,.T.);
#7289=ORIENTED_EDGE('',*,*,#5214,.T.);
#7290=ORIENTED_EDGE('',*,*,#5012,.T.);
#7291=ORIENTED_EDGE('',*,*,#5217,.T.);
#7292=ORIENTED_EDGE('',*,*,#5218,.T.);
#7293=ORIENTED_EDGE('',*,*,#5219,.T.);
#7294=ORIENTED_EDGE('',*,*,#5008,.T.);
#7295=ORIENTED_EDGE('',*,*,#5200,.T.);
#7296=ORIENTED_EDGE('',*,*,#5220,.F.);
#7297=ORIENTED_EDGE('',*,*,#5221,.T.);
#7298=ORIENTED_EDGE('',*,*,#5222,.T.);
#7299=ORIENTED_EDGE('',*,*,#5023,.T.);
#7300=ORIENTED_EDGE('',*,*,#5022,.T.);
#7301=ORIENTED_EDGE('',*,*,#5192,.T.);
#7302=ORIENTED_EDGE('',*,*,#5223,.F.);
#7303=ORIENTED_EDGE('',*,*,#5220,.T.);
#7304=ORIENTED_EDGE('',*,*,#4936,.F.);
#7305=ORIENTED_EDGE('',*,*,#5128,.T.);
#7306=ORIENTED_EDGE('',*,*,#5224,.T.);
#7307=ORIENTED_EDGE('',*,*,#4959,.T.);
#7308=ORIENTED_EDGE('',*,*,#5052,.F.);
#7309=ORIENTED_EDGE('',*,*,#5225,.F.);
#7310=ORIENTED_EDGE('',*,*,#5226,.F.);
#7311=ORIENTED_EDGE('',*,*,#5069,.F.);
#7312=ORIENTED_EDGE('',*,*,#5056,.F.);
#7313=ORIENTED_EDGE('',*,*,#5133,.T.);
#7314=ORIENTED_EDGE('',*,*,#5227,.T.);
#7315=ORIENTED_EDGE('',*,*,#5225,.T.);
#7316=ORIENTED_EDGE('',*,*,#5124,.F.);
#7317=ORIENTED_EDGE('',*,*,#5125,.F.);
#7318=ORIENTED_EDGE('',*,*,#5073,.F.);
#7319=ORIENTED_EDGE('',*,*,#5081,.F.);
#7320=ORIENTED_EDGE('',*,*,#5083,.F.);
#7321=ORIENTED_EDGE('',*,*,#5085,.F.);
#7322=ORIENTED_EDGE('',*,*,#5120,.F.);
#7323=ORIENTED_EDGE('',*,*,#5121,.F.);
#7324=ORIENTED_EDGE('',*,*,#5150,.F.);
#7325=ORIENTED_EDGE('',*,*,#5151,.F.);
#7326=ORIENTED_EDGE('',*,*,#5135,.T.);
#7327=ORIENTED_EDGE('',*,*,#5139,.F.);
#7328=ORIENTED_EDGE('',*,*,#5146,.T.);
#7329=ORIENTED_EDGE('',*,*,#5148,.F.);
#7330=ORIENTED_EDGE('',*,*,#5117,.F.);
#7331=ORIENTED_EDGE('',*,*,#5118,.F.);
#7332=ORIENTED_EDGE('',*,*,#5088,.F.);
#7333=ORIENTED_EDGE('',*,*,#5090,.F.);
#7334=ORIENTED_EDGE('',*,*,#5092,.F.);
#7335=ORIENTED_EDGE('',*,*,#5094,.F.);
#7336=ORIENTED_EDGE('',*,*,#5112,.F.);
#7337=ORIENTED_EDGE('',*,*,#5113,.F.);
#7338=ORIENTED_EDGE('',*,*,#5153,.F.);
#7339=ORIENTED_EDGE('',*,*,#5154,.T.);
#7340=ORIENTED_EDGE('',*,*,#5142,.F.);
#7341=ORIENTED_EDGE('',*,*,#5143,.T.);
#7342=ORIENTED_EDGE('',*,*,#5145,.F.);
#7343=ORIENTED_EDGE('',*,*,#5109,.F.);
#7344=ORIENTED_EDGE('',*,*,#5110,.F.);
#7345=ORIENTED_EDGE('',*,*,#5097,.T.);
#7346=ORIENTED_EDGE('',*,*,#5099,.F.);
#7347=ORIENTED_EDGE('',*,*,#5101,.F.);
#7348=ORIENTED_EDGE('',*,*,#5103,.F.);
#7349=ORIENTED_EDGE('',*,*,#5105,.T.);
#7350=ORIENTED_EDGE('',*,*,#5106,.F.);
#7351=ORIENTED_EDGE('',*,*,#5079,.F.);
#7352=ORIENTED_EDGE('',*,*,#5228,.T.);
#7353=ORIENTED_EDGE('',*,*,#5185,.T.);
#7354=ORIENTED_EDGE('',*,*,#5187,.F.);
#7355=ORIENTED_EDGE('',*,*,#5165,.F.);
#7356=ORIENTED_EDGE('',*,*,#5183,.F.);
#7357=ORIENTED_EDGE('',*,*,#5182,.T.);
#7358=ORIENTED_EDGE('',*,*,#5179,.F.);
#7359=ORIENTED_EDGE('',*,*,#5189,.F.);
#7360=ORIENTED_EDGE('',*,*,#5190,.F.);
#7361=ORIENTED_EDGE('',*,*,#5211,.T.);
#7362=ORIENTED_EDGE('',*,*,#5212,.F.);
#7363=ORIENTED_EDGE('',*,*,#5229,.T.);
#7364=ORIENTED_EDGE('',*,*,#5221,.F.);
#7365=ORIENTED_EDGE('',*,*,#5223,.T.);
#7366=ORIENTED_EDGE('',*,*,#5194,.T.);
#7367=ORIENTED_EDGE('',*,*,#5195,.F.);
#7368=ORIENTED_EDGE('',*,*,#5157,.T.);
#7369=ORIENTED_EDGE('',*,*,#5177,.F.);
#7370=ORIENTED_EDGE('',*,*,#5176,.T.);
#7371=ORIENTED_EDGE('',*,*,#5173,.F.);
#7372=ORIENTED_EDGE('',*,*,#5197,.T.);
#7373=ORIENTED_EDGE('',*,*,#5198,.F.);
#7374=ORIENTED_EDGE('',*,*,#5215,.T.);
#7375=ORIENTED_EDGE('',*,*,#5216,.F.);
#7376=ORIENTED_EDGE('',*,*,#5230,.T.);
#7377=ORIENTED_EDGE('',*,*,#5208,.F.);
#7378=ORIENTED_EDGE('',*,*,#5231,.T.);
#7379=ORIENTED_EDGE('',*,*,#5218,.F.);
#7380=ORIENTED_EDGE('',*,*,#5202,.T.);
#7381=ORIENTED_EDGE('',*,*,#5203,.F.);
#7382=ORIENTED_EDGE('',*,*,#5160,.T.);
#7383=ORIENTED_EDGE('',*,*,#5171,.F.);
#7384=ORIENTED_EDGE('',*,*,#5170,.T.);
#7385=ORIENTED_EDGE('',*,*,#5167,.F.);
#7386=ORIENTED_EDGE('',*,*,#5205,.T.);
#7387=ORIENTED_EDGE('',*,*,#5206,.F.);
#7388=ORIENTED_EDGE('',*,*,#5162,.T.);
#7389=ORIENTED_EDGE('',*,*,#5074,.T.);
#7390=ORIENTED_EDGE('',*,*,#5232,.T.);
#7391=ORIENTED_EDGE('',*,*,#5130,.F.);
#7392=ORIENTED_EDGE('',*,*,#5233,.T.);
#7393=ORIENTED_EDGE('',*,*,#4953,.F.);
#7394=ORIENTED_EDGE('',*,*,#4956,.T.);
#7395=ORIENTED_EDGE('',*,*,#4958,.F.);
#7396=ORIENTED_EDGE('',*,*,#4960,.T.);
#7397=ORIENTED_EDGE('',*,*,#5224,.F.);
#7398=ORIENTED_EDGE('',*,*,#5127,.T.);
#7399=ORIENTED_EDGE('',*,*,#5134,.F.);
#7400=ORIENTED_EDGE('',*,*,#5063,.T.);
#7401=ORIENTED_EDGE('',*,*,#5066,.F.);
#7402=ORIENTED_EDGE('',*,*,#5068,.T.);
#7403=ORIENTED_EDGE('',*,*,#5070,.F.);
#7404=ORIENTED_EDGE('',*,*,#5226,.T.);
#7405=ORIENTED_EDGE('',*,*,#5227,.F.);
#7406=ORIENTED_EDGE('',*,*,#5132,.T.);
#7407=ORIENTED_EDGE('',*,*,#5234,.T.);
#7408=ORIENTED_EDGE('',*,*,#5235,.T.);
#7409=ORIENTED_EDGE('',*,*,#5236,.T.);
#7410=ORIENTED_EDGE('',*,*,#5237,.F.);
#7411=ORIENTED_EDGE('',*,*,#5238,.F.);
#7412=ORIENTED_EDGE('',*,*,#5239,.T.);
#7413=ORIENTED_EDGE('',*,*,#5237,.T.);
#7414=ORIENTED_EDGE('',*,*,#5239,.F.);
#7415=ORIENTED_EDGE('',*,*,#5240,.F.);
#7416=ORIENTED_EDGE('',*,*,#5238,.T.);
#7417=ORIENTED_EDGE('',*,*,#5045,.F.);
#7418=ORIENTED_EDGE('',*,*,#5241,.T.);
#7419=ORIENTED_EDGE('',*,*,#5240,.T.);
#7420=ORIENTED_EDGE('',*,*,#5241,.F.);
#7421=ORIENTED_EDGE('',*,*,#5236,.F.);
#7422=ORIENTED_EDGE('',*,*,#5242,.T.);
#7423=ORIENTED_EDGE('',*,*,#5234,.F.);
#7424=ORIENTED_EDGE('',*,*,#5242,.F.);
#7425=ORIENTED_EDGE('',*,*,#5243,.T.);
#7426=ORIENTED_EDGE('',*,*,#5244,.F.);
#7427=ORIENTED_EDGE('',*,*,#5245,.F.);
#7428=ORIENTED_EDGE('',*,*,#5246,.T.);
#7429=ORIENTED_EDGE('',*,*,#5244,.T.);
#7430=ORIENTED_EDGE('',*,*,#5246,.F.);
#7431=ORIENTED_EDGE('',*,*,#5247,.F.);
#7432=ORIENTED_EDGE('',*,*,#5245,.T.);
#7433=ORIENTED_EDGE('',*,*,#5044,.F.);
#7434=ORIENTED_EDGE('',*,*,#5248,.T.);
#7435=ORIENTED_EDGE('',*,*,#5247,.T.);
#7436=ORIENTED_EDGE('',*,*,#5248,.F.);
#7437=ORIENTED_EDGE('',*,*,#5243,.F.);
#7438=ORIENTED_EDGE('',*,*,#5249,.T.);
#7439=ORIENTED_EDGE('',*,*,#5232,.F.);
#7440=ORIENTED_EDGE('',*,*,#5249,.F.);
#7441=ORIENTED_EDGE('',*,*,#5250,.T.);
#7442=ORIENTED_EDGE('',*,*,#5251,.F.);
#7443=ORIENTED_EDGE('',*,*,#5252,.F.);
#7444=ORIENTED_EDGE('',*,*,#5253,.T.);
#7445=ORIENTED_EDGE('',*,*,#5251,.T.);
#7446=ORIENTED_EDGE('',*,*,#5253,.F.);
#7447=ORIENTED_EDGE('',*,*,#5254,.F.);
#7448=ORIENTED_EDGE('',*,*,#5252,.T.);
#7449=ORIENTED_EDGE('',*,*,#5043,.F.);
#7450=ORIENTED_EDGE('',*,*,#5255,.T.);
#7451=ORIENTED_EDGE('',*,*,#5254,.T.);
#7452=ORIENTED_EDGE('',*,*,#5255,.F.);
#7453=ORIENTED_EDGE('',*,*,#5250,.F.);
#7454=ORIENTED_EDGE('',*,*,#5256,.T.);
#7455=ORIENTED_EDGE('',*,*,#5235,.F.);
#7456=ORIENTED_EDGE('',*,*,#5256,.F.);
#7457=ORIENTED_EDGE('',*,*,#5228,.F.);
#7458=ORIENTED_EDGE('',*,*,#5078,.T.);
#7459=ORIENTED_EDGE('',*,*,#4961,.T.);
#7460=ORIENTED_EDGE('',*,*,#5186,.F.);
#7461=ORIENTED_EDGE('',*,*,#5229,.F.);
#7462=ORIENTED_EDGE('',*,*,#5213,.F.);
#7463=ORIENTED_EDGE('',*,*,#5024,.T.);
#7464=ORIENTED_EDGE('',*,*,#5222,.F.);
#7465=ORIENTED_EDGE('',*,*,#5230,.F.);
#7466=ORIENTED_EDGE('',*,*,#5217,.F.);
#7467=ORIENTED_EDGE('',*,*,#5011,.T.);
#7468=ORIENTED_EDGE('',*,*,#5209,.F.);
#7469=ORIENTED_EDGE('',*,*,#5231,.F.);
#7470=ORIENTED_EDGE('',*,*,#5207,.F.);
#7471=ORIENTED_EDGE('',*,*,#5009,.T.);
#7472=ORIENTED_EDGE('',*,*,#5219,.F.);
#7473=ORIENTED_EDGE('',*,*,#4951,.F.);
#7474=ORIENTED_EDGE('',*,*,#4954,.F.);
#7475=ORIENTED_EDGE('',*,*,#5233,.F.);
#7476=ORIENTED_EDGE('',*,*,#5129,.F.);
#7477=ORIENTED_EDGE('',*,*,#5257,.T.);
#7478=ORIENTED_EDGE('',*,*,#5258,.F.);
#7479=ORIENTED_EDGE('',*,*,#5259,.T.);
#7480=ORIENTED_EDGE('',*,*,#5257,.F.);
#7481=ORIENTED_EDGE('',*,*,#5259,.F.);
#7482=ORIENTED_EDGE('',*,*,#5260,.F.);
#7483=ORIENTED_EDGE('',*,*,#5258,.T.);
#7484=ORIENTED_EDGE('',*,*,#5261,.F.);
#7485=ORIENTED_EDGE('',*,*,#5262,.T.);
#7486=ORIENTED_EDGE('',*,*,#5260,.T.);
#7487=ORIENTED_EDGE('',*,*,#5262,.F.);
#7488=ORIENTED_EDGE('',*,*,#5263,.F.);
#7489=ORIENTED_EDGE('',*,*,#5261,.T.);
#7490=ORIENTED_EDGE('',*,*,#5264,.F.);
#7491=ORIENTED_EDGE('',*,*,#5265,.T.);
#7492=ORIENTED_EDGE('',*,*,#5263,.T.);
#7493=ORIENTED_EDGE('',*,*,#5265,.F.);
#7494=ORIENTED_EDGE('',*,*,#5266,.F.);
#7495=ORIENTED_EDGE('',*,*,#5264,.T.);
#7496=ORIENTED_EDGE('',*,*,#5267,.F.);
#7497=ORIENTED_EDGE('',*,*,#5268,.T.);
#7498=ORIENTED_EDGE('',*,*,#5266,.T.);
#7499=ORIENTED_EDGE('',*,*,#5268,.F.);
#7500=ORIENTED_EDGE('',*,*,#5267,.T.);
#7501=ORIENTED_EDGE('',*,*,#5269,.T.);
#7502=ORIENTED_EDGE('',*,*,#5270,.T.);
#7503=ORIENTED_EDGE('',*,*,#5271,.F.);
#7504=ORIENTED_EDGE('',*,*,#5272,.F.);
#7505=ORIENTED_EDGE('',*,*,#5273,.T.);
#7506=ORIENTED_EDGE('',*,*,#5274,.T.);
#7507=ORIENTED_EDGE('',*,*,#5275,.F.);
#7508=ORIENTED_EDGE('',*,*,#5276,.F.);
#7509=ORIENTED_EDGE('',*,*,#5277,.T.);
#7510=ORIENTED_EDGE('',*,*,#5278,.T.);
#7511=ORIENTED_EDGE('',*,*,#5279,.F.);
#7512=ORIENTED_EDGE('',*,*,#5280,.F.);
#7513=ORIENTED_EDGE('',*,*,#5281,.T.);
#7514=ORIENTED_EDGE('',*,*,#5282,.T.);
#7515=ORIENTED_EDGE('',*,*,#5283,.F.);
#7516=ORIENTED_EDGE('',*,*,#5284,.F.);
#7517=ORIENTED_EDGE('',*,*,#5285,.T.);
#7518=ORIENTED_EDGE('',*,*,#5286,.T.);
#7519=ORIENTED_EDGE('',*,*,#5287,.F.);
#7520=ORIENTED_EDGE('',*,*,#5288,.F.);
#7521=ORIENTED_EDGE('',*,*,#5289,.T.);
#7522=ORIENTED_EDGE('',*,*,#5290,.T.);
#7523=ORIENTED_EDGE('',*,*,#5291,.F.);
#7524=ORIENTED_EDGE('',*,*,#5292,.F.);
#7525=ORIENTED_EDGE('',*,*,#5293,.T.);
#7526=ORIENTED_EDGE('',*,*,#5294,.T.);
#7527=ORIENTED_EDGE('',*,*,#5295,.F.);
#7528=ORIENTED_EDGE('',*,*,#5296,.F.);
#7529=ORIENTED_EDGE('',*,*,#5297,.T.);
#7530=ORIENTED_EDGE('',*,*,#5298,.T.);
#7531=ORIENTED_EDGE('',*,*,#5299,.F.);
#7532=ORIENTED_EDGE('',*,*,#5300,.F.);
#7533=ORIENTED_EDGE('',*,*,#5301,.F.);
#7534=ORIENTED_EDGE('',*,*,#5302,.T.);
#7535=ORIENTED_EDGE('',*,*,#5303,.F.);
#7536=ORIENTED_EDGE('',*,*,#5290,.F.);
#7537=ORIENTED_EDGE('',*,*,#5304,.F.);
#7538=ORIENTED_EDGE('',*,*,#5305,.T.);
#7539=ORIENTED_EDGE('',*,*,#5306,.F.);
#7540=ORIENTED_EDGE('',*,*,#5307,.F.);
#7541=ORIENTED_EDGE('',*,*,#5308,.F.);
#7542=ORIENTED_EDGE('',*,*,#5309,.T.);
#7543=ORIENTED_EDGE('',*,*,#5310,.F.);
#7544=ORIENTED_EDGE('',*,*,#5311,.F.);
#7545=ORIENTED_EDGE('',*,*,#5312,.F.);
#7546=ORIENTED_EDGE('',*,*,#5313,.T.);
#7547=ORIENTED_EDGE('',*,*,#5314,.F.);
#7548=ORIENTED_EDGE('',*,*,#5315,.F.);
#7549=ORIENTED_EDGE('',*,*,#5316,.F.);
#7550=ORIENTED_EDGE('',*,*,#5317,.T.);
#7551=ORIENTED_EDGE('',*,*,#5318,.F.);
#7552=ORIENTED_EDGE('',*,*,#5313,.F.);
#7553=ORIENTED_EDGE('',*,*,#5319,.F.);
#7554=ORIENTED_EDGE('',*,*,#5320,.T.);
#7555=ORIENTED_EDGE('',*,*,#5321,.F.);
#7556=ORIENTED_EDGE('',*,*,#5317,.F.);
#7557=ORIENTED_EDGE('',*,*,#5322,.F.);
#7558=ORIENTED_EDGE('',*,*,#5323,.T.);
#7559=ORIENTED_EDGE('',*,*,#5324,.F.);
#7560=ORIENTED_EDGE('',*,*,#5320,.F.);
#7561=ORIENTED_EDGE('',*,*,#5325,.F.);
#7562=ORIENTED_EDGE('',*,*,#5272,.T.);
#7563=ORIENTED_EDGE('',*,*,#5326,.F.);
#7564=ORIENTED_EDGE('',*,*,#5327,.F.);
#7565=ORIENTED_EDGE('',*,*,#5328,.F.);
#7566=ORIENTED_EDGE('',*,*,#5276,.T.);
#7567=ORIENTED_EDGE('',*,*,#5329,.F.);
#7568=ORIENTED_EDGE('',*,*,#5270,.F.);
#7569=ORIENTED_EDGE('',*,*,#5330,.F.);
#7570=ORIENTED_EDGE('',*,*,#5331,.T.);
#7571=ORIENTED_EDGE('',*,*,#5332,.F.);
#7572=ORIENTED_EDGE('',*,*,#5274,.F.);
#7573=ORIENTED_EDGE('',*,*,#5333,.F.);
#7574=ORIENTED_EDGE('',*,*,#5334,.T.);
#7575=ORIENTED_EDGE('',*,*,#5335,.F.);
#7576=ORIENTED_EDGE('',*,*,#5331,.F.);
#7577=ORIENTED_EDGE('',*,*,#5336,.F.);
#7578=ORIENTED_EDGE('',*,*,#5337,.T.);
#7579=ORIENTED_EDGE('',*,*,#5338,.F.);
#7580=ORIENTED_EDGE('',*,*,#5334,.F.);
#7581=ORIENTED_EDGE('',*,*,#5339,.F.);
#7582=ORIENTED_EDGE('',*,*,#5280,.T.);
#7583=ORIENTED_EDGE('',*,*,#5340,.F.);
#7584=ORIENTED_EDGE('',*,*,#5337,.F.);
#7585=ORIENTED_EDGE('',*,*,#5341,.F.);
#7586=ORIENTED_EDGE('',*,*,#5292,.T.);
#7587=ORIENTED_EDGE('',*,*,#5342,.F.);
#7588=ORIENTED_EDGE('',*,*,#5278,.F.);
#7589=ORIENTED_EDGE('',*,*,#5343,.F.);
#7590=ORIENTED_EDGE('',*,*,#5296,.T.);
#7591=ORIENTED_EDGE('',*,*,#5344,.F.);
#7592=ORIENTED_EDGE('',*,*,#5345,.F.);
#7593=ORIENTED_EDGE('',*,*,#5346,.F.);
#7594=ORIENTED_EDGE('',*,*,#5284,.T.);
#7595=ORIENTED_EDGE('',*,*,#5347,.F.);
#7596=ORIENTED_EDGE('',*,*,#5294,.F.);
#7597=ORIENTED_EDGE('',*,*,#5348,.F.);
#7598=ORIENTED_EDGE('',*,*,#5349,.T.);
#7599=ORIENTED_EDGE('',*,*,#5350,.F.);
#7600=ORIENTED_EDGE('',*,*,#5282,.F.);
#7601=ORIENTED_EDGE('',*,*,#5351,.F.);
#7602=ORIENTED_EDGE('',*,*,#5352,.T.);
#7603=ORIENTED_EDGE('',*,*,#5353,.F.);
#7604=ORIENTED_EDGE('',*,*,#5354,.F.);
#7605=ORIENTED_EDGE('',*,*,#5355,.F.);
#7606=ORIENTED_EDGE('',*,*,#5300,.T.);
#7607=ORIENTED_EDGE('',*,*,#5356,.F.);
#7608=ORIENTED_EDGE('',*,*,#5357,.F.);
#7609=ORIENTED_EDGE('',*,*,#5358,.F.);
#7610=ORIENTED_EDGE('',*,*,#5288,.T.);
#7611=ORIENTED_EDGE('',*,*,#5359,.F.);
#7612=ORIENTED_EDGE('',*,*,#5298,.F.);
#7613=ORIENTED_EDGE('',*,*,#5360,.F.);
#7614=ORIENTED_EDGE('',*,*,#5361,.T.);
#7615=ORIENTED_EDGE('',*,*,#5362,.F.);
#7616=ORIENTED_EDGE('',*,*,#5286,.F.);
#7617=ORIENTED_EDGE('',*,*,#5363,.F.);
#7618=ORIENTED_EDGE('',*,*,#5364,.T.);
#7619=ORIENTED_EDGE('',*,*,#5365,.F.);
#7620=ORIENTED_EDGE('',*,*,#5366,.F.);
#7621=ORIENTED_EDGE('',*,*,#5367,.F.);
#7622=ORIENTED_EDGE('',*,*,#5368,.T.);
#7623=ORIENTED_EDGE('',*,*,#5369,.F.);
#7624=ORIENTED_EDGE('',*,*,#5370,.F.);
#7625=ORIENTED_EDGE('',*,*,#5371,.F.);
#7626=ORIENTED_EDGE('',*,*,#5372,.T.);
#7627=ORIENTED_EDGE('',*,*,#5373,.F.);
#7628=ORIENTED_EDGE('',*,*,#5368,.F.);
#7629=ORIENTED_EDGE('',*,*,#5374,.F.);
#7630=ORIENTED_EDGE('',*,*,#5375,.T.);
#7631=ORIENTED_EDGE('',*,*,#5376,.F.);
#7632=ORIENTED_EDGE('',*,*,#5372,.F.);
#7633=ORIENTED_EDGE('',*,*,#5377,.F.);
#7634=ORIENTED_EDGE('',*,*,#5378,.F.);
#7635=ORIENTED_EDGE('',*,*,#5379,.F.);
#7636=ORIENTED_EDGE('',*,*,#5380,.F.);
#7637=ORIENTED_EDGE('',*,*,#5381,.F.);
#7638=ORIENTED_EDGE('',*,*,#5370,.T.);
#7639=ORIENTED_EDGE('',*,*,#5382,.T.);
#7640=ORIENTED_EDGE('',*,*,#5375,.F.);
#7641=ORIENTED_EDGE('',*,*,#5376,.T.);
#7642=ORIENTED_EDGE('',*,*,#5382,.F.);
#7643=ORIENTED_EDGE('',*,*,#5369,.T.);
#7644=ORIENTED_EDGE('',*,*,#5373,.T.);
#7645=ORIENTED_EDGE('',*,*,#5379,.T.);
#7646=ORIENTED_EDGE('',*,*,#5383,.T.);
#7647=ORIENTED_EDGE('',*,*,#5384,.T.);
#7648=ORIENTED_EDGE('',*,*,#5385,.T.);
#7649=ORIENTED_EDGE('',*,*,#5291,.T.);
#7650=ORIENTED_EDGE('',*,*,#5303,.T.);
#7651=ORIENTED_EDGE('',*,*,#5386,.T.);
#7652=ORIENTED_EDGE('',*,*,#5306,.T.);
#7653=ORIENTED_EDGE('',*,*,#5387,.T.);
#7654=ORIENTED_EDGE('',*,*,#5310,.T.);
#7655=ORIENTED_EDGE('',*,*,#5388,.T.);
#7656=ORIENTED_EDGE('',*,*,#5314,.T.);
#7657=ORIENTED_EDGE('',*,*,#5318,.T.);
#7658=ORIENTED_EDGE('',*,*,#5321,.T.);
#7659=ORIENTED_EDGE('',*,*,#5324,.T.);
#7660=ORIENTED_EDGE('',*,*,#5389,.T.);
#7661=ORIENTED_EDGE('',*,*,#5326,.T.);
#7662=ORIENTED_EDGE('',*,*,#5271,.T.);
#7663=ORIENTED_EDGE('',*,*,#5329,.T.);
#7664=ORIENTED_EDGE('',*,*,#5275,.T.);
#7665=ORIENTED_EDGE('',*,*,#5332,.T.);
#7666=ORIENTED_EDGE('',*,*,#5335,.T.);
#7667=ORIENTED_EDGE('',*,*,#5338,.T.);
#7668=ORIENTED_EDGE('',*,*,#5340,.T.);
#7669=ORIENTED_EDGE('',*,*,#5279,.T.);
#7670=ORIENTED_EDGE('',*,*,#5342,.T.);
#7671=ORIENTED_EDGE('',*,*,#5390,.T.);
#7672=ORIENTED_EDGE('',*,*,#5391,.T.);
#7673=ORIENTED_EDGE('',*,*,#5392,.T.);
#7674=ORIENTED_EDGE('',*,*,#5393,.T.);
#7675=ORIENTED_EDGE('',*,*,#5394,.T.);
#7676=ORIENTED_EDGE('',*,*,#5395,.F.);
#7677=ORIENTED_EDGE('',*,*,#5396,.F.);
#7678=ORIENTED_EDGE('',*,*,#5397,.F.);
#7679=ORIENTED_EDGE('',*,*,#5356,.T.);
#7680=ORIENTED_EDGE('',*,*,#5299,.T.);
#7681=ORIENTED_EDGE('',*,*,#5359,.T.);
#7682=ORIENTED_EDGE('',*,*,#5287,.T.);
#7683=ORIENTED_EDGE('',*,*,#5362,.T.);
#7684=ORIENTED_EDGE('',*,*,#5398,.T.);
#7685=ORIENTED_EDGE('',*,*,#5365,.T.);
#7686=ORIENTED_EDGE('',*,*,#5399,.T.);
#7687=ORIENTED_EDGE('',*,*,#5344,.T.);
#7688=ORIENTED_EDGE('',*,*,#5295,.T.);
#7689=ORIENTED_EDGE('',*,*,#5347,.T.);
#7690=ORIENTED_EDGE('',*,*,#5283,.T.);
#7691=ORIENTED_EDGE('',*,*,#5350,.T.);
#7692=ORIENTED_EDGE('',*,*,#5400,.T.);
#7693=ORIENTED_EDGE('',*,*,#5353,.T.);
#7694=ORIENTED_EDGE('',*,*,#5401,.T.);
#7695=ORIENTED_EDGE('',*,*,#5381,.T.);
#7696=ORIENTED_EDGE('',*,*,#5402,.F.);
#7697=ORIENTED_EDGE('',*,*,#5403,.F.);
#7698=ORIENTED_EDGE('',*,*,#5404,.F.);
#7699=ORIENTED_EDGE('',*,*,#5377,.T.);
#7700=ORIENTED_EDGE('',*,*,#5374,.T.);
#7701=ORIENTED_EDGE('',*,*,#5371,.T.);
#7702=ORIENTED_EDGE('',*,*,#5367,.T.);
#7703=ORIENTED_EDGE('',*,*,#5383,.F.);
#7704=ORIENTED_EDGE('',*,*,#5378,.T.);
#7705=ORIENTED_EDGE('',*,*,#5404,.T.);
#7706=ORIENTED_EDGE('',*,*,#5405,.F.);
#7707=ORIENTED_EDGE('',*,*,#5384,.F.);
#7708=ORIENTED_EDGE('',*,*,#5405,.T.);
#7709=ORIENTED_EDGE('',*,*,#5403,.T.);
#7710=ORIENTED_EDGE('',*,*,#5406,.F.);
#7711=ORIENTED_EDGE('',*,*,#5402,.T.);
#7712=ORIENTED_EDGE('',*,*,#5380,.T.);
#7713=ORIENTED_EDGE('',*,*,#5385,.F.);
#7714=ORIENTED_EDGE('',*,*,#5406,.T.);
#7715=ORIENTED_EDGE('',*,*,#5391,.F.);
#7716=ORIENTED_EDGE('',*,*,#5407,.T.);
#7717=ORIENTED_EDGE('',*,*,#5408,.T.);
#7718=ORIENTED_EDGE('',*,*,#5409,.F.);
#7719=ORIENTED_EDGE('',*,*,#5392,.F.);
#7720=ORIENTED_EDGE('',*,*,#5409,.T.);
#7721=ORIENTED_EDGE('',*,*,#5410,.T.);
#7722=ORIENTED_EDGE('',*,*,#5411,.F.);
#7723=ORIENTED_EDGE('',*,*,#5393,.F.);
#7724=ORIENTED_EDGE('',*,*,#5411,.T.);
#7725=ORIENTED_EDGE('',*,*,#5412,.T.);
#7726=ORIENTED_EDGE('',*,*,#5413,.F.);
#7727=ORIENTED_EDGE('',*,*,#5394,.F.);
#7728=ORIENTED_EDGE('',*,*,#5413,.T.);
#7729=ORIENTED_EDGE('',*,*,#5414,.F.);
#7730=ORIENTED_EDGE('',*,*,#5407,.F.);
#7731=ORIENTED_EDGE('',*,*,#5390,.F.);
#7732=ORIENTED_EDGE('',*,*,#5415,.F.);
#7733=ORIENTED_EDGE('',*,*,#5416,.T.);
#7734=ORIENTED_EDGE('',*,*,#5417,.F.);
#7735=ORIENTED_EDGE('',*,*,#5416,.F.);
#7736=ORIENTED_EDGE('',*,*,#5418,.F.);
#7737=ORIENTED_EDGE('',*,*,#5419,.F.);
#7738=ORIENTED_EDGE('',*,*,#5420,.F.);
#7739=ORIENTED_EDGE('',*,*,#5412,.F.);
#7740=ORIENTED_EDGE('',*,*,#5410,.F.);
#7741=ORIENTED_EDGE('',*,*,#5408,.F.);
#7742=ORIENTED_EDGE('',*,*,#5414,.T.);
#7743=ORIENTED_EDGE('',*,*,#5395,.T.);
#7744=ORIENTED_EDGE('',*,*,#5417,.T.);
#7745=ORIENTED_EDGE('',*,*,#5420,.T.);
#7746=ORIENTED_EDGE('',*,*,#5421,.F.);
#7747=ORIENTED_EDGE('',*,*,#5396,.T.);
#7748=ORIENTED_EDGE('',*,*,#5421,.T.);
#7749=ORIENTED_EDGE('',*,*,#5419,.T.);
#7750=ORIENTED_EDGE('',*,*,#5422,.F.);
#7751=ORIENTED_EDGE('',*,*,#5418,.T.);
#7752=ORIENTED_EDGE('',*,*,#5415,.T.);
#7753=ORIENTED_EDGE('',*,*,#5397,.T.);
#7754=ORIENTED_EDGE('',*,*,#5422,.T.);
#7755=ORIENTED_EDGE('',*,*,#5423,.T.);
#7756=ORIENTED_EDGE('',*,*,#5327,.T.);
#7757=ORIENTED_EDGE('',*,*,#5389,.F.);
#7758=ORIENTED_EDGE('',*,*,#5323,.F.);
#7759=ORIENTED_EDGE('',*,*,#5424,.T.);
#7760=ORIENTED_EDGE('',*,*,#5315,.T.);
#7761=ORIENTED_EDGE('',*,*,#5388,.F.);
#7762=ORIENTED_EDGE('',*,*,#5309,.F.);
#7763=ORIENTED_EDGE('',*,*,#5425,.T.);
#7764=ORIENTED_EDGE('',*,*,#5311,.T.);
#7765=ORIENTED_EDGE('',*,*,#5387,.F.);
#7766=ORIENTED_EDGE('',*,*,#5305,.F.);
#7767=ORIENTED_EDGE('',*,*,#5426,.T.);
#7768=ORIENTED_EDGE('',*,*,#5307,.T.);
#7769=ORIENTED_EDGE('',*,*,#5386,.F.);
#7770=ORIENTED_EDGE('',*,*,#5302,.F.);
#7771=ORIENTED_EDGE('',*,*,#5427,.T.);
#7772=ORIENTED_EDGE('',*,*,#5345,.T.);
#7773=ORIENTED_EDGE('',*,*,#5401,.F.);
#7774=ORIENTED_EDGE('',*,*,#5352,.F.);
#7775=ORIENTED_EDGE('',*,*,#5428,.T.);
#7776=ORIENTED_EDGE('',*,*,#5354,.T.);
#7777=ORIENTED_EDGE('',*,*,#5400,.F.);
#7778=ORIENTED_EDGE('',*,*,#5349,.F.);
#7779=ORIENTED_EDGE('',*,*,#5429,.T.);
#7780=ORIENTED_EDGE('',*,*,#5357,.T.);
#7781=ORIENTED_EDGE('',*,*,#5399,.F.);
#7782=ORIENTED_EDGE('',*,*,#5364,.F.);
#7783=ORIENTED_EDGE('',*,*,#5430,.T.);
#7784=ORIENTED_EDGE('',*,*,#5366,.T.);
#7785=ORIENTED_EDGE('',*,*,#5398,.F.);
#7786=ORIENTED_EDGE('',*,*,#5361,.F.);
#7787=ORIENTED_EDGE('',*,*,#5269,.F.);
#7788=ORIENTED_EDGE('',*,*,#5325,.T.);
#7789=ORIENTED_EDGE('',*,*,#5423,.F.);
#7790=ORIENTED_EDGE('',*,*,#5322,.T.);
#7791=ORIENTED_EDGE('',*,*,#5319,.T.);
#7792=ORIENTED_EDGE('',*,*,#5316,.T.);
#7793=ORIENTED_EDGE('',*,*,#5312,.T.);
#7794=ORIENTED_EDGE('',*,*,#5424,.F.);
#7795=ORIENTED_EDGE('',*,*,#5308,.T.);
#7796=ORIENTED_EDGE('',*,*,#5425,.F.);
#7797=ORIENTED_EDGE('',*,*,#5304,.T.);
#7798=ORIENTED_EDGE('',*,*,#5426,.F.);
#7799=ORIENTED_EDGE('',*,*,#5301,.T.);
#7800=ORIENTED_EDGE('',*,*,#5289,.F.);
#7801=ORIENTED_EDGE('',*,*,#5341,.T.);
#7802=ORIENTED_EDGE('',*,*,#5277,.F.);
#7803=ORIENTED_EDGE('',*,*,#5339,.T.);
#7804=ORIENTED_EDGE('',*,*,#5336,.T.);
#7805=ORIENTED_EDGE('',*,*,#5333,.T.);
#7806=ORIENTED_EDGE('',*,*,#5330,.T.);
#7807=ORIENTED_EDGE('',*,*,#5273,.F.);
#7808=ORIENTED_EDGE('',*,*,#5328,.T.);
#7809=ORIENTED_EDGE('',*,*,#5355,.T.);
#7810=ORIENTED_EDGE('',*,*,#5429,.F.);
#7811=ORIENTED_EDGE('',*,*,#5363,.T.);
#7812=ORIENTED_EDGE('',*,*,#5430,.F.);
#7813=ORIENTED_EDGE('',*,*,#5360,.T.);
#7814=ORIENTED_EDGE('',*,*,#5285,.F.);
#7815=ORIENTED_EDGE('',*,*,#5358,.T.);
#7816=ORIENTED_EDGE('',*,*,#5297,.F.);
#7817=ORIENTED_EDGE('',*,*,#5343,.T.);
#7818=ORIENTED_EDGE('',*,*,#5427,.F.);
#7819=ORIENTED_EDGE('',*,*,#5351,.T.);
#7820=ORIENTED_EDGE('',*,*,#5428,.F.);
#7821=ORIENTED_EDGE('',*,*,#5348,.T.);
#7822=ORIENTED_EDGE('',*,*,#5281,.F.);
#7823=ORIENTED_EDGE('',*,*,#5346,.T.);
#7824=ORIENTED_EDGE('',*,*,#5293,.F.);
#7825=ORIENTED_EDGE('',*,*,#5431,.T.);
#7826=ORIENTED_EDGE('',*,*,#5432,.F.);
#7827=ORIENTED_EDGE('',*,*,#5433,.T.);
#7828=ORIENTED_EDGE('',*,*,#5431,.F.);
#7829=ORIENTED_EDGE('',*,*,#5433,.F.);
#7830=ORIENTED_EDGE('',*,*,#5434,.F.);
#7831=ORIENTED_EDGE('',*,*,#5432,.T.);
#7832=ORIENTED_EDGE('',*,*,#5435,.F.);
#7833=ORIENTED_EDGE('',*,*,#5436,.T.);
#7834=ORIENTED_EDGE('',*,*,#5434,.T.);
#7835=ORIENTED_EDGE('',*,*,#5436,.F.);
#7836=ORIENTED_EDGE('',*,*,#5437,.F.);
#7837=ORIENTED_EDGE('',*,*,#5435,.T.);
#7838=ORIENTED_EDGE('',*,*,#5438,.F.);
#7839=ORIENTED_EDGE('',*,*,#5439,.T.);
#7840=ORIENTED_EDGE('',*,*,#5437,.T.);
#7841=ORIENTED_EDGE('',*,*,#5439,.F.);
#7842=ORIENTED_EDGE('',*,*,#5440,.F.);
#7843=ORIENTED_EDGE('',*,*,#5438,.T.);
#7844=ORIENTED_EDGE('',*,*,#5441,.F.);
#7845=ORIENTED_EDGE('',*,*,#5442,.T.);
#7846=ORIENTED_EDGE('',*,*,#5440,.T.);
#7847=ORIENTED_EDGE('',*,*,#5442,.F.);
#7848=ORIENTED_EDGE('',*,*,#5441,.T.);
#7849=ORIENTED_EDGE('',*,*,#5443,.T.);
#7850=ORIENTED_EDGE('',*,*,#5444,.F.);
#7851=ORIENTED_EDGE('',*,*,#5445,.T.);
#7852=ORIENTED_EDGE('',*,*,#5443,.F.);
#7853=ORIENTED_EDGE('',*,*,#5445,.F.);
#7854=ORIENTED_EDGE('',*,*,#5446,.F.);
#7855=ORIENTED_EDGE('',*,*,#5444,.T.);
#7856=ORIENTED_EDGE('',*,*,#5447,.F.);
#7857=ORIENTED_EDGE('',*,*,#5448,.T.);
#7858=ORIENTED_EDGE('',*,*,#5446,.T.);
#7859=ORIENTED_EDGE('',*,*,#5448,.F.);
#7860=ORIENTED_EDGE('',*,*,#5449,.F.);
#7861=ORIENTED_EDGE('',*,*,#5447,.T.);
#7862=ORIENTED_EDGE('',*,*,#5450,.F.);
#7863=ORIENTED_EDGE('',*,*,#5451,.T.);
#7864=ORIENTED_EDGE('',*,*,#5449,.T.);
#7865=ORIENTED_EDGE('',*,*,#5451,.F.);
#7866=ORIENTED_EDGE('',*,*,#5452,.F.);
#7867=ORIENTED_EDGE('',*,*,#5450,.T.);
#7868=ORIENTED_EDGE('',*,*,#5453,.F.);
#7869=ORIENTED_EDGE('',*,*,#5454,.T.);
#7870=ORIENTED_EDGE('',*,*,#5452,.T.);
#7871=ORIENTED_EDGE('',*,*,#5454,.F.);
#7872=ORIENTED_EDGE('',*,*,#5453,.T.);
#7873=PLANE('',#8680);
#7874=PLANE('',#8681);
#7875=PLANE('',#8682);
#7876=PLANE('',#8683);
#7877=PLANE('',#8684);
#7878=PLANE('',#8685);
#7879=PLANE('',#8686);
#7880=PLANE('',#8687);
#7881=PLANE('',#8688);
#7882=PLANE('',#8689);
#7883=PLANE('',#8690);
#7884=PLANE('',#8691);
#7885=PLANE('',#8692);
#7886=PLANE('',#8693);
#7887=PLANE('',#8694);
#7888=PLANE('',#8701);
#7889=PLANE('',#8708);
#7890=PLANE('',#8721);
#7891=PLANE('',#8722);
#7892=PLANE('',#8723);
#7893=PLANE('',#8724);
#7894=PLANE('',#8725);
#7895=PLANE('',#8726);
#7896=PLANE('',#8727);
#7897=PLANE('',#8728);
#7898=PLANE('',#8729);
#7899=PLANE('',#8730);
#7900=PLANE('',#8731);
#7901=PLANE('',#8732);
#7902=PLANE('',#8733);
#7903=PLANE('',#8734);
#7904=PLANE('',#8735);
#7905=PLANE('',#8736);
#7906=PLANE('',#8737);
#7907=PLANE('',#8738);
#7908=PLANE('',#8757);
#7909=PLANE('',#8758);
#7910=PLANE('',#8759);
#7911=PLANE('',#8760);
#7912=PLANE('',#8761);
#7913=PLANE('',#8762);
#7914=PLANE('',#8763);
#7915=PLANE('',#8764);
#7916=PLANE('',#8765);
#7917=PLANE('',#8766);
#7918=PLANE('',#8767);
#7919=PLANE('',#8768);
#7920=PLANE('',#8769);
#7921=PLANE('',#8770);
#7922=PLANE('',#8771);
#7923=PLANE('',#8772);
#7924=PLANE('',#8773);
#7925=PLANE('',#8774);
#7926=PLANE('',#8775);
#7927=PLANE('',#8776);
#7928=PLANE('',#8782);
#7929=PLANE('',#8788);
#7930=PLANE('',#8797);
#7931=PLANE('',#8798);
#7932=PLANE('',#8799);
#7933=PLANE('',#8800);
#7934=PLANE('',#8801);
#7935=PLANE('',#8802);
#7936=PLANE('',#8803);
#7937=PLANE('',#8804);
#7938=PLANE('',#8805);
#7939=PLANE('',#8806);
#7940=PLANE('',#8819);
#7941=PLANE('',#8820);
#7942=PLANE('',#8821);
#7943=PLANE('',#8822);
#7944=PLANE('',#8823);
#7945=PLANE('',#8828);
#7946=PLANE('',#8834);
#7947=PLANE('',#8839);
#7948=PLANE('',#8842);
#7949=PLANE('',#8846);
#7950=PLANE('',#8849);
#7951=PLANE('',#8871);
#7952=PLANE('',#8875);
#7953=PLANE('',#8879);
#7954=PLANE('',#8887);
#7955=PLANE('',#8890);
#7956=PLANE('',#8893);
#7957=PLANE('',#8899);
#7958=PLANE('',#8900);
#7959=PLANE('',#8901);
#7960=PLANE('',#8902);
#7961=PLANE('',#8903);
#7962=PLANE('',#8904);
#7963=PLANE('',#8905);
#7964=PLANE('',#8906);
#7965=PLANE('',#8907);
#7966=PLANE('',#8908);
#7967=PLANE('',#8909);
#7968=PLANE('',#8910);
#7969=PLANE('',#8911);
#7970=PLANE('',#8913);
#7971=PLANE('',#8915);
#7972=PLANE('',#8917);
#7973=PLANE('',#8919);
#7974=PLANE('',#8921);
#7975=PLANE('',#8922);
#7976=PLANE('',#8923);
#7977=PLANE('',#8924);
#7978=PLANE('',#8925);
#7979=PLANE('',#8926);
#7980=PLANE('',#8927);
#7981=PLANE('',#8928);
#7982=PLANE('',#8929);
#7983=PLANE('',#8930);
#7984=PLANE('',#8931);
#7985=PLANE('',#8932);
#7986=PLANE('',#8933);
#7987=PLANE('',#8934);
#7988=PLANE('',#8936);
#7989=PLANE('',#8939);
#7990=PLANE('',#8942);
#7991=PLANE('',#8943);
#7992=PLANE('',#8944);
#7993=PLANE('',#8945);
#7994=PLANE('',#8946);
#7995=PLANE('',#8947);
#7996=PLANE('',#8948);
#7997=PLANE('',#8949);
#7998=PLANE('',#8950);
#7999=PLANE('',#8951);
#8000=PLANE('',#8956);
#8001=PLANE('',#8960);
#8002=PLANE('',#8965);
#8003=PLANE('',#8969);
#8004=PLANE('',#8974);
#8005=PLANE('',#8978);
#8006=PLANE('',#8979);
#8007=PLANE('',#8980);
#8008=PLANE('',#8981);
#8009=PLANE('',#8982);
#8010=PLANE('',#8986);
#8011=PLANE('',#8990);
#8012=PLANE('',#8994);
#8013=PLANE('',#8998);
#8014=PLANE('',#8999);
#8015=PLANE('',#9003);
#8016=PLANE('',#9007);
#8017=PLANE('',#9011);
#8018=PLANE('',#9015);
#8019=PLANE('',#9016);
#8020=PLANE('',#9020);
#8021=PLANE('',#9024);
#8022=PLANE('',#9028);
#8023=PLANE('',#9032);
#8024=PLANE('',#9033);
#8025=PLANE('',#9037);
#8026=PLANE('',#9041);
#8027=PLANE('',#9045);
#8028=PLANE('',#9049);
#8029=PLANE('',#9050);
#8030=PLANE('',#9054);
#8031=PLANE('',#9058);
#8032=PLANE('',#9062);
#8033=PLANE('',#9066);
#8034=PLANE('',#9067);
#8035=PLANE('',#9071);
#8036=PLANE('',#9075);
#8037=PLANE('',#9079);
#8038=PLANE('',#9083);
#8039=PLANE('',#9085);
#8040=PLANE('',#9086);
#8041=PLANE('',#9087);
#8042=PLANE('',#9088);
#8043=PLANE('',#9089);
#8044=PLANE('',#9090);
#8045=PLANE('',#9091);
#8046=PLANE('',#9113);
#8047=PLANE('',#9114);
#8048=PLANE('',#9115);
#8049=PLANE('',#9116);
#8050=PLANE('',#9117);
#8051=PLANE('',#9118);
#8052=PLANE('',#9119);
#8053=PLANE('',#9120);
#8054=PLANE('',#9121);
#8055=PLANE('',#9124);
#8056=PLANE('',#9127);
#8057=PLANE('',#9130);
#8058=PLANE('',#9133);
#8059=PLANE('',#9136);
#8060=PLANE('',#9139);
#8061=PLANE('',#9141);
#8062=PLANE('',#9142);
#8063=PLANE('',#9144);
#8064=PLANE('',#9145);
#8065=PLANE('',#9146);
#8066=PLANE('',#9148);
#8067=PLANE('',#9149);
#8068=PLANE('',#9150);
#8069=PLANE('',#9151);
#8070=PLANE('',#9152);
#8071=PLANE('',#9153);
#8072=PLANE('',#9154);
#8073=PLANE('',#9155);
#8074=PLANE('',#9156);
#8075=PLANE('',#9157);
#8076=PLANE('',#9158);
#8077=PLANE('',#9161);
#8078=PLANE('',#9166);
#8079=PLANE('',#9171);
#8080=PLANE('',#9174);
#8081=PLANE('',#9176);
#8082=PLANE('',#9177);
#8083=PLANE('',#9179);
#8084=PLANE('',#9180);
#8085=PLANE('',#9181);
#8086=PLANE('',#9183);
#8087=PLANE('',#9184);
#8088=PLANE('',#9185);
#8089=PLANE('',#9186);
#8090=PLANE('',#9190);
#8091=PLANE('',#9195);
#8092=PLANE('',#9199);
#8093=PLANE('',#9204);
#8094=PLANE('',#9208);
#8095=PLANE('',#9213);
#8096=PLANE('',#9217);
#8097=PLANE('',#9218);
#8098=PLANE('',#9219);
#8099=PLANE('',#9220);
#8100=PLANE('',#9221);
#8101=PLANE('',#9222);
#8102=PLANE('',#9226);
#8103=PLANE('',#9230);
#8104=PLANE('',#9234);
#8105=PLANE('',#9238);
#8106=PLANE('',#9239);
#8107=PLANE('',#9240);
#8108=PLANE('',#9241);
#8109=PLANE('',#9242);
#8110=PLANE('',#9243);
#8111=PLANE('',#9244);
#8112=PLANE('',#9245);
#8113=PLANE('',#9246);
#8114=PLANE('',#9247);
#8115=PLANE('',#9248);
#8116=PLANE('',#9252);
#8117=PLANE('',#9253);
#8118=PLANE('',#9260);
#8119=PLANE('',#9261);
#8120=PLANE('',#9268);
#8121=PLANE('',#9269);
#8122=PLANE('',#9297);
#8123=PLANE('',#9298);
#8124=PLANE('',#9299);
#8125=PLANE('',#9300);
#8126=PLANE('',#9301);
#8127=PLANE('',#9302);
#8128=PLANE('',#9303);
#8129=PLANE('',#9304);
#8130=PLANE('',#9305);
#8131=PLANE('',#9306);
#8132=PLANE('',#9307);
#8133=PLANE('',#9308);
#8134=PLANE('',#9309);
#8135=PLANE('',#9310);
#8136=PLANE('',#9311);
#8137=PLANE('',#9312);
#8138=PLANE('',#9313);
#8139=PLANE('',#9314);
#8140=PLANE('',#9315);
#8141=PLANE('',#9316);
#8142=PLANE('',#9317);
#8143=PLANE('',#9318);
#8144=PLANE('',#9319);
#8145=PLANE('',#9320);
#8146=PLANE('',#9321);
#8147=PLANE('',#9322);
#8148=PLANE('',#9323);
#8149=PLANE('',#9324);
#8150=PLANE('',#9325);
#8151=PLANE('',#9329);
#8152=PLANE('',#9333);
#8153=PLANE('',#9337);
#8154=PLANE('',#9341);
#8155=PLANE('',#9342);
#8156=PLANE('',#9346);
#8157=PLANE('',#9350);
#8158=PLANE('',#9354);
#8159=PLANE('',#9358);
#8160=ADVANCED_FACE('',(#729),#7873,.T.);
#8161=ADVANCED_FACE('',(#730),#7874,.T.);
#8162=ADVANCED_FACE('',(#731),#7875,.T.);
#8163=ADVANCED_FACE('',(#732),#7876,.T.);
#8164=ADVANCED_FACE('',(#733),#7877,.F.);
#8165=ADVANCED_FACE('',(#734),#7878,.F.);
#8166=ADVANCED_FACE('',(#735),#7879,.F.);
#8167=ADVANCED_FACE('',(#736),#7880,.F.);
#8168=ADVANCED_FACE('',(#737),#7881,.F.);
#8169=ADVANCED_FACE('',(#738),#7882,.T.);
#8170=ADVANCED_FACE('',(#739),#7883,.T.);
#8171=ADVANCED_FACE('',(#740),#7884,.F.);
#8172=ADVANCED_FACE('',(#741),#7885,.F.);
#8173=ADVANCED_FACE('',(#742),#7886,.T.);
#8174=ADVANCED_FACE('',(#743),#7887,.T.);
#8175=ADVANCED_FACE('',(#744),#600,.T.);
#8176=ADVANCED_FACE('',(#745),#601,.T.);
#8177=ADVANCED_FACE('',(#746),#7888,.T.);
#8178=ADVANCED_FACE('',(#747),#602,.T.);
#8179=ADVANCED_FACE('',(#748),#603,.T.);
#8180=ADVANCED_FACE('',(#749),#7889,.T.);
#8181=ADVANCED_FACE('',(#750),#604,.F.);
#8182=ADVANCED_FACE('',(#751),#605,.F.);
#8183=ADVANCED_FACE('',(#752),#606,.F.);
#8184=ADVANCED_FACE('',(#753),#607,.F.);
#8185=ADVANCED_FACE('',(#754),#7890,.T.);
#8186=ADVANCED_FACE('',(#755),#7891,.T.);
#8187=ADVANCED_FACE('',(#756),#7892,.F.);
#8188=ADVANCED_FACE('',(#757),#7893,.T.);
#8189=ADVANCED_FACE('',(#758),#7894,.T.);
#8190=ADVANCED_FACE('',(#759),#7895,.T.);
#8191=ADVANCED_FACE('',(#760),#7896,.T.);
#8192=ADVANCED_FACE('',(#761),#7897,.F.);
#8193=ADVANCED_FACE('',(#762),#7898,.T.);
#8194=ADVANCED_FACE('',(#763),#7899,.T.);
#8195=ADVANCED_FACE('',(#764),#7900,.T.);
#8196=ADVANCED_FACE('',(#765),#7901,.T.);
#8197=ADVANCED_FACE('',(#766),#7902,.T.);
#8198=ADVANCED_FACE('',(#767),#7903,.F.);
#8199=ADVANCED_FACE('',(#768),#7904,.F.);
#8200=ADVANCED_FACE('',(#769),#7905,.F.);
#8201=ADVANCED_FACE('',(#770),#7906,.T.);
#8202=ADVANCED_FACE('',(#771),#7907,.T.);
#8203=ADVANCED_FACE('',(#772),#608,.T.);
#8204=ADVANCED_FACE('',(#773),#609,.T.);
#8205=ADVANCED_FACE('',(#774),#610,.F.);
#8206=ADVANCED_FACE('',(#775),#611,.F.);
#8207=ADVANCED_FACE('',(#776),#612,.F.);
#8208=ADVANCED_FACE('',(#777),#613,.F.);
#8209=ADVANCED_FACE('',(#778),#7908,.T.);
#8210=ADVANCED_FACE('',(#779),#7909,.T.);
#8211=ADVANCED_FACE('',(#780),#7910,.T.);
#8212=ADVANCED_FACE('',(#781),#7911,.F.);
#8213=ADVANCED_FACE('',(#782),#7912,.T.);
#8214=ADVANCED_FACE('',(#783),#7913,.T.);
#8215=ADVANCED_FACE('',(#784,#269,#270),#7914,.F.);
#8216=ADVANCED_FACE('',(#785,#271,#272,#273,#274),#7915,.T.);
#8217=ADVANCED_FACE('',(#786),#7916,.T.);
#8218=ADVANCED_FACE('',(#787),#7917,.T.);
#8219=ADVANCED_FACE('',(#788),#7918,.T.);
#8220=ADVANCED_FACE('',(#789),#7919,.T.);
#8221=ADVANCED_FACE('',(#790),#7920,.T.);
#8222=ADVANCED_FACE('',(#791),#7921,.F.);
#8223=ADVANCED_FACE('',(#792),#7922,.F.);
#8224=ADVANCED_FACE('',(#793),#7923,.F.);
#8225=ADVANCED_FACE('',(#794),#7924,.F.);
#8226=ADVANCED_FACE('',(#795),#7925,.F.);
#8227=ADVANCED_FACE('',(#796),#7926,.T.);
#8228=ADVANCED_FACE('',(#797),#7927,.T.);
#8229=ADVANCED_FACE('',(#798),#614,.T.);
#8230=ADVANCED_FACE('',(#799),#615,.T.);
#8231=ADVANCED_FACE('',(#800),#7928,.T.);
#8232=ADVANCED_FACE('',(#801),#616,.T.);
#8233=ADVANCED_FACE('',(#802),#617,.T.);
#8234=ADVANCED_FACE('',(#803),#7929,.T.);
#8235=ADVANCED_FACE('',(#804),#618,.F.);
#8236=ADVANCED_FACE('',(#805),#619,.F.);
#8237=ADVANCED_FACE('',(#806),#620,.F.);
#8238=ADVANCED_FACE('',(#807),#621,.F.);
#8239=ADVANCED_FACE('',(#808),#7930,.T.);
#8240=ADVANCED_FACE('',(#809),#7931,.T.);
#8241=ADVANCED_FACE('',(#810),#7932,.T.);
#8242=ADVANCED_FACE('',(#811),#7933,.T.);
#8243=ADVANCED_FACE('',(#812),#7934,.F.);
#8244=ADVANCED_FACE('',(#813),#7935,.T.);
#8245=ADVANCED_FACE('',(#814),#7936,.T.);
#8246=ADVANCED_FACE('',(#815),#7937,.T.);
#8247=ADVANCED_FACE('',(#816),#7938,.T.);
#8248=ADVANCED_FACE('',(#817),#7939,.T.);
#8249=ADVANCED_FACE('',(#818),#622,.T.);
#8250=ADVANCED_FACE('',(#819),#623,.T.);
#8251=ADVANCED_FACE('',(#820),#624,.F.);
#8252=ADVANCED_FACE('',(#821),#625,.F.);
#8253=ADVANCED_FACE('',(#822),#626,.F.);
#8254=ADVANCED_FACE('',(#823),#627,.F.);
#8255=ADVANCED_FACE('',(#824),#7940,.T.);
#8256=ADVANCED_FACE('',(#825),#7941,.T.);
#8257=ADVANCED_FACE('',(#826,#275,#276,#277,#278),#7942,.T.);
#8258=ADVANCED_FACE('',(#827),#7943,.T.);
#8259=ADVANCED_FACE('',(#828,#279,#280),#7944,.T.);
#8260=ADVANCED_FACE('',(#829,#281,#282),#7945,.T.);
#8261=ADVANCED_FACE('',(#830,#283,#284),#7946,.T.);
#8262=ADVANCED_FACE('',(#831),#7947,.T.);
#8263=ADVANCED_FACE('',(#832),#7948,.T.);
#8264=ADVANCED_FACE('',(#833),#7949,.T.);
#8265=ADVANCED_FACE('',(#834,#285,#286,#287,#288,#289,#290,#291,#292),#7950,
 .T.);
#8266=ADVANCED_FACE('',(#835),#628,.T.);
#8267=ADVANCED_FACE('',(#836),#7951,.T.);
#8268=ADVANCED_FACE('',(#837),#629,.T.);
#8269=ADVANCED_FACE('',(#838),#630,.F.);
#8270=ADVANCED_FACE('',(#839,#293),#7952,.T.);
#8271=ADVANCED_FACE('',(#840),#631,.F.);
#8272=ADVANCED_FACE('',(#841,#294),#7953,.T.);
#8273=ADVANCED_FACE('',(#842),#632,.F.);
#8274=ADVANCED_FACE('',(#843),#633,.F.);
#8275=ADVANCED_FACE('',(#844),#634,.F.);
#8276=ADVANCED_FACE('',(#845,#295),#7954,.T.);
#8277=ADVANCED_FACE('',(#846),#635,.F.);
#8278=ADVANCED_FACE('',(#847,#296),#7955,.T.);
#8279=ADVANCED_FACE('',(#848),#636,.F.);
#8280=ADVANCED_FACE('',(#849,#297),#7956,.T.);
#8281=ADVANCED_FACE('',(#850),#637,.F.);
#8282=ADVANCED_FACE('',(#851),#638,.F.);
#8283=ADVANCED_FACE('',(#852,#298),#7957,.T.);
#8284=ADVANCED_FACE('',(#853),#7958,.T.);
#8285=ADVANCED_FACE('',(#854),#19,.T.);
#8286=ADVANCED_FACE('',(#855),#20,.T.);
#8287=ADVANCED_FACE('',(#856),#7959,.T.);
#8288=ADVANCED_FACE('',(#857),#7960,.T.);
#8289=ADVANCED_FACE('',(#858),#21,.T.);
#8290=ADVANCED_FACE('',(#859),#22,.T.);
#8291=ADVANCED_FACE('',(#860),#7961,.T.);
#8292=ADVANCED_FACE('',(#861),#23,.T.);
#8293=ADVANCED_FACE('',(#862),#7962,.F.);
#8294=ADVANCED_FACE('',(#863),#24,.T.);
#8295=ADVANCED_FACE('',(#864),#7963,.F.);
#8296=ADVANCED_FACE('',(#865),#25,.T.);
#8297=ADVANCED_FACE('',(#866),#7964,.T.);
#8298=ADVANCED_FACE('',(#867),#7965,.T.);
#8299=ADVANCED_FACE('',(#868),#26,.T.);
#8300=ADVANCED_FACE('',(#869),#27,.T.);
#8301=ADVANCED_FACE('',(#870),#7966,.T.);
#8302=ADVANCED_FACE('',(#871),#7967,.T.);
#8303=ADVANCED_FACE('',(#872),#28,.T.);
#8304=ADVANCED_FACE('',(#873),#7968,.T.);
#8305=ADVANCED_FACE('',(#874),#29,.T.);
#8306=ADVANCED_FACE('',(#875),#7969,.F.);
#8307=ADVANCED_FACE('',(#876),#30,.T.);
#8308=ADVANCED_FACE('',(#877),#639,.T.);
#8309=ADVANCED_FACE('',(#878),#7970,.T.);
#8310=ADVANCED_FACE('',(#879),#640,.T.);
#8311=ADVANCED_FACE('',(#880),#7971,.T.);
#8312=ADVANCED_FACE('',(#881),#641,.T.);
#8313=ADVANCED_FACE('',(#882),#7972,.T.);
#8314=ADVANCED_FACE('',(#883),#642,.T.);
#8315=ADVANCED_FACE('',(#884),#7973,.T.);
#8316=ADVANCED_FACE('',(#885),#643,.T.);
#8317=ADVANCED_FACE('',(#886),#7974,.T.);
#8318=ADVANCED_FACE('',(#887),#7975,.T.);
#8319=ADVANCED_FACE('',(#888),#31,.T.);
#8320=ADVANCED_FACE('',(#889),#7976,.T.);
#8321=ADVANCED_FACE('',(#890),#32,.T.);
#8322=ADVANCED_FACE('',(#891),#7977,.T.);
#8323=ADVANCED_FACE('',(#892),#33,.T.);
#8324=ADVANCED_FACE('',(#893),#7978,.T.);
#8325=ADVANCED_FACE('',(#894),#34,.T.);
#8326=ADVANCED_FACE('',(#895),#7979,.T.);
#8327=ADVANCED_FACE('',(#896),#35,.T.);
#8328=ADVANCED_FACE('',(#897),#7980,.T.);
#8329=ADVANCED_FACE('',(#898),#36,.T.);
#8330=ADVANCED_FACE('',(#899),#7981,.T.);
#8331=ADVANCED_FACE('',(#900),#37,.T.);
#8332=ADVANCED_FACE('',(#901),#38,.T.);
#8333=ADVANCED_FACE('',(#902),#7982,.T.);
#8334=ADVANCED_FACE('',(#903),#39,.T.);
#8335=ADVANCED_FACE('',(#904),#7983,.T.);
#8336=ADVANCED_FACE('',(#905),#40,.T.);
#8337=ADVANCED_FACE('',(#906),#7984,.T.);
#8338=ADVANCED_FACE('',(#907),#41,.T.);
#8339=ADVANCED_FACE('',(#908),#7985,.T.);
#8340=ADVANCED_FACE('',(#909),#42,.T.);
#8341=ADVANCED_FACE('',(#910),#7986,.F.);
#8342=ADVANCED_FACE('',(#911),#7987,.F.);
#8343=ADVANCED_FACE('',(#912),#644,.T.);
#8344=ADVANCED_FACE('',(#913),#7988,.F.);
#8345=ADVANCED_FACE('',(#914),#645,.T.);
#8346=ADVANCED_FACE('',(#915),#646,.T.);
#8347=ADVANCED_FACE('',(#916),#7989,.F.);
#8348=ADVANCED_FACE('',(#917),#647,.T.);
#8349=ADVANCED_FACE('',(#918),#648,.T.);
#8350=ADVANCED_FACE('',(#919),#7990,.F.);
#8351=ADVANCED_FACE('',(#920),#7991,.F.);
#8352=ADVANCED_FACE('',(#921),#43,.T.);
#8353=ADVANCED_FACE('',(#922),#7992,.F.);
#8354=ADVANCED_FACE('',(#923),#44,.T.);
#8355=ADVANCED_FACE('',(#924),#7993,.F.);
#8356=ADVANCED_FACE('',(#925),#45,.T.);
#8357=ADVANCED_FACE('',(#926),#7994,.F.);
#8358=ADVANCED_FACE('',(#927),#46,.T.);
#8359=ADVANCED_FACE('',(#928),#7995,.F.);
#8360=ADVANCED_FACE('',(#929),#47,.T.);
#8361=ADVANCED_FACE('',(#930),#7996,.F.);
#8362=ADVANCED_FACE('',(#931),#48,.T.);
#8363=ADVANCED_FACE('',(#932),#7997,.F.);
#8364=ADVANCED_FACE('',(#933),#49,.T.);
#8365=ADVANCED_FACE('',(#934),#50,.T.);
#8366=ADVANCED_FACE('',(#935),#51,.T.);
#8367=ADVANCED_FACE('',(#936),#52,.T.);
#8368=ADVANCED_FACE('',(#937),#53,.T.);
#8369=ADVANCED_FACE('',(#938),#7998,.F.);
#8370=ADVANCED_FACE('',(#939),#54,.T.);
#8371=ADVANCED_FACE('',(#940,#299),#7999,.F.);
#8372=ADVANCED_FACE('',(#941),#649,.F.);
#8373=ADVANCED_FACE('',(#942,#300),#8000,.F.);
#8374=ADVANCED_FACE('',(#943),#650,.F.);
#8375=ADVANCED_FACE('',(#944),#651,.F.);
#8376=ADVANCED_FACE('',(#945,#301),#8001,.F.);
#8377=ADVANCED_FACE('',(#946),#652,.F.);
#8378=ADVANCED_FACE('',(#947,#302),#8002,.F.);
#8379=ADVANCED_FACE('',(#948),#653,.F.);
#8380=ADVANCED_FACE('',(#949),#654,.F.);
#8381=ADVANCED_FACE('',(#950,#303),#8003,.F.);
#8382=ADVANCED_FACE('',(#951),#655,.F.);
#8383=ADVANCED_FACE('',(#952,#304),#8004,.F.);
#8384=ADVANCED_FACE('',(#953),#656,.F.);
#8385=ADVANCED_FACE('',(#954),#657,.F.);
#8386=ADVANCED_FACE('',(#955),#8005,.F.);
#8387=ADVANCED_FACE('',(#956),#8006,.F.);
#8388=ADVANCED_FACE('',(#957),#8007,.F.);
#8389=ADVANCED_FACE('',(#958),#8008,.T.);
#8390=ADVANCED_FACE('',(#959),#8009,.F.);
#8391=ADVANCED_FACE('',(#960),#658,.T.);
#8392=ADVANCED_FACE('',(#961,#305),#8010,.T.);
#8393=ADVANCED_FACE('',(#962),#659,.T.);
#8394=ADVANCED_FACE('',(#963,#306),#8011,.T.);
#8395=ADVANCED_FACE('',(#964),#660,.T.);
#8396=ADVANCED_FACE('',(#965,#307),#8012,.T.);
#8397=ADVANCED_FACE('',(#966),#661,.T.);
#8398=ADVANCED_FACE('',(#967),#8013,.T.);
#8399=ADVANCED_FACE('',(#968),#8014,.F.);
#8400=ADVANCED_FACE('',(#969),#662,.T.);
#8401=ADVANCED_FACE('',(#970,#308),#8015,.T.);
#8402=ADVANCED_FACE('',(#971),#663,.T.);
#8403=ADVANCED_FACE('',(#972,#309),#8016,.T.);
#8404=ADVANCED_FACE('',(#973),#664,.T.);
#8405=ADVANCED_FACE('',(#974,#310),#8017,.T.);
#8406=ADVANCED_FACE('',(#975),#665,.T.);
#8407=ADVANCED_FACE('',(#976),#8018,.T.);
#8408=ADVANCED_FACE('',(#977),#8019,.F.);
#8409=ADVANCED_FACE('',(#978),#666,.T.);
#8410=ADVANCED_FACE('',(#979,#311),#8020,.T.);
#8411=ADVANCED_FACE('',(#980),#667,.T.);
#8412=ADVANCED_FACE('',(#981,#312),#8021,.T.);
#8413=ADVANCED_FACE('',(#982),#668,.T.);
#8414=ADVANCED_FACE('',(#983,#313),#8022,.T.);
#8415=ADVANCED_FACE('',(#984),#669,.T.);
#8416=ADVANCED_FACE('',(#985),#8023,.T.);
#8417=ADVANCED_FACE('',(#986),#8024,.F.);
#8418=ADVANCED_FACE('',(#987),#670,.T.);
#8419=ADVANCED_FACE('',(#988,#314),#8025,.T.);
#8420=ADVANCED_FACE('',(#989),#671,.T.);
#8421=ADVANCED_FACE('',(#990,#315),#8026,.T.);
#8422=ADVANCED_FACE('',(#991),#672,.T.);
#8423=ADVANCED_FACE('',(#992,#316),#8027,.T.);
#8424=ADVANCED_FACE('',(#993),#673,.T.);
#8425=ADVANCED_FACE('',(#994),#8028,.T.);
#8426=ADVANCED_FACE('',(#995),#8029,.F.);
#8427=ADVANCED_FACE('',(#996),#674,.T.);
#8428=ADVANCED_FACE('',(#997,#317),#8030,.T.);
#8429=ADVANCED_FACE('',(#998),#675,.T.);
#8430=ADVANCED_FACE('',(#999,#318),#8031,.T.);
#8431=ADVANCED_FACE('',(#1000),#676,.T.);
#8432=ADVANCED_FACE('',(#1001,#319),#8032,.T.);
#8433=ADVANCED_FACE('',(#1002),#677,.T.);
#8434=ADVANCED_FACE('',(#1003),#8033,.T.);
#8435=ADVANCED_FACE('',(#1004),#8034,.F.);
#8436=ADVANCED_FACE('',(#1005),#678,.T.);
#8437=ADVANCED_FACE('',(#1006,#320),#8035,.T.);
#8438=ADVANCED_FACE('',(#1007),#679,.T.);
#8439=ADVANCED_FACE('',(#1008,#321),#8036,.T.);
#8440=ADVANCED_FACE('',(#1009),#680,.T.);
#8441=ADVANCED_FACE('',(#1010,#322),#8037,.T.);
#8442=ADVANCED_FACE('',(#1011),#681,.T.);
#8443=ADVANCED_FACE('',(#1012),#8038,.T.);
#8444=ADVANCED_FACE('',(#1013),#8039,.T.);
#8445=ADVANCED_FACE('',(#1014),#55,.T.);
#8446=ADVANCED_FACE('',(#1015),#56,.T.);
#8447=ADVANCED_FACE('',(#1016),#8040,.T.);
#8448=ADVANCED_FACE('',(#1017),#8041,.T.);
#8449=ADVANCED_FACE('',(#1018),#57,.T.);
#8450=ADVANCED_FACE('',(#1019),#58,.T.);
#8451=ADVANCED_FACE('',(#1020),#8042,.T.);
#8452=ADVANCED_FACE('',(#1021),#59,.T.);
#8453=ADVANCED_FACE('',(#1022),#8043,.F.);
#8454=ADVANCED_FACE('',(#1023),#60,.T.);
#8455=ADVANCED_FACE('',(#1024),#8044,.F.);
#8456=ADVANCED_FACE('',(#1025,#323,#324,#325,#326,#327),#8045,.T.);
#8457=ADVANCED_FACE('',(#1026),#61,.T.);
#8458=ADVANCED_FACE('',(#1027),#8046,.T.);
#8459=ADVANCED_FACE('',(#1028),#8047,.T.);
#8460=ADVANCED_FACE('',(#1029),#62,.T.);
#8461=ADVANCED_FACE('',(#1030),#63,.T.);
#8462=ADVANCED_FACE('',(#1031),#8048,.T.);
#8463=ADVANCED_FACE('',(#1032),#8049,.T.);
#8464=ADVANCED_FACE('',(#1033),#64,.T.);
#8465=ADVANCED_FACE('',(#1034),#8050,.T.);
#8466=ADVANCED_FACE('',(#1035),#65,.T.);
#8467=ADVANCED_FACE('',(#1036),#8051,.F.);
#8468=ADVANCED_FACE('',(#1037),#66,.T.);
#8469=ADVANCED_FACE('',(#1038),#8052,.T.);
#8470=ADVANCED_FACE('',(#1039),#8053,.T.);
#8471=ADVANCED_FACE('',(#1040),#8054,.T.);
#8472=ADVANCED_FACE('',(#1041),#682,.T.);
#8473=ADVANCED_FACE('',(#1042),#8055,.T.);
#8474=ADVANCED_FACE('',(#1043),#683,.T.);
#8475=ADVANCED_FACE('',(#1044),#8056,.T.);
#8476=ADVANCED_FACE('',(#1045),#684,.T.);
#8477=ADVANCED_FACE('',(#1046),#8057,.T.);
#8478=ADVANCED_FACE('',(#1047),#685,.T.);
#8479=ADVANCED_FACE('',(#1048),#8058,.T.);
#8480=ADVANCED_FACE('',(#1049),#686,.T.);
#8481=ADVANCED_FACE('',(#1050),#8059,.T.);
#8482=ADVANCED_FACE('',(#1051),#687,.T.);
#8483=ADVANCED_FACE('',(#1052),#8060,.T.);
#8484=ADVANCED_FACE('',(#1053),#67,.T.);
#8485=ADVANCED_FACE('',(#1054),#8061,.T.);
#8486=ADVANCED_FACE('',(#1055),#68,.T.);
#8487=ADVANCED_FACE('',(#1056),#8062,.T.);
#8488=ADVANCED_FACE('',(#1057),#69,.T.);
#8489=ADVANCED_FACE('',(#1058),#8063,.T.);
#8490=ADVANCED_FACE('',(#1059),#70,.T.);
#8491=ADVANCED_FACE('',(#1060),#8064,.T.);
#8492=ADVANCED_FACE('',(#1061),#71,.T.);
#8493=ADVANCED_FACE('',(#1062),#8065,.T.);
#8494=ADVANCED_FACE('',(#1063),#72,.T.);
#8495=ADVANCED_FACE('',(#1064),#8066,.T.);
#8496=ADVANCED_FACE('',(#1065),#73,.T.);
#8497=ADVANCED_FACE('',(#1066),#8067,.T.);
#8498=ADVANCED_FACE('',(#1067),#74,.T.);
#8499=ADVANCED_FACE('',(#1068),#8068,.T.);
#8500=ADVANCED_FACE('',(#1069),#75,.T.);
#8501=ADVANCED_FACE('',(#1070),#76,.T.);
#8502=ADVANCED_FACE('',(#1071),#8069,.T.);
#8503=ADVANCED_FACE('',(#1072),#77,.T.);
#8504=ADVANCED_FACE('',(#1073),#8070,.T.);
#8505=ADVANCED_FACE('',(#1074),#78,.T.);
#8506=ADVANCED_FACE('',(#1075),#8071,.T.);
#8507=ADVANCED_FACE('',(#1076),#79,.T.);
#8508=ADVANCED_FACE('',(#1077),#8072,.T.);
#8509=ADVANCED_FACE('',(#1078),#80,.T.);
#8510=ADVANCED_FACE('',(#1079),#8073,.F.);
#8511=ADVANCED_FACE('',(#1080),#8074,.F.);
#8512=ADVANCED_FACE('',(#1081),#8075,.F.);
#8513=ADVANCED_FACE('',(#1082),#8076,.F.);
#8514=ADVANCED_FACE('',(#1083),#688,.T.);
#8515=ADVANCED_FACE('',(#1084),#8077,.F.);
#8516=ADVANCED_FACE('',(#1085),#689,.T.);
#8517=ADVANCED_FACE('',(#1086),#690,.T.);
#8518=ADVANCED_FACE('',(#1087),#8078,.F.);
#8519=ADVANCED_FACE('',(#1088),#691,.T.);
#8520=ADVANCED_FACE('',(#1089),#692,.T.);
#8521=ADVANCED_FACE('',(#1090),#8079,.F.);
#8522=ADVANCED_FACE('',(#1091),#693,.T.);
#8523=ADVANCED_FACE('',(#1092),#8080,.F.);
#8524=ADVANCED_FACE('',(#1093),#81,.T.);
#8525=ADVANCED_FACE('',(#1094),#8081,.F.);
#8526=ADVANCED_FACE('',(#1095),#82,.T.);
#8527=ADVANCED_FACE('',(#1096),#8082,.F.);
#8528=ADVANCED_FACE('',(#1097),#83,.T.);
#8529=ADVANCED_FACE('',(#1098),#8083,.F.);
#8530=ADVANCED_FACE('',(#1099),#84,.T.);
#8531=ADVANCED_FACE('',(#1100),#8084,.F.);
#8532=ADVANCED_FACE('',(#1101),#85,.T.);
#8533=ADVANCED_FACE('',(#1102),#8085,.F.);
#8534=ADVANCED_FACE('',(#1103),#86,.T.);
#8535=ADVANCED_FACE('',(#1104),#87,.T.);
#8536=ADVANCED_FACE('',(#1105),#8086,.F.);
#8537=ADVANCED_FACE('',(#1106),#88,.T.);
#8538=ADVANCED_FACE('',(#1107),#8087,.F.);
#8539=ADVANCED_FACE('',(#1108),#89,.T.);
#8540=ADVANCED_FACE('',(#1109),#90,.T.);
#8541=ADVANCED_FACE('',(#1110),#91,.T.);
#8542=ADVANCED_FACE('',(#1111),#92,.T.);
#8543=ADVANCED_FACE('',(#1112),#93,.T.);
#8544=ADVANCED_FACE('',(#1113),#8088,.F.);
#8545=ADVANCED_FACE('',(#1114),#94,.T.);
#8546=ADVANCED_FACE('',(#1115,#328,#329,#330,#331,#332),#8089,.T.);
#8547=ADVANCED_FACE('',(#1116,#333),#8090,.F.);
#8548=ADVANCED_FACE('',(#1117),#694,.F.);
#8549=ADVANCED_FACE('',(#1118,#334),#8091,.F.);
#8550=ADVANCED_FACE('',(#1119),#695,.F.);
#8551=ADVANCED_FACE('',(#1120),#696,.F.);
#8552=ADVANCED_FACE('',(#1121,#335),#8092,.F.);
#8553=ADVANCED_FACE('',(#1122),#697,.F.);
#8554=ADVANCED_FACE('',(#1123,#336),#8093,.F.);
#8555=ADVANCED_FACE('',(#1124),#698,.F.);
#8556=ADVANCED_FACE('',(#1125),#699,.F.);
#8557=ADVANCED_FACE('',(#1126,#337),#8094,.F.);
#8558=ADVANCED_FACE('',(#1127),#700,.F.);
#8559=ADVANCED_FACE('',(#1128,#338),#8095,.F.);
#8560=ADVANCED_FACE('',(#1129),#701,.F.);
#8561=ADVANCED_FACE('',(#1130),#702,.F.);
#8562=ADVANCED_FACE('',(#1131),#8096,.T.);
#8563=ADVANCED_FACE('',(#1132),#8097,.F.);
#8564=ADVANCED_FACE('',(#1133),#8098,.F.);
#8565=ADVANCED_FACE('',(#1134),#8099,.F.);
#8566=ADVANCED_FACE('',(#1135),#8100,.T.);
#8567=ADVANCED_FACE('',(#1136),#8101,.F.);
#8568=ADVANCED_FACE('',(#1137),#703,.T.);
#8569=ADVANCED_FACE('',(#1138,#339),#8102,.T.);
#8570=ADVANCED_FACE('',(#1139),#704,.T.);
#8571=ADVANCED_FACE('',(#1140,#340),#8103,.T.);
#8572=ADVANCED_FACE('',(#1141),#705,.T.);
#8573=ADVANCED_FACE('',(#1142,#341),#8104,.T.);
#8574=ADVANCED_FACE('',(#1143),#706,.T.);
#8575=ADVANCED_FACE('',(#1144),#8105,.T.);
#8576=ADVANCED_FACE('',(#1145),#8106,.T.);
#8577=ADVANCED_FACE('',(#1146),#8107,.F.);
#8578=ADVANCED_FACE('',(#1147),#8108,.F.);
#8579=ADVANCED_FACE('',(#1148),#8109,.F.);
#8580=ADVANCED_FACE('',(#1149),#8110,.F.);
#8581=ADVANCED_FACE('',(#1150),#8111,.F.);
#8582=ADVANCED_FACE('',(#1151),#8112,.T.);
#8583=ADVANCED_FACE('',(#1152),#8113,.T.);
#8584=ADVANCED_FACE('',(#1153),#8114,.T.);
#8585=ADVANCED_FACE('',(#1154),#8115,.T.);
#8586=ADVANCED_FACE('',(#1155),#707,.T.);
#8587=ADVANCED_FACE('',(#1156),#8116,.T.);
#8588=ADVANCED_FACE('',(#1157),#8117,.T.);
#8589=ADVANCED_FACE('',(#1158),#708,.T.);
#8590=ADVANCED_FACE('',(#1159),#709,.T.);
#8591=ADVANCED_FACE('',(#1160),#8118,.T.);
#8592=ADVANCED_FACE('',(#1161),#8119,.T.);
#8593=ADVANCED_FACE('',(#1162),#710,.T.);
#8594=ADVANCED_FACE('',(#1163),#711,.T.);
#8595=ADVANCED_FACE('',(#1164),#8120,.T.);
#8596=ADVANCED_FACE('',(#1165),#8121,.T.);
#8597=ADVANCED_FACE('',(#1166),#712,.T.);
#8598=ADVANCED_FACE('',(#1167),#713,.F.);
#8599=ADVANCED_FACE('',(#1168),#714,.F.);
#8600=ADVANCED_FACE('',(#1169),#715,.F.);
#8601=ADVANCED_FACE('',(#1170),#716,.F.);
#8602=ADVANCED_FACE('',(#1171),#717,.F.);
#8603=ADVANCED_FACE('',(#1172),#718,.F.);
#8604=ADVANCED_FACE('',(#1173),#719,.F.);
#8605=ADVANCED_FACE('',(#1174),#720,.F.);
#8606=ADVANCED_FACE('',(#1175),#8122,.T.);
#8607=ADVANCED_FACE('',(#1176),#8123,.T.);
#8608=ADVANCED_FACE('',(#1177),#8124,.T.);
#8609=ADVANCED_FACE('',(#1178),#8125,.T.);
#8610=ADVANCED_FACE('',(#1179),#8126,.F.);
#8611=ADVANCED_FACE('',(#1180),#8127,.T.);
#8612=ADVANCED_FACE('',(#1181,#342,#343,#344,#345),#8128,.T.);
#8613=ADVANCED_FACE('',(#1182),#8129,.T.);
#8614=ADVANCED_FACE('',(#1183),#8130,.T.);
#8615=ADVANCED_FACE('',(#1184),#8131,.T.);
#8616=ADVANCED_FACE('',(#1185),#8132,.F.);
#8617=ADVANCED_FACE('',(#1186),#8133,.F.);
#8618=ADVANCED_FACE('',(#1187),#8134,.F.);
#8619=ADVANCED_FACE('',(#1188),#8135,.F.);
#8620=ADVANCED_FACE('',(#1189),#8136,.F.);
#8621=ADVANCED_FACE('',(#1190),#8137,.T.);
#8622=ADVANCED_FACE('',(#1191),#8138,.T.);
#8623=ADVANCED_FACE('',(#1192),#8139,.T.);
#8624=ADVANCED_FACE('',(#1193),#8140,.T.);
#8625=ADVANCED_FACE('',(#1194),#8141,.T.);
#8626=ADVANCED_FACE('',(#1195),#8142,.T.);
#8627=ADVANCED_FACE('',(#1196),#8143,.T.);
#8628=ADVANCED_FACE('',(#1197),#8144,.T.);
#8629=ADVANCED_FACE('',(#1198),#8145,.T.);
#8630=ADVANCED_FACE('',(#1199),#8146,.F.);
#8631=ADVANCED_FACE('',(#1200),#8147,.T.);
#8632=ADVANCED_FACE('',(#1201),#8148,.F.);
#8633=ADVANCED_FACE('',(#1202,#346,#347),#8149,.F.);
#8634=ADVANCED_FACE('',(#1203),#8150,.F.);
#8635=ADVANCED_FACE('',(#1204),#721,.T.);
#8636=ADVANCED_FACE('',(#1205,#348),#8151,.T.);
#8637=ADVANCED_FACE('',(#1206),#722,.T.);
#8638=ADVANCED_FACE('',(#1207,#349),#8152,.T.);
#8639=ADVANCED_FACE('',(#1208),#723,.T.);
#8640=ADVANCED_FACE('',(#1209,#350),#8153,.T.);
#8641=ADVANCED_FACE('',(#1210),#724,.T.);
#8642=ADVANCED_FACE('',(#1211),#8154,.T.);
#8643=ADVANCED_FACE('',(#1212),#8155,.F.);
#8644=ADVANCED_FACE('',(#1213),#725,.T.);
#8645=ADVANCED_FACE('',(#1214,#351),#8156,.T.);
#8646=ADVANCED_FACE('',(#1215),#726,.T.);
#8647=ADVANCED_FACE('',(#1216,#352),#8157,.T.);
#8648=ADVANCED_FACE('',(#1217),#727,.T.);
#8649=ADVANCED_FACE('',(#1218,#353),#8158,.T.);
#8650=ADVANCED_FACE('',(#1219),#728,.T.);
#8651=ADVANCED_FACE('',(#1220),#8159,.T.);
#8652=CLOSED_SHELL('',(#8160,#8161,#8162,#8163,#8164,#8165,#8166,#8167,
#8168,#8169,#8170,#8171,#8172,#8173,#8174,#8175,#8176,#8177,#8178,#8179,
#8180,#8181,#8182,#8183,#8184,#8185,#8186,#8187,#8188,#8189,#8190,#8191,
#8192,#8193,#8194,#8195,#8196,#8197,#8198,#8199,#8200,#8201,#8202,#8203,
#8204,#8205,#8206,#8207,#8208,#8209,#8210,#8211,#8212,#8213,#8214,#8215,
#8216,#8217));
#8653=CLOSED_SHELL('',(#8218,#8219,#8220,#8221,#8222,#8223,#8224,#8225,
#8226,#8227,#8228,#8229,#8230,#8231,#8232,#8233,#8234,#8235,#8236,#8237,
#8238,#8239,#8240,#8241,#8242,#8243,#8244,#8245,#8246,#8247,#8248,#8249,
#8250,#8251,#8252,#8253,#8254,#8255,#8256,#8257,#8258,#8259,#8260,#8261,
#8262,#8263,#8264,#8265,#8266,#8267,#8268,#8269,#8270,#8271,#8272,#8273,
#8274,#8275,#8276,#8277,#8278,#8279,#8280,#8281,#8282,#8283,#8284,#8285,
#8286,#8287,#8288,#8289,#8290,#8291,#8292,#8293,#8294,#8295,#8296,#8297,
#8298,#8299,#8300,#8301,#8302,#8303,#8304,#8305,#8306,#8307,#8308,#8309,
#8310,#8311,#8312,#8313,#8314,#8315,#8316,#8317,#8318,#8319,#8320,#8321,
#8322,#8323,#8324,#8325,#8326,#8327,#8328,#8329,#8330,#8331,#8332,#8333,
#8334,#8335,#8336,#8337,#8338,#8339,#8340,#8341,#8342,#8343,#8344,#8345,
#8346,#8347,#8348,#8349,#8350,#8351,#8352,#8353,#8354,#8355,#8356,#8357,
#8358,#8359,#8360,#8361,#8362,#8363,#8364,#8365,#8366,#8367,#8368,#8369,
#8370,#8371,#8372,#8373,#8374,#8375,#8376,#8377,#8378,#8379,#8380,#8381,
#8382,#8383,#8384,#8385,#8386,#8387,#8388,#8389));
#8654=CLOSED_SHELL('',(#8390,#8391,#8392,#8393,#8394,#8395,#8396,#8397,
#8398));
#8655=CLOSED_SHELL('',(#8399,#8400,#8401,#8402,#8403,#8404,#8405,#8406,
#8407));
#8656=CLOSED_SHELL('',(#8408,#8409,#8410,#8411,#8412,#8413,#8414,#8415,
#8416));
#8657=CLOSED_SHELL('',(#8417,#8418,#8419,#8420,#8421,#8422,#8423,#8424,
#8425));
#8658=CLOSED_SHELL('',(#8426,#8427,#8428,#8429,#8430,#8431,#8432,#8433,
#8434));
#8659=CLOSED_SHELL('',(#8435,#8436,#8437,#8438,#8439,#8440,#8441,#8442,
#8443));
#8660=CLOSED_SHELL('',(#8444,#8445,#8446,#8447,#8448,#8449,#8450,#8451,
#8452,#8453,#8454,#8455,#8456,#8457,#8458,#8459,#8460,#8461,#8462,#8463,
#8464,#8465,#8466,#8467,#8468,#8469,#8470,#8471,#8472,#8473,#8474,#8475,
#8476,#8477,#8478,#8479,#8480,#8481,#8482,#8483,#8484,#8485,#8486,#8487,
#8488,#8489,#8490,#8491,#8492,#8493,#8494,#8495,#8496,#8497,#8498,#8499,
#8500,#8501,#8502,#8503,#8504,#8505,#8506,#8507,#8508,#8509,#8510,#8511,
#8512,#8513,#8514,#8515,#8516,#8517,#8518,#8519,#8520,#8521,#8522,#8523,
#8524,#8525,#8526,#8527,#8528,#8529,#8530,#8531,#8532,#8533,#8534,#8535,
#8536,#8537,#8538,#8539,#8540,#8541,#8542,#8543,#8544,#8545,#8546,#8547,
#8548,#8549,#8550,#8551,#8552,#8553,#8554,#8555,#8556,#8557,#8558,#8559,
#8560,#8561,#8562,#8563,#8564,#8565,#8566));
#8661=CLOSED_SHELL('',(#8567,#8568,#8569,#8570,#8571,#8572,#8573,#8574,
#8575));
#8662=CLOSED_SHELL('',(#8576,#8577,#8578,#8579,#8580,#8581,#8582,#8583,
#8584,#8585,#8586,#8587,#8588,#8589,#8590,#8591,#8592,#8593,#8594,#8595,
#8596,#8597,#8598,#8599,#8600,#8601,#8602,#8603,#8604,#8605,#8606,#8607,
#8608,#8609,#8610,#8611,#8612,#8613,#8614,#8615,#8616,#8617,#8618,#8619,
#8620,#8621,#8622,#8623,#8624,#8625,#8626,#8627,#8628,#8629,#8630,#8631,
#8632,#8633));
#8663=CLOSED_SHELL('',(#8634,#8635,#8636,#8637,#8638,#8639,#8640,#8641,
#8642));
#8664=CLOSED_SHELL('',(#8643,#8644,#8645,#8646,#8647,#8648,#8649,#8650,
#8651));
#8665=DERIVED_UNIT_ELEMENT(#8667,1.);
#8666=DERIVED_UNIT_ELEMENT(#16436,-3.);
#8667=(
MASS_UNIT()
NAMED_UNIT(*)
SI_UNIT(.KILO.,.GRAM.)
);
#8668=DERIVED_UNIT((#8665,#8666));
#8669=MEASURE_REPRESENTATION_ITEM('density measure',
POSITIVE_RATIO_MEASURE(7850.),#8668);
#8670=PROPERTY_DEFINITION_REPRESENTATION(#8675,#8672);
#8671=PROPERTY_DEFINITION_REPRESENTATION(#8676,#8673);
#8672=REPRESENTATION('material name',(#8674),#16433);
#8673=REPRESENTATION('density',(#8669),#16433);
#8674=DESCRIPTIVE_REPRESENTATION_ITEM('Steel','Steel');
#8675=PROPERTY_DEFINITION('material property','material name',#16453);
#8676=PROPERTY_DEFINITION('material property','density of part',#16453);
#8677=AXIS2_PLACEMENT_3D('',#11553,#9360,#9361);
#8678=AXIS2_PLACEMENT_3D('',#11554,#9362,#9363);
#8679=AXIS2_PLACEMENT_3D('',#11555,#9364,#9365);
#8680=AXIS2_PLACEMENT_3D('',#11556,#9366,#9367);
#8681=AXIS2_PLACEMENT_3D('',#11565,#9372,#9373);
#8682=AXIS2_PLACEMENT_3D('',#11571,#9377,#9378);
#8683=AXIS2_PLACEMENT_3D('',#11577,#9382,#9383);
#8684=AXIS2_PLACEMENT_3D('',#11586,#9388,#9389);
#8685=AXIS2_PLACEMENT_3D('',#11588,#9391,#9392);
#8686=AXIS2_PLACEMENT_3D('',#11595,#9397,#9398);
#8687=AXIS2_PLACEMENT_3D('',#11599,#9401,#9402);
#8688=AXIS2_PLACEMENT_3D('',#11603,#9405,#9406);
#8689=AXIS2_PLACEMENT_3D('',#11605,#9408,#9409);
#8690=AXIS2_PLACEMENT_3D('',#11614,#9414,#9415);
#8691=AXIS2_PLACEMENT_3D('',#11620,#9419,#9420);
#8692=AXIS2_PLACEMENT_3D('',#11629,#9425,#9426);
#8693=AXIS2_PLACEMENT_3D('',#11638,#9431,#9432);
#8694=AXIS2_PLACEMENT_3D('',#11647,#9437,#9438);
#8695=AXIS2_PLACEMENT_3D('',#11656,#9443,#9444);
#8696=AXIS2_PLACEMENT_3D('',#11658,#9445,#9446);
#8697=AXIS2_PLACEMENT_3D('',#11661,#9448,#9449);
#8698=AXIS2_PLACEMENT_3D('',#11662,#9450,#9451);
#8699=AXIS2_PLACEMENT_3D('',#11664,#9452,#9453);
#8700=AXIS2_PLACEMENT_3D('',#11667,#9455,#9456);
#8701=AXIS2_PLACEMENT_3D('',#11668,#9457,#9458);
#8702=AXIS2_PLACEMENT_3D('',#11671,#9461,#9462);
#8703=AXIS2_PLACEMENT_3D('',#11673,#9463,#9464);
#8704=AXIS2_PLACEMENT_3D('',#11676,#9466,#9467);
#8705=AXIS2_PLACEMENT_3D('',#11677,#9468,#9469);
#8706=AXIS2_PLACEMENT_3D('',#11679,#9470,#9471);
#8707=AXIS2_PLACEMENT_3D('',#11682,#9473,#9474);
#8708=AXIS2_PLACEMENT_3D('',#11683,#9475,#9476);
#8709=AXIS2_PLACEMENT_3D('',#11689,#9480,#9481);
#8710=AXIS2_PLACEMENT_3D('',#11691,#9482,#9483);
#8711=AXIS2_PLACEMENT_3D('',#11693,#9484,#9485);
#8712=AXIS2_PLACEMENT_3D('',#11695,#9487,#9488);
#8713=AXIS2_PLACEMENT_3D('',#11696,#9489,#9490);
#8714=AXIS2_PLACEMENT_3D('',#11697,#9491,#9492);
#8715=AXIS2_PLACEMENT_3D('',#11698,#9493,#9494);
#8716=AXIS2_PLACEMENT_3D('',#11700,#9495,#9496);
#8717=AXIS2_PLACEMENT_3D('',#11703,#9498,#9499);
#8718=AXIS2_PLACEMENT_3D('',#11704,#9500,#9501);
#8719=AXIS2_PLACEMENT_3D('',#11707,#9502,#9503);
#8720=AXIS2_PLACEMENT_3D('',#11711,#9505,#9506);
#8721=AXIS2_PLACEMENT_3D('',#11713,#9508,#9509);
#8722=AXIS2_PLACEMENT_3D('',#11716,#9512,#9513);
#8723=AXIS2_PLACEMENT_3D('',#11719,#9516,#9517);
#8724=AXIS2_PLACEMENT_3D('',#11722,#9520,#9521);
#8725=AXIS2_PLACEMENT_3D('',#11731,#9526,#9527);
#8726=AXIS2_PLACEMENT_3D('',#11737,#9531,#9532);
#8727=AXIS2_PLACEMENT_3D('',#11743,#9536,#9537);
#8728=AXIS2_PLACEMENT_3D('',#11754,#9544,#9545);
#8729=AXIS2_PLACEMENT_3D('',#11755,#9546,#9547);
#8730=AXIS2_PLACEMENT_3D('',#11761,#9551,#9552);
#8731=AXIS2_PLACEMENT_3D('',#11765,#9555,#9556);
#8732=AXIS2_PLACEMENT_3D('',#11769,#9559,#9560);
#8733=AXIS2_PLACEMENT_3D('',#11771,#9562,#9563);
#8734=AXIS2_PLACEMENT_3D('',#11780,#9568,#9569);
#8735=AXIS2_PLACEMENT_3D('',#11789,#9574,#9575);
#8736=AXIS2_PLACEMENT_3D('',#11798,#9580,#9581);
#8737=AXIS2_PLACEMENT_3D('',#11807,#9586,#9587);
#8738=AXIS2_PLACEMENT_3D('',#11816,#9592,#9593);
#8739=AXIS2_PLACEMENT_3D('',#11819,#9596,#9597);
#8740=AXIS2_PLACEMENT_3D('',#11822,#9598,#9599);
#8741=AXIS2_PLACEMENT_3D('',#11826,#9601,#9602);
#8742=AXIS2_PLACEMENT_3D('',#11828,#9604,#9605);
#8743=AXIS2_PLACEMENT_3D('',#11829,#9606,#9607);
#8744=AXIS2_PLACEMENT_3D('',#11830,#9608,#9609);
#8745=AXIS2_PLACEMENT_3D('',#11831,#9610,#9611);
#8746=AXIS2_PLACEMENT_3D('',#11833,#9612,#9613);
#8747=AXIS2_PLACEMENT_3D('',#11835,#9614,#9615);
#8748=AXIS2_PLACEMENT_3D('',#11837,#9617,#9618);
#8749=AXIS2_PLACEMENT_3D('',#11838,#9619,#9620);
#8750=AXIS2_PLACEMENT_3D('',#11839,#9621,#9622);
#8751=AXIS2_PLACEMENT_3D('',#11840,#9623,#9624);
#8752=AXIS2_PLACEMENT_3D('',#11842,#9625,#9626);
#8753=AXIS2_PLACEMENT_3D('',#11845,#9628,#9629);
#8754=AXIS2_PLACEMENT_3D('',#11846,#9630,#9631);
#8755=AXIS2_PLACEMENT_3D('',#11849,#9632,#9633);
#8756=AXIS2_PLACEMENT_3D('',#11853,#9635,#9636);
#8757=AXIS2_PLACEMENT_3D('',#11855,#9638,#9639);
#8758=AXIS2_PLACEMENT_3D('',#11861,#9643,#9644);
#8759=AXIS2_PLACEMENT_3D('',#11867,#9648,#9649);
#8760=AXIS2_PLACEMENT_3D('',#11870,#9652,#9653);
#8761=AXIS2_PLACEMENT_3D('',#11873,#9656,#9657);
#8762=AXIS2_PLACEMENT_3D('',#11876,#9660,#9661);
#8763=AXIS2_PLACEMENT_3D('',#11879,#9664,#9665);
#8764=AXIS2_PLACEMENT_3D('',#11881,#9667,#9668);
#8765=AXIS2_PLACEMENT_3D('',#11883,#9670,#9671);
#8766=AXIS2_PLACEMENT_3D('',#11884,#9672,#9673);
#8767=AXIS2_PLACEMENT_3D('',#11893,#9678,#9679);
#8768=AXIS2_PLACEMENT_3D('',#11899,#9683,#9684);
#8769=AXIS2_PLACEMENT_3D('',#11905,#9688,#9689);
#8770=AXIS2_PLACEMENT_3D('',#11914,#9694,#9695);
#8771=AXIS2_PLACEMENT_3D('',#11916,#9697,#9698);
#8772=AXIS2_PLACEMENT_3D('',#11923,#9703,#9704);
#8773=AXIS2_PLACEMENT_3D('',#11927,#9707,#9708);
#8774=AXIS2_PLACEMENT_3D('',#11931,#9711,#9712);
#8775=AXIS2_PLACEMENT_3D('',#11933,#9714,#9715);
#8776=AXIS2_PLACEMENT_3D('',#11942,#9720,#9721);
#8777=AXIS2_PLACEMENT_3D('',#11951,#9726,#9727);
#8778=AXIS2_PLACEMENT_3D('',#11953,#9728,#9729);
#8779=AXIS2_PLACEMENT_3D('',#11956,#9731,#9732);
#8780=AXIS2_PLACEMENT_3D('',#11957,#9733,#9734);
#8781=AXIS2_PLACEMENT_3D('',#11967,#9736,#9737);
#8782=AXIS2_PLACEMENT_3D('',#11968,#9738,#9739);
#8783=AXIS2_PLACEMENT_3D('',#11977,#9744,#9745);
#8784=AXIS2_PLACEMENT_3D('',#11989,#9747,#9748);
#8785=AXIS2_PLACEMENT_3D('',#11991,#9750,#9751);
#8786=AXIS2_PLACEMENT_3D('',#11993,#9752,#9753);
#8787=AXIS2_PLACEMENT_3D('',#11996,#9755,#9756);
#8788=AXIS2_PLACEMENT_3D('',#11997,#9757,#9758);
#8789=AXIS2_PLACEMENT_3D('',#12003,#9762,#9763);
#8790=AXIS2_PLACEMENT_3D('',#12018,#9765,#9766);
#8791=AXIS2_PLACEMENT_3D('',#12020,#9768,#9769);
#8792=AXIS2_PLACEMENT_3D('',#12031,#9771,#9772);
#8793=AXIS2_PLACEMENT_3D('',#12033,#9774,#9775);
#8794=AXIS2_PLACEMENT_3D('',#12048,#9777,#9778);
#8795=AXIS2_PLACEMENT_3D('',#12050,#9780,#9781);
#8796=AXIS2_PLACEMENT_3D('',#12061,#9783,#9784);
#8797=AXIS2_PLACEMENT_3D('',#12063,#9786,#9787);
#8798=AXIS2_PLACEMENT_3D('',#12072,#9792,#9793);
#8799=AXIS2_PLACEMENT_3D('',#12078,#9797,#9798);
#8800=AXIS2_PLACEMENT_3D('',#12084,#9802,#9803);
#8801=AXIS2_PLACEMENT_3D('',#12095,#9810,#9811);
#8802=AXIS2_PLACEMENT_3D('',#12096,#9812,#9813);
#8803=AXIS2_PLACEMENT_3D('',#12102,#9817,#9818);
#8804=AXIS2_PLACEMENT_3D('',#12106,#9821,#9822);
#8805=AXIS2_PLACEMENT_3D('',#12110,#9825,#9826);
#8806=AXIS2_PLACEMENT_3D('',#12112,#9828,#9829);
#8807=AXIS2_PLACEMENT_3D('',#12121,#9834,#9835);
#8808=AXIS2_PLACEMENT_3D('',#12134,#9837,#9838);
#8809=AXIS2_PLACEMENT_3D('',#12136,#9840,#9841);
#8810=AXIS2_PLACEMENT_3D('',#12149,#9843,#9844);
#8811=AXIS2_PLACEMENT_3D('',#12151,#9846,#9847);
#8812=AXIS2_PLACEMENT_3D('',#12164,#9849,#9850);
#8813=AXIS2_PLACEMENT_3D('',#12166,#9852,#9853);
#8814=AXIS2_PLACEMENT_3D('',#12178,#9855,#9856);
#8815=AXIS2_PLACEMENT_3D('',#12180,#9858,#9859);
#8816=AXIS2_PLACEMENT_3D('',#12193,#9861,#9862);
#8817=AXIS2_PLACEMENT_3D('',#12195,#9864,#9865);
#8818=AXIS2_PLACEMENT_3D('',#12207,#9867,#9868);
#8819=AXIS2_PLACEMENT_3D('',#12209,#9870,#9871);
#8820=AXIS2_PLACEMENT_3D('',#12218,#9876,#9877);
#8821=AXIS2_PLACEMENT_3D('',#12224,#9881,#9882);
#8822=AXIS2_PLACEMENT_3D('',#12243,#9900,#9901);
#8823=AXIS2_PLACEMENT_3D('',#12247,#9904,#9905);
#8824=AXIS2_PLACEMENT_3D('',#12269,#9909,#9910);
#8825=AXIS2_PLACEMENT_3D('',#12273,#9912,#9913);
#8826=AXIS2_PLACEMENT_3D('',#12276,#9915,#9916);
#8827=AXIS2_PLACEMENT_3D('',#12278,#9917,#9918);
#8828=AXIS2_PLACEMENT_3D('',#12279,#9919,#9920);
#8829=AXIS2_PLACEMENT_3D('',#12301,#9924,#9925);
#8830=AXIS2_PLACEMENT_3D('',#12305,#9927,#9928);
#8831=AXIS2_PLACEMENT_3D('',#12309,#9930,#9931);
#8832=AXIS2_PLACEMENT_3D('',#12319,#9933,#9934);
#8833=AXIS2_PLACEMENT_3D('',#12321,#9935,#9936);
#8834=AXIS2_PLACEMENT_3D('',#12322,#9937,#9938);
#8835=AXIS2_PLACEMENT_3D('',#12326,#9940,#9941);
#8836=AXIS2_PLACEMENT_3D('',#12330,#9943,#9944);
#8837=AXIS2_PLACEMENT_3D('',#12350,#9948,#9949);
#8838=AXIS2_PLACEMENT_3D('',#12352,#9950,#9951);
#8839=AXIS2_PLACEMENT_3D('',#12353,#9952,#9953);
#8840=AXIS2_PLACEMENT_3D('',#12374,#9957,#9958);
#8841=AXIS2_PLACEMENT_3D('',#12378,#9960,#9961);
#8842=AXIS2_PLACEMENT_3D('',#12380,#9963,#9964);
#8843=AXIS2_PLACEMENT_3D('',#12391,#9966,#9967);
#8844=AXIS2_PLACEMENT_3D('',#12395,#9969,#9970);
#8845=AXIS2_PLACEMENT_3D('',#12399,#9972,#9973);
#8846=AXIS2_PLACEMENT_3D('',#12419,#9977,#9978);
#8847=AXIS2_PLACEMENT_3D('',#12425,#9981,#9982);
#8848=AXIS2_PLACEMENT_3D('',#12429,#9984,#9985);
#8849=AXIS2_PLACEMENT_3D('',#12447,#9988,#9989);
#8850=AXIS2_PLACEMENT_3D('',#12452,#9991,#9992);
#8851=AXIS2_PLACEMENT_3D('',#12456,#9994,#9995);
#8852=AXIS2_PLACEMENT_3D('',#12505,#10002,#10003);
#8853=AXIS2_PLACEMENT_3D('',#12509,#10005,#10006);
#8854=AXIS2_PLACEMENT_3D('',#12513,#10008,#10009);
#8855=AXIS2_PLACEMENT_3D('',#12551,#10014,#10015);
#8856=AXIS2_PLACEMENT_3D('',#12555,#10017,#10018);
#8857=AXIS2_PLACEMENT_3D('',#12559,#10020,#10021);
#8858=AXIS2_PLACEMENT_3D('',#12563,#10023,#10024);
#8859=AXIS2_PLACEMENT_3D('',#12601,#10029,#10030);
#8860=AXIS2_PLACEMENT_3D('',#12605,#10032,#10033);
#8861=AXIS2_PLACEMENT_3D('',#12609,#10035,#10036);
#8862=AXIS2_PLACEMENT_3D('',#12658,#10043,#10044);
#8863=AXIS2_PLACEMENT_3D('',#12661,#10046,#10047);
#8864=AXIS2_PLACEMENT_3D('',#12703,#10052,#10053);
#8865=AXIS2_PLACEMENT_3D('',#12705,#10054,#10055);
#8866=AXIS2_PLACEMENT_3D('',#12707,#10056,#10057);
#8867=AXIS2_PLACEMENT_3D('',#12748,#10062,#10063);
#8868=AXIS2_PLACEMENT_3D('',#12750,#10064,#10065);
#8869=AXIS2_PLACEMENT_3D('',#12752,#10066,#10067);
#8870=AXIS2_PLACEMENT_3D('',#12753,#10068,#10069);
#8871=AXIS2_PLACEMENT_3D('',#12756,#10072,#10073);
#8872=AXIS2_PLACEMENT_3D('',#12758,#10075,#10076);
#8873=AXIS2_PLACEMENT_3D('',#12760,#10078,#10079);
#8874=AXIS2_PLACEMENT_3D('',#12763,#10081,#10082);
#8875=AXIS2_PLACEMENT_3D('',#12764,#10083,#10084);
#8876=AXIS2_PLACEMENT_3D('',#12766,#10085,#10086);
#8877=AXIS2_PLACEMENT_3D('',#12767,#10087,#10088);
#8878=AXIS2_PLACEMENT_3D('',#12770,#10090,#10091);
#8879=AXIS2_PLACEMENT_3D('',#12771,#10092,#10093);
#8880=AXIS2_PLACEMENT_3D('',#12773,#10094,#10095);
#8881=AXIS2_PLACEMENT_3D('',#12774,#10096,#10097);
#8882=AXIS2_PLACEMENT_3D('',#12776,#10098,#10099);
#8883=AXIS2_PLACEMENT_3D('',#12778,#10101,#10102);
#8884=AXIS2_PLACEMENT_3D('',#12780,#10103,#10104);
#8885=AXIS2_PLACEMENT_3D('',#12782,#10106,#10107);
#8886=AXIS2_PLACEMENT_3D('',#12785,#10109,#10110);
#8887=AXIS2_PLACEMENT_3D('',#12786,#10111,#10112);
#8888=AXIS2_PLACEMENT_3D('',#12787,#10113,#10114);
#8889=AXIS2_PLACEMENT_3D('',#12790,#10116,#10117);
#8890=AXIS2_PLACEMENT_3D('',#12791,#10118,#10119);
#8891=AXIS2_PLACEMENT_3D('',#12792,#10120,#10121);
#8892=AXIS2_PLACEMENT_3D('',#12795,#10123,#10124);
#8893=AXIS2_PLACEMENT_3D('',#12796,#10125,#10126);
#8894=AXIS2_PLACEMENT_3D('',#12798,#10127,#10128);
#8895=AXIS2_PLACEMENT_3D('',#12799,#10129,#10130);
#8896=AXIS2_PLACEMENT_3D('',#12801,#10131,#10132);
#8897=AXIS2_PLACEMENT_3D('',#12803,#10134,#10135);
#8898=AXIS2_PLACEMENT_3D('',#12806,#10137,#10138);
#8899=AXIS2_PLACEMENT_3D('',#12807,#10139,#10140);
#8900=AXIS2_PLACEMENT_3D('',#12808,#10141,#10142);
#8901=AXIS2_PLACEMENT_3D('',#13004,#10148,#10149);
#8902=AXIS2_PLACEMENT_3D('',#13008,#10152,#10153);
#8903=AXIS2_PLACEMENT_3D('',#13222,#10158,#10159);
#8904=AXIS2_PLACEMENT_3D('',#13238,#10163,#10164);
#8905=AXIS2_PLACEMENT_3D('',#13255,#10167,#10168);
#8906=AXIS2_PLACEMENT_3D('',#13382,#10172,#10173);
#8907=AXIS2_PLACEMENT_3D('',#13386,#10176,#10177);
#8908=AXIS2_PLACEMENT_3D('',#13444,#10182,#10183);
#8909=AXIS2_PLACEMENT_3D('',#13448,#10186,#10187);
#8910=AXIS2_PLACEMENT_3D('',#13493,#10190,#10191);
#8911=AXIS2_PLACEMENT_3D('',#13507,#10195,#10196);
#8912=AXIS2_PLACEMENT_3D('',#13528,#10199,#10200);
#8913=AXIS2_PLACEMENT_3D('',#13531,#10203,#10204);
#8914=AXIS2_PLACEMENT_3D('',#13533,#10206,#10207);
#8915=AXIS2_PLACEMENT_3D('',#13535,#10209,#10210);
#8916=AXIS2_PLACEMENT_3D('',#13538,#10213,#10214);
#8917=AXIS2_PLACEMENT_3D('',#13540,#10216,#10217);
#8918=AXIS2_PLACEMENT_3D('',#13542,#10219,#10220);
#8919=AXIS2_PLACEMENT_3D('',#13544,#10222,#10223);
#8920=AXIS2_PLACEMENT_3D('',#13547,#10226,#10227);
#8921=AXIS2_PLACEMENT_3D('',#13549,#10229,#10230);
#8922=AXIS2_PLACEMENT_3D('',#13550,#10231,#10232);
#8923=AXIS2_PLACEMENT_3D('',#13563,#10235,#10236);
#8924=AXIS2_PLACEMENT_3D('',#13574,#10239,#10240);
#8925=AXIS2_PLACEMENT_3D('',#13587,#10243,#10244);
#8926=AXIS2_PLACEMENT_3D('',#13598,#10247,#10248);
#8927=AXIS2_PLACEMENT_3D('',#13616,#10252,#10253);
#8928=AXIS2_PLACEMENT_3D('',#13637,#10256,#10257);
#8929=AXIS2_PLACEMENT_3D('',#13669,#10263,#10264);
#8930=AXIS2_PLACEMENT_3D('',#13685,#10266,#10267);
#8931=AXIS2_PLACEMENT_3D('',#13701,#10269,#10270);
#8932=AXIS2_PLACEMENT_3D('',#13717,#10272,#10273);
#8933=AXIS2_PLACEMENT_3D('',#13731,#10275,#10276);
#8934=AXIS2_PLACEMENT_3D('',#13734,#10279,#10280);
#8935=AXIS2_PLACEMENT_3D('',#13737,#10283,#10284);
#8936=AXIS2_PLACEMENT_3D('',#13740,#10287,#10288);
#8937=AXIS2_PLACEMENT_3D('',#13742,#10290,#10291);
#8938=AXIS2_PLACEMENT_3D('',#13743,#10292,#10293);
#8939=AXIS2_PLACEMENT_3D('',#13746,#10296,#10297);
#8940=AXIS2_PLACEMENT_3D('',#13748,#10299,#10300);
#8941=AXIS2_PLACEMENT_3D('',#13749,#10301,#10302);
#8942=AXIS2_PLACEMENT_3D('',#13752,#10305,#10306);
#8943=AXIS2_PLACEMENT_3D('',#13753,#10307,#10308);
#8944=AXIS2_PLACEMENT_3D('',#13766,#10311,#10312);
#8945=AXIS2_PLACEMENT_3D('',#13777,#10315,#10316);
#8946=AXIS2_PLACEMENT_3D('',#13790,#10319,#10320);
#8947=AXIS2_PLACEMENT_3D('',#13801,#10323,#10324);
#8948=AXIS2_PLACEMENT_3D('',#13818,#10327,#10328);
#8949=AXIS2_PLACEMENT_3D('',#13835,#10331,#10332);
#8950=AXIS2_PLACEMENT_3D('',#13905,#10338,#10339);
#8951=AXIS2_PLACEMENT_3D('',#13917,#10341,#10342);
#8952=AXIS2_PLACEMENT_3D('',#13919,#10343,#10344);
#8953=AXIS2_PLACEMENT_3D('',#13921,#10345,#10346);
#8954=AXIS2_PLACEMENT_3D('',#13922,#10347,#10348);
#8955=AXIS2_PLACEMENT_3D('',#13924,#10349,#10350);
#8956=AXIS2_PLACEMENT_3D('',#13926,#10352,#10353);
#8957=AXIS2_PLACEMENT_3D('',#13928,#10354,#10355);
#8958=AXIS2_PLACEMENT_3D('',#13929,#10356,#10357);
#8959=AXIS2_PLACEMENT_3D('',#13931,#10359,#10360);
#8960=AXIS2_PLACEMENT_3D('',#13933,#10362,#10363);
#8961=AXIS2_PLACEMENT_3D('',#13935,#10364,#10365);
#8962=AXIS2_PLACEMENT_3D('',#13937,#10366,#10367);
#8963=AXIS2_PLACEMENT_3D('',#13938,#10368,#10369);
#8964=AXIS2_PLACEMENT_3D('',#13940,#10370,#10371);
#8965=AXIS2_PLACEMENT_3D('',#13942,#10373,#10374);
#8966=AXIS2_PLACEMENT_3D('',#13944,#10375,#10376);
#8967=AXIS2_PLACEMENT_3D('',#13945,#10377,#10378);
#8968=AXIS2_PLACEMENT_3D('',#13947,#10380,#10381);
#8969=AXIS2_PLACEMENT_3D('',#13949,#10383,#10384);
#8970=AXIS2_PLACEMENT_3D('',#13951,#10385,#10386);
#8971=AXIS2_PLACEMENT_3D('',#13953,#10387,#10388);
#8972=AXIS2_PLACEMENT_3D('',#13954,#10389,#10390);
#8973=AXIS2_PLACEMENT_3D('',#13956,#10391,#10392);
#8974=AXIS2_PLACEMENT_3D('',#13958,#10394,#10395);
#8975=AXIS2_PLACEMENT_3D('',#13960,#10396,#10397);
#8976=AXIS2_PLACEMENT_3D('',#13961,#10398,#10399);
#8977=AXIS2_PLACEMENT_3D('',#13963,#10401,#10402);
#8978=AXIS2_PLACEMENT_3D('',#13965,#10404,#10405);
#8979=AXIS2_PLACEMENT_3D('',#13966,#10406,#10407);
#8980=AXIS2_PLACEMENT_3D('',#13967,#10408,#10409);
#8981=AXIS2_PLACEMENT_3D('',#13968,#10410,#10411);
#8982=AXIS2_PLACEMENT_3D('',#13969,#10412,#10413);
#8983=AXIS2_PLACEMENT_3D('',#13971,#10414,#10415);
#8984=AXIS2_PLACEMENT_3D('',#13972,#10416,#10417);
#8985=AXIS2_PLACEMENT_3D('',#13974,#10418,#10419);
#8986=AXIS2_PLACEMENT_3D('',#13976,#10421,#10422);
#8987=AXIS2_PLACEMENT_3D('',#13978,#10423,#10424);
#8988=AXIS2_PLACEMENT_3D('',#13979,#10425,#10426);
#8989=AXIS2_PLACEMENT_3D('',#13981,#10427,#10428);
#8990=AXIS2_PLACEMENT_3D('',#13983,#10430,#10431);
#8991=AXIS2_PLACEMENT_3D('',#13985,#10432,#10433);
#8992=AXIS2_PLACEMENT_3D('',#13986,#10434,#10435);
#8993=AXIS2_PLACEMENT_3D('',#13988,#10436,#10437);
#8994=AXIS2_PLACEMENT_3D('',#13990,#10439,#10440);
#8995=AXIS2_PLACEMENT_3D('',#13992,#10441,#10442);
#8996=AXIS2_PLACEMENT_3D('',#13993,#10443,#10444);
#8997=AXIS2_PLACEMENT_3D('',#13995,#10445,#10446);
#8998=AXIS2_PLACEMENT_3D('',#13997,#10448,#10449);
#8999=AXIS2_PLACEMENT_3D('',#13998,#10450,#10451);
#9000=AXIS2_PLACEMENT_3D('',#14000,#10452,#10453);
#9001=AXIS2_PLACEMENT_3D('',#14001,#10454,#10455);
#9002=AXIS2_PLACEMENT_3D('',#14003,#10456,#10457);
#9003=AXIS2_PLACEMENT_3D('',#14005,#10459,#10460);
#9004=AXIS2_PLACEMENT_3D('',#14007,#10461,#10462);
#9005=AXIS2_PLACEMENT_3D('',#14008,#10463,#10464);
#9006=AXIS2_PLACEMENT_3D('',#14010,#10465,#10466);
#9007=AXIS2_PLACEMENT_3D('',#14012,#10468,#10469);
#9008=AXIS2_PLACEMENT_3D('',#14014,#10470,#10471);
#9009=AXIS2_PLACEMENT_3D('',#14015,#10472,#10473);
#9010=AXIS2_PLACEMENT_3D('',#14017,#10474,#10475);
#9011=AXIS2_PLACEMENT_3D('',#14019,#10477,#10478);
#9012=AXIS2_PLACEMENT_3D('',#14021,#10479,#10480);
#9013=AXIS2_PLACEMENT_3D('',#14022,#10481,#10482);
#9014=AXIS2_PLACEMENT_3D('',#14024,#10483,#10484);
#9015=AXIS2_PLACEMENT_3D('',#14026,#10486,#10487);
#9016=AXIS2_PLACEMENT_3D('',#14027,#10488,#10489);
#9017=AXIS2_PLACEMENT_3D('',#14029,#10490,#10491);
#9018=AXIS2_PLACEMENT_3D('',#14030,#10492,#10493);
#9019=AXIS2_PLACEMENT_3D('',#14032,#10494,#10495);
#9020=AXIS2_PLACEMENT_3D('',#14034,#10497,#10498);
#9021=AXIS2_PLACEMENT_3D('',#14036,#10499,#10500);
#9022=AXIS2_PLACEMENT_3D('',#14037,#10501,#10502);
#9023=AXIS2_PLACEMENT_3D('',#14039,#10503,#10504);
#9024=AXIS2_PLACEMENT_3D('',#14041,#10506,#10507);
#9025=AXIS2_PLACEMENT_3D('',#14043,#10508,#10509);
#9026=AXIS2_PLACEMENT_3D('',#14044,#10510,#10511);
#9027=AXIS2_PLACEMENT_3D('',#14046,#10512,#10513);
#9028=AXIS2_PLACEMENT_3D('',#14048,#10515,#10516);
#9029=AXIS2_PLACEMENT_3D('',#14050,#10517,#10518);
#9030=AXIS2_PLACEMENT_3D('',#14051,#10519,#10520);
#9031=AXIS2_PLACEMENT_3D('',#14053,#10521,#10522);
#9032=AXIS2_PLACEMENT_3D('',#14055,#10524,#10525);
#9033=AXIS2_PLACEMENT_3D('',#14056,#10526,#10527);
#9034=AXIS2_PLACEMENT_3D('',#14058,#10528,#10529);
#9035=AXIS2_PLACEMENT_3D('',#14059,#10530,#10531);
#9036=AXIS2_PLACEMENT_3D('',#14061,#10532,#10533);
#9037=AXIS2_PLACEMENT_3D('',#14063,#10535,#10536);
#9038=AXIS2_PLACEMENT_3D('',#14065,#10537,#10538);
#9039=AXIS2_PLACEMENT_3D('',#14066,#10539,#10540);
#9040=AXIS2_PLACEMENT_3D('',#14068,#10541,#10542);
#9041=AXIS2_PLACEMENT_3D('',#14070,#10544,#10545);
#9042=AXIS2_PLACEMENT_3D('',#14072,#10546,#10547);
#9043=AXIS2_PLACEMENT_3D('',#14073,#10548,#10549);
#9044=AXIS2_PLACEMENT_3D('',#14075,#10550,#10551);
#9045=AXIS2_PLACEMENT_3D('',#14077,#10553,#10554);
#9046=AXIS2_PLACEMENT_3D('',#14079,#10555,#10556);
#9047=AXIS2_PLACEMENT_3D('',#14080,#10557,#10558);
#9048=AXIS2_PLACEMENT_3D('',#14082,#10559,#10560);
#9049=AXIS2_PLACEMENT_3D('',#14084,#10562,#10563);
#9050=AXIS2_PLACEMENT_3D('',#14085,#10564,#10565);
#9051=AXIS2_PLACEMENT_3D('',#14087,#10566,#10567);
#9052=AXIS2_PLACEMENT_3D('',#14088,#10568,#10569);
#9053=AXIS2_PLACEMENT_3D('',#14090,#10570,#10571);
#9054=AXIS2_PLACEMENT_3D('',#14092,#10573,#10574);
#9055=AXIS2_PLACEMENT_3D('',#14094,#10575,#10576);
#9056=AXIS2_PLACEMENT_3D('',#14095,#10577,#10578);
#9057=AXIS2_PLACEMENT_3D('',#14097,#10579,#10580);
#9058=AXIS2_PLACEMENT_3D('',#14099,#10582,#10583);
#9059=AXIS2_PLACEMENT_3D('',#14101,#10584,#10585);
#9060=AXIS2_PLACEMENT_3D('',#14102,#10586,#10587);
#9061=AXIS2_PLACEMENT_3D('',#14104,#10588,#10589);
#9062=AXIS2_PLACEMENT_3D('',#14106,#10591,#10592);
#9063=AXIS2_PLACEMENT_3D('',#14108,#10593,#10594);
#9064=AXIS2_PLACEMENT_3D('',#14109,#10595,#10596);
#9065=AXIS2_PLACEMENT_3D('',#14111,#10597,#10598);
#9066=AXIS2_PLACEMENT_3D('',#14113,#10600,#10601);
#9067=AXIS2_PLACEMENT_3D('',#14114,#10602,#10603);
#9068=AXIS2_PLACEMENT_3D('',#14116,#10604,#10605);
#9069=AXIS2_PLACEMENT_3D('',#14117,#10606,#10607);
#9070=AXIS2_PLACEMENT_3D('',#14119,#10608,#10609);
#9071=AXIS2_PLACEMENT_3D('',#14121,#10611,#10612);
#9072=AXIS2_PLACEMENT_3D('',#14123,#10613,#10614);
#9073=AXIS2_PLACEMENT_3D('',#14124,#10615,#10616);
#9074=AXIS2_PLACEMENT_3D('',#14126,#10617,#10618);
#9075=AXIS2_PLACEMENT_3D('',#14128,#10620,#10621);
#9076=AXIS2_PLACEMENT_3D('',#14130,#10622,#10623);
#9077=AXIS2_PLACEMENT_3D('',#14131,#10624,#10625);
#9078=AXIS2_PLACEMENT_3D('',#14133,#10626,#10627);
#9079=AXIS2_PLACEMENT_3D('',#14135,#10629,#10630);
#9080=AXIS2_PLACEMENT_3D('',#14137,#10631,#10632);
#9081=AXIS2_PLACEMENT_3D('',#14138,#10633,#10634);
#9082=AXIS2_PLACEMENT_3D('',#14140,#10635,#10636);
#9083=AXIS2_PLACEMENT_3D('',#14142,#10638,#10639);
#9084=AXIS2_PLACEMENT_3D('',#14143,#10640,#10641);
#9085=AXIS2_PLACEMENT_3D('',#14144,#10642,#10643);
#9086=AXIS2_PLACEMENT_3D('',#14358,#10650,#10651);
#9087=AXIS2_PLACEMENT_3D('',#14364,#10655,#10656);
#9088=AXIS2_PLACEMENT_3D('',#14597,#10662,#10663);
#9089=AXIS2_PLACEMENT_3D('',#14622,#10668,#10669);
#9090=AXIS2_PLACEMENT_3D('',#14649,#10673,#10674);
#9091=AXIS2_PLACEMENT_3D('',#14653,#10677,#10678);
#9092=AXIS2_PLACEMENT_3D('',#14660,#10681,#10682);
#9093=AXIS2_PLACEMENT_3D('',#14664,#10684,#10685);
#9094=AXIS2_PLACEMENT_3D('',#14668,#10687,#10688);
#9095=AXIS2_PLACEMENT_3D('',#14706,#10693,#10694);
#9096=AXIS2_PLACEMENT_3D('',#14710,#10696,#10697);
#9097=AXIS2_PLACEMENT_3D('',#14714,#10699,#10700);
#9098=AXIS2_PLACEMENT_3D('',#14763,#10707,#10708);
#9099=AXIS2_PLACEMENT_3D('',#14767,#10710,#10711);
#9100=AXIS2_PLACEMENT_3D('',#14771,#10713,#10714);
#9101=AXIS2_PLACEMENT_3D('',#14779,#10718,#10719);
#9102=AXIS2_PLACEMENT_3D('',#14783,#10721,#10722);
#9103=AXIS2_PLACEMENT_3D('',#14787,#10724,#10725);
#9104=AXIS2_PLACEMENT_3D('',#14836,#10732,#10733);
#9105=AXIS2_PLACEMENT_3D('',#14840,#10735,#10736);
#9106=AXIS2_PLACEMENT_3D('',#14844,#10738,#10739);
#9107=AXIS2_PLACEMENT_3D('',#14882,#10744,#10745);
#9108=AXIS2_PLACEMENT_3D('',#14886,#10747,#10748);
#9109=AXIS2_PLACEMENT_3D('',#14890,#10750,#10751);
#9110=AXIS2_PLACEMENT_3D('',#14932,#10757,#10758);
#9111=AXIS2_PLACEMENT_3D('',#14934,#10759,#10760);
#9112=AXIS2_PLACEMENT_3D('',#14936,#10761,#10762);
#9113=AXIS2_PLACEMENT_3D('',#15062,#10765,#10766);
#9114=AXIS2_PLACEMENT_3D('',#15066,#10769,#10770);
#9115=AXIS2_PLACEMENT_3D('',#15124,#10775,#10776);
#9116=AXIS2_PLACEMENT_3D('',#15128,#10779,#10780);
#9117=AXIS2_PLACEMENT_3D('',#15173,#10783,#10784);
#9118=AXIS2_PLACEMENT_3D('',#15196,#10789,#10790);
#9119=AXIS2_PLACEMENT_3D('',#15229,#10794,#10795);
#9120=AXIS2_PLACEMENT_3D('',#15235,#10799,#10800);
#9121=AXIS2_PLACEMENT_3D('',#15241,#10804,#10805);
#9122=AXIS2_PLACEMENT_3D('',#15247,#10809,#10810);
#9123=AXIS2_PLACEMENT_3D('',#15250,#10812,#10813);
#9124=AXIS2_PLACEMENT_3D('',#15251,#10814,#10815);
#9125=AXIS2_PLACEMENT_3D('',#15255,#10818,#10819);
#9126=AXIS2_PLACEMENT_3D('',#15258,#10821,#10822);
#9127=AXIS2_PLACEMENT_3D('',#15259,#10823,#10824);
#9128=AXIS2_PLACEMENT_3D('',#15265,#10828,#10829);
#9129=AXIS2_PLACEMENT_3D('',#15268,#10831,#10832);
#9130=AXIS2_PLACEMENT_3D('',#15269,#10833,#10834);
#9131=AXIS2_PLACEMENT_3D('',#15273,#10837,#10838);
#9132=AXIS2_PLACEMENT_3D('',#15276,#10840,#10841);
#9133=AXIS2_PLACEMENT_3D('',#15277,#10842,#10843);
#9134=AXIS2_PLACEMENT_3D('',#15283,#10847,#10848);
#9135=AXIS2_PLACEMENT_3D('',#15286,#10850,#10851);
#9136=AXIS2_PLACEMENT_3D('',#15287,#10852,#10853);
#9137=AXIS2_PLACEMENT_3D('',#15291,#10856,#10857);
#9138=AXIS2_PLACEMENT_3D('',#15294,#10859,#10860);
#9139=AXIS2_PLACEMENT_3D('',#15295,#10861,#10862);
#9140=AXIS2_PLACEMENT_3D('',#15307,#10865,#10866);
#9141=AXIS2_PLACEMENT_3D('',#15308,#10867,#10868);
#9142=AXIS2_PLACEMENT_3D('',#15329,#10872,#10873);
#9143=AXIS2_PLACEMENT_3D('',#15342,#10876,#10877);
#9144=AXIS2_PLACEMENT_3D('',#15344,#10879,#10880);
#9145=AXIS2_PLACEMENT_3D('',#15365,#10884,#10885);
#9146=AXIS2_PLACEMENT_3D('',#15383,#10889,#10890);
#9147=AXIS2_PLACEMENT_3D('',#15395,#10893,#10894);
#9148=AXIS2_PLACEMENT_3D('',#15396,#10895,#10896);
#9149=AXIS2_PLACEMENT_3D('',#15425,#10901,#10902);
#9150=AXIS2_PLACEMENT_3D('',#15458,#10906,#10907);
#9151=AXIS2_PLACEMENT_3D('',#15509,#10914,#10915);
#9152=AXIS2_PLACEMENT_3D('',#15534,#10918,#10919);
#9153=AXIS2_PLACEMENT_3D('',#15559,#10922,#10923);
#9154=AXIS2_PLACEMENT_3D('',#15584,#10926,#10927);
#9155=AXIS2_PLACEMENT_3D('',#15606,#10930,#10931);
#9156=AXIS2_PLACEMENT_3D('',#15612,#10935,#10936);
#9157=AXIS2_PLACEMENT_3D('',#15618,#10940,#10941);
#9158=AXIS2_PLACEMENT_3D('',#15622,#10944,#10945);
#9159=AXIS2_PLACEMENT_3D('',#15628,#10949,#10950);
#9160=AXIS2_PLACEMENT_3D('',#15632,#10952,#10953);
#9161=AXIS2_PLACEMENT_3D('',#15634,#10955,#10956);
#9162=AXIS2_PLACEMENT_3D('',#15638,#10959,#10960);
#9163=AXIS2_PLACEMENT_3D('',#15639,#10961,#10962);
#9164=AXIS2_PLACEMENT_3D('',#15640,#10963,#10964);
#9165=AXIS2_PLACEMENT_3D('',#15644,#10966,#10967);
#9166=AXIS2_PLACEMENT_3D('',#15646,#10969,#10970);
#9167=AXIS2_PLACEMENT_3D('',#15650,#10973,#10974);
#9168=AXIS2_PLACEMENT_3D('',#15651,#10975,#10976);
#9169=AXIS2_PLACEMENT_3D('',#15652,#10977,#10978);
#9170=AXIS2_PLACEMENT_3D('',#15656,#10980,#10981);
#9171=AXIS2_PLACEMENT_3D('',#15658,#10983,#10984);
#9172=AXIS2_PLACEMENT_3D('',#15662,#10987,#10988);
#9173=AXIS2_PLACEMENT_3D('',#15663,#10989,#10990);
#9174=AXIS2_PLACEMENT_3D('',#15664,#10991,#10992);
#9175=AXIS2_PLACEMENT_3D('',#15678,#10996,#10997);
#9176=AXIS2_PLACEMENT_3D('',#15679,#10998,#10999);
#9177=AXIS2_PLACEMENT_3D('',#15700,#11003,#11004);
#9178=AXIS2_PLACEMENT_3D('',#15714,#11008,#11009);
#9179=AXIS2_PLACEMENT_3D('',#15715,#11010,#11011);
#9180=AXIS2_PLACEMENT_3D('',#15736,#11015,#11016);
#9181=AXIS2_PLACEMENT_3D('',#15754,#11020,#11021);
#9182=AXIS2_PLACEMENT_3D('',#15766,#11024,#11025);
#9183=AXIS2_PLACEMENT_3D('',#15792,#11028,#11029);
#9184=AXIS2_PLACEMENT_3D('',#15819,#11033,#11034);
#9185=AXIS2_PLACEMENT_3D('',#15927,#11041,#11042);
#9186=AXIS2_PLACEMENT_3D('',#15946,#11045,#11046);
#9187=AXIS2_PLACEMENT_3D('',#15952,#11051,#11052);
#9188=AXIS2_PLACEMENT_3D('',#15955,#11054,#11055);
#9189=AXIS2_PLACEMENT_3D('',#15957,#11056,#11057);
#9190=AXIS2_PLACEMENT_3D('',#15958,#11058,#11059);
#9191=AXIS2_PLACEMENT_3D('',#15960,#11060,#11061);
#9192=AXIS2_PLACEMENT_3D('',#15962,#11062,#11063);
#9193=AXIS2_PLACEMENT_3D('',#15963,#11064,#11065);
#9194=AXIS2_PLACEMENT_3D('',#15965,#11066,#11067);
#9195=AXIS2_PLACEMENT_3D('',#15967,#11069,#11070);
#9196=AXIS2_PLACEMENT_3D('',#15969,#11071,#11072);
#9197=AXIS2_PLACEMENT_3D('',#15970,#11073,#11074);
#9198=AXIS2_PLACEMENT_3D('',#15972,#11076,#11077);
#9199=AXIS2_PLACEMENT_3D('',#15974,#11079,#11080);
#9200=AXIS2_PLACEMENT_3D('',#15976,#11081,#11082);
#9201=AXIS2_PLACEMENT_3D('',#15978,#11083,#11084);
#9202=AXIS2_PLACEMENT_3D('',#15979,#11085,#11086);
#9203=AXIS2_PLACEMENT_3D('',#15981,#11087,#11088);
#9204=AXIS2_PLACEMENT_3D('',#15983,#11090,#11091);
#9205=AXIS2_PLACEMENT_3D('',#15985,#11092,#11093);
#9206=AXIS2_PLACEMENT_3D('',#15986,#11094,#11095);
#9207=AXIS2_PLACEMENT_3D('',#15988,#11097,#11098);
#9208=AXIS2_PLACEMENT_3D('',#15990,#11100,#11101);
#9209=AXIS2_PLACEMENT_3D('',#15992,#11102,#11103);
#9210=AXIS2_PLACEMENT_3D('',#15994,#11104,#11105);
#9211=AXIS2_PLACEMENT_3D('',#15995,#11106,#11107);
#9212=AXIS2_PLACEMENT_3D('',#15997,#11108,#11109);
#9213=AXIS2_PLACEMENT_3D('',#15999,#11111,#11112);
#9214=AXIS2_PLACEMENT_3D('',#16001,#11113,#11114);
#9215=AXIS2_PLACEMENT_3D('',#16002,#11115,#11116);
#9216=AXIS2_PLACEMENT_3D('',#16004,#11118,#11119);
#9217=AXIS2_PLACEMENT_3D('',#16006,#11121,#11122);
#9218=AXIS2_PLACEMENT_3D('',#16007,#11123,#11124);
#9219=AXIS2_PLACEMENT_3D('',#16008,#11125,#11126);
#9220=AXIS2_PLACEMENT_3D('',#16009,#11127,#11128);
#9221=AXIS2_PLACEMENT_3D('',#16010,#11129,#11130);
#9222=AXIS2_PLACEMENT_3D('',#16011,#11131,#11132);
#9223=AXIS2_PLACEMENT_3D('',#16013,#11133,#11134);
#9224=AXIS2_PLACEMENT_3D('',#16014,#11135,#11136);
#9225=AXIS2_PLACEMENT_3D('',#16016,#11137,#11138);
#9226=AXIS2_PLACEMENT_3D('',#16018,#11140,#11141);
#9227=AXIS2_PLACEMENT_3D('',#16020,#11142,#11143);
#9228=AXIS2_PLACEMENT_3D('',#16021,#11144,#11145);
#9229=AXIS2_PLACEMENT_3D('',#16023,#11146,#11147);
#9230=AXIS2_PLACEMENT_3D('',#16025,#11149,#11150);
#9231=AXIS2_PLACEMENT_3D('',#16027,#11151,#11152);
#9232=AXIS2_PLACEMENT_3D('',#16028,#11153,#11154);
#9233=AXIS2_PLACEMENT_3D('',#16030,#11155,#11156);
#9234=AXIS2_PLACEMENT_3D('',#16032,#11158,#11159);
#9235=AXIS2_PLACEMENT_3D('',#16034,#11160,#11161);
#9236=AXIS2_PLACEMENT_3D('',#16035,#11162,#11163);
#9237=AXIS2_PLACEMENT_3D('',#16037,#11164,#11165);
#9238=AXIS2_PLACEMENT_3D('',#16039,#11167,#11168);
#9239=AXIS2_PLACEMENT_3D('',#16040,#11169,#11170);
#9240=AXIS2_PLACEMENT_3D('',#16049,#11175,#11176);
#9241=AXIS2_PLACEMENT_3D('',#16058,#11181,#11182);
#9242=AXIS2_PLACEMENT_3D('',#16067,#11187,#11188);
#9243=AXIS2_PLACEMENT_3D('',#16076,#11193,#11194);
#9244=AXIS2_PLACEMENT_3D('',#16085,#11199,#11200);
#9245=AXIS2_PLACEMENT_3D('',#16094,#11205,#11206);
#9246=AXIS2_PLACEMENT_3D('',#16103,#11211,#11212);
#9247=AXIS2_PLACEMENT_3D('',#16112,#11217,#11218);
#9248=AXIS2_PLACEMENT_3D('',#16118,#11222,#11223);
#9249=AXIS2_PLACEMENT_3D('',#16127,#11228,#11229);
#9250=AXIS2_PLACEMENT_3D('',#16130,#11230,#11231);
#9251=AXIS2_PLACEMENT_3D('',#16134,#11233,#11234);
#9252=AXIS2_PLACEMENT_3D('',#16136,#11236,#11237);
#9253=AXIS2_PLACEMENT_3D('',#16145,#11242,#11243);
#9254=AXIS2_PLACEMENT_3D('',#16151,#11247,#11248);
#9255=AXIS2_PLACEMENT_3D('',#16153,#11249,#11250);
#9256=AXIS2_PLACEMENT_3D('',#16156,#11252,#11253);
#9257=AXIS2_PLACEMENT_3D('',#16157,#11254,#11255);
#9258=AXIS2_PLACEMENT_3D('',#16159,#11256,#11257);
#9259=AXIS2_PLACEMENT_3D('',#16162,#11259,#11260);
#9260=AXIS2_PLACEMENT_3D('',#16163,#11261,#11262);
#9261=AXIS2_PLACEMENT_3D('',#16169,#11266,#11267);
#9262=AXIS2_PLACEMENT_3D('',#16172,#11270,#11271);
#9263=AXIS2_PLACEMENT_3D('',#16174,#11272,#11273);
#9264=AXIS2_PLACEMENT_3D('',#16177,#11275,#11276);
#9265=AXIS2_PLACEMENT_3D('',#16178,#11277,#11278);
#9266=AXIS2_PLACEMENT_3D('',#16180,#11279,#11280);
#9267=AXIS2_PLACEMENT_3D('',#16183,#11282,#11283);
#9268=AXIS2_PLACEMENT_3D('',#16184,#11284,#11285);
#9269=AXIS2_PLACEMENT_3D('',#16190,#11289,#11290);
#9270=AXIS2_PLACEMENT_3D('',#16193,#11293,#11294);
#9271=AXIS2_PLACEMENT_3D('',#16194,#11295,#11296);
#9272=AXIS2_PLACEMENT_3D('',#16195,#11297,#11298);
#9273=AXIS2_PLACEMENT_3D('',#16196,#11299,#11300);
#9274=AXIS2_PLACEMENT_3D('',#16198,#11301,#11302);
#9275=AXIS2_PLACEMENT_3D('',#16200,#11303,#11304);
#9276=AXIS2_PLACEMENT_3D('',#16202,#11306,#11307);
#9277=AXIS2_PLACEMENT_3D('',#16203,#11308,#11309);
#9278=AXIS2_PLACEMENT_3D('',#16204,#11310,#11311);
#9279=AXIS2_PLACEMENT_3D('',#16205,#11312,#11313);
#9280=AXIS2_PLACEMENT_3D('',#16207,#11314,#11315);
#9281=AXIS2_PLACEMENT_3D('',#16210,#11317,#11318);
#9282=AXIS2_PLACEMENT_3D('',#16211,#11319,#11320);
#9283=AXIS2_PLACEMENT_3D('',#16214,#11321,#11322);
#9284=AXIS2_PLACEMENT_3D('',#16218,#11324,#11325);
#9285=AXIS2_PLACEMENT_3D('',#16220,#11327,#11328);
#9286=AXIS2_PLACEMENT_3D('',#16222,#11329,#11330);
#9287=AXIS2_PLACEMENT_3D('',#16224,#11331,#11332);
#9288=AXIS2_PLACEMENT_3D('',#16226,#11334,#11335);
#9289=AXIS2_PLACEMENT_3D('',#16227,#11336,#11337);
#9290=AXIS2_PLACEMENT_3D('',#16228,#11338,#11339);
#9291=AXIS2_PLACEMENT_3D('',#16229,#11340,#11341);
#9292=AXIS2_PLACEMENT_3D('',#16231,#11342,#11343);
#9293=AXIS2_PLACEMENT_3D('',#16234,#11345,#11346);
#9294=AXIS2_PLACEMENT_3D('',#16235,#11347,#11348);
#9295=AXIS2_PLACEMENT_3D('',#16238,#11349,#11350);
#9296=AXIS2_PLACEMENT_3D('',#16242,#11352,#11353);
#9297=AXIS2_PLACEMENT_3D('',#16244,#11355,#11356);
#9298=AXIS2_PLACEMENT_3D('',#16253,#11361,#11362);
#9299=AXIS2_PLACEMENT_3D('',#16259,#11366,#11367);
#9300=AXIS2_PLACEMENT_3D('',#16265,#11371,#11372);
#9301=AXIS2_PLACEMENT_3D('',#16276,#11379,#11380);
#9302=AXIS2_PLACEMENT_3D('',#16277,#11381,#11382);
#9303=AXIS2_PLACEMENT_3D('',#16283,#11386,#11387);
#9304=AXIS2_PLACEMENT_3D('',#16313,#11407,#11408);
#9305=AXIS2_PLACEMENT_3D('',#16315,#11410,#11411);
#9306=AXIS2_PLACEMENT_3D('',#16317,#11413,#11414);
#9307=AXIS2_PLACEMENT_3D('',#16318,#11415,#11416);
#9308=AXIS2_PLACEMENT_3D('',#16324,#11420,#11421);
#9309=AXIS2_PLACEMENT_3D('',#16328,#11424,#11425);
#9310=AXIS2_PLACEMENT_3D('',#16332,#11428,#11429);
#9311=AXIS2_PLACEMENT_3D('',#16339,#11434,#11435);
#9312=AXIS2_PLACEMENT_3D('',#16345,#11439,#11440);
#9313=AXIS2_PLACEMENT_3D('',#16346,#11441,#11442);
#9314=AXIS2_PLACEMENT_3D('',#16348,#11444,#11445);
#9315=AXIS2_PLACEMENT_3D('',#16350,#11447,#11448);
#9316=AXIS2_PLACEMENT_3D('',#16351,#11449,#11450);
#9317=AXIS2_PLACEMENT_3D('',#16353,#11452,#11453);
#9318=AXIS2_PLACEMENT_3D('',#16355,#11455,#11456);
#9319=AXIS2_PLACEMENT_3D('',#16357,#11458,#11459);
#9320=AXIS2_PLACEMENT_3D('',#16359,#11461,#11462);
#9321=AXIS2_PLACEMENT_3D('',#16361,#11464,#11465);
#9322=AXIS2_PLACEMENT_3D('',#16363,#11467,#11468);
#9323=AXIS2_PLACEMENT_3D('',#16365,#11470,#11471);
#9324=AXIS2_PLACEMENT_3D('',#16367,#11473,#11474);
#9325=AXIS2_PLACEMENT_3D('',#16368,#11475,#11476);
#9326=AXIS2_PLACEMENT_3D('',#16370,#11477,#11478);
#9327=AXIS2_PLACEMENT_3D('',#16371,#11479,#11480);
#9328=AXIS2_PLACEMENT_3D('',#16373,#11481,#11482);
#9329=AXIS2_PLACEMENT_3D('',#16375,#11484,#11485);
#9330=AXIS2_PLACEMENT_3D('',#16377,#11486,#11487);
#9331=AXIS2_PLACEMENT_3D('',#16378,#11488,#11489);
#9332=AXIS2_PLACEMENT_3D('',#16380,#11490,#11491);
#9333=AXIS2_PLACEMENT_3D('',#16382,#11493,#11494);
#9334=AXIS2_PLACEMENT_3D('',#16384,#11495,#11496);
#9335=AXIS2_PLACEMENT_3D('',#16385,#11497,#11498);
#9336=AXIS2_PLACEMENT_3D('',#16387,#11499,#11500);
#9337=AXIS2_PLACEMENT_3D('',#16389,#11502,#11503);
#9338=AXIS2_PLACEMENT_3D('',#16391,#11504,#11505);
#9339=AXIS2_PLACEMENT_3D('',#16392,#11506,#11507);
#9340=AXIS2_PLACEMENT_3D('',#16394,#11508,#11509);
#9341=AXIS2_PLACEMENT_3D('',#16396,#11511,#11512);
#9342=AXIS2_PLACEMENT_3D('',#16397,#11513,#11514);
#9343=AXIS2_PLACEMENT_3D('',#16399,#11515,#11516);
#9344=AXIS2_PLACEMENT_3D('',#16400,#11517,#11518);
#9345=AXIS2_PLACEMENT_3D('',#16402,#11519,#11520);
#9346=AXIS2_PLACEMENT_3D('',#16404,#11522,#11523);
#9347=AXIS2_PLACEMENT_3D('',#16406,#11524,#11525);
#9348=AXIS2_PLACEMENT_3D('',#16407,#11526,#11527);
#9349=AXIS2_PLACEMENT_3D('',#16409,#11528,#11529);
#9350=AXIS2_PLACEMENT_3D('',#16411,#11531,#11532);
#9351=AXIS2_PLACEMENT_3D('',#16413,#11533,#11534);
#9352=AXIS2_PLACEMENT_3D('',#16414,#11535,#11536);
#9353=AXIS2_PLACEMENT_3D('',#16416,#11537,#11538);
#9354=AXIS2_PLACEMENT_3D('',#16418,#11540,#11541);
#9355=AXIS2_PLACEMENT_3D('',#16420,#11542,#11543);
#9356=AXIS2_PLACEMENT_3D('',#16421,#11544,#11545);
#9357=AXIS2_PLACEMENT_3D('',#16423,#11546,#11547);
#9358=AXIS2_PLACEMENT_3D('',#16425,#11549,#11550);
#9359=AXIS2_PLACEMENT_3D('',#16426,#11551,#11552);
#9360=DIRECTION('axis',(0.,0.,1.));
#9361=DIRECTION('refdir',(1.,0.,0.));
#9362=DIRECTION('axis',(0.,0.,1.));
#9363=DIRECTION('refdir',(1.,0.,0.));
#9364=DIRECTION('axis',(0.,0.,1.));
#9365=DIRECTION('refdir',(1.,0.,0.));
#9366=DIRECTION('center_axis',(-3.94490611849267E-16,0.710651109010207,
0.703544597920105));
#9367=DIRECTION('ref_axis',(1.,-1.97215226305253E-31,5.60718699305635E-16));
#9368=DIRECTION('',(1.,5.55111512312578E-16,0.));
#9369=DIRECTION('',(0.,0.703544597920105,-0.710651109010207));
#9370=DIRECTION('',(-1.,-5.55111512312578E-16,0.));
#9371=DIRECTION('',(0.57540637270578,-0.575406372705779,0.581218558288666));
#9372=DIRECTION('center_axis',(-0.710651109010207,0.,0.703544597920106));
#9373=DIRECTION('ref_axis',(0.703544597920106,0.,0.710651109010207));
#9374=DIRECTION('',(0.,-1.,0.));
#9375=DIRECTION('',(0.57540637270578,0.575406372705779,0.581218558288666));
#9376=DIRECTION('',(0.,1.,0.));
#9377=DIRECTION('center_axis',(-1.97245305924634E-16,-0.710651109010207,
0.703544597920105));
#9378=DIRECTION('ref_axis',(1.,-5.17689969051289E-31,2.80359349652818E-16));
#9379=DIRECTION('',(1.,-2.77555756156289E-16,0.));
#9380=DIRECTION('',(0.,0.703544597920105,0.710651109010207));
#9381=DIRECTION('',(-1.,2.77555756156289E-16,0.));
#9382=DIRECTION('center_axis',(0.,0.,-1.));
#9383=DIRECTION('ref_axis',(1.,0.,0.));
#9384=DIRECTION('',(1.,-3.56857400772372E-16,0.));
#9385=DIRECTION('',(0.,-1.,0.));
#9386=DIRECTION('',(-1.,-2.37904933848248E-16,0.));
#9387=DIRECTION('',(0.,-1.,0.));
#9388=DIRECTION('center_axis',(0.,0.,-1.));
#9389=DIRECTION('ref_axis',(-1.,0.,0.));
#9390=DIRECTION('',(0.,-1.,0.));
#9391=DIRECTION('center_axis',(-1.,0.,0.));
#9392=DIRECTION('ref_axis',(0.,-1.,0.));
#9393=DIRECTION('',(0.,-1.,0.));
#9394=DIRECTION('',(0.,0.,1.));
#9395=DIRECTION('',(0.,0.,1.));
#9396=DIRECTION('',(0.,-1.,0.));
#9397=DIRECTION('center_axis',(-3.56857400772372E-16,-1.,0.));
#9398=DIRECTION('ref_axis',(1.,-3.56857400772372E-16,0.));
#9399=DIRECTION('',(1.,-3.56857400772372E-16,0.));
#9400=DIRECTION('',(0.,0.,1.));
#9401=DIRECTION('center_axis',(-1.,0.,0.));
#9402=DIRECTION('ref_axis',(0.,-1.,0.));
#9403=DIRECTION('',(0.,-1.,0.));
#9404=DIRECTION('',(0.,0.,1.));
#9405=DIRECTION('center_axis',(-2.37904933848248E-16,1.,0.));
#9406=DIRECTION('ref_axis',(-1.,-2.37904933848248E-16,0.));
#9407=DIRECTION('',(-1.,-2.37904933848248E-16,0.));
#9408=DIRECTION('center_axis',(1.,-3.95506895823197E-18,0.));
#9409=DIRECTION('ref_axis',(-3.95506895823197E-18,-1.,0.));
#9410=DIRECTION('',(3.95506895823197E-18,1.,0.));
#9411=DIRECTION('',(0.,0.,1.));
#9412=DIRECTION('',(-2.75132849198176E-34,1.,0.));
#9413=DIRECTION('',(0.,0.,1.));
#9414=DIRECTION('center_axis',(5.78707619528347E-17,-1.,0.));
#9415=DIRECTION('ref_axis',(1.,5.78707619528347E-17,0.));
#9416=DIRECTION('',(1.,5.78707619528347E-17,0.));
#9417=DIRECTION('',(0.,0.,1.));
#9418=DIRECTION('',(-1.,-5.78707619528347E-17,0.));
#9419=DIRECTION('center_axis',(-0.857492925712421,-0.514495755427733,0.));
#9420=DIRECTION('ref_axis',(-0.514495755427733,0.85749292571242,0.));
#9421=DIRECTION('',(-0.514495755427733,0.85749292571242,0.));
#9422=DIRECTION('',(0.,0.,1.));
#9423=DIRECTION('',(-0.514495755427729,0.857492925712423,0.));
#9424=DIRECTION('',(0.,0.,1.));
#9425=DIRECTION('center_axis',(-0.857492925712544,0.514495755427527,0.));
#9426=DIRECTION('ref_axis',(0.514495755427527,0.857492925712544,0.));
#9427=DIRECTION('',(0.514495755427527,0.857492925712544,0.));
#9428=DIRECTION('',(0.,0.,1.));
#9429=DIRECTION('',(0.514495755427526,0.857492925712544,0.));
#9430=DIRECTION('',(0.,0.,1.));
#9431=DIRECTION('center_axis',(0.857492925712544,0.514495755427527,0.));
#9432=DIRECTION('ref_axis',(0.514495755427527,-0.857492925712544,0.));
#9433=DIRECTION('',(-0.514495755427527,0.857492925712544,0.));
#9434=DIRECTION('',(0.,0.,1.));
#9435=DIRECTION('',(-0.514495755427526,0.857492925712544,0.));
#9436=DIRECTION('',(0.,0.,1.));
#9437=DIRECTION('center_axis',(-0.857492925712544,-0.514495755427527,0.));
#9438=DIRECTION('ref_axis',(0.514495755427527,-0.857492925712544,0.));
#9439=DIRECTION('',(-0.514495755427527,0.857492925712544,0.));
#9440=DIRECTION('',(0.,0.,1.));
#9441=DIRECTION('',(0.514495755427527,-0.857492925712544,0.));
#9442=DIRECTION('',(0.,0.,1.));
#9443=DIRECTION('center_axis',(0.,0.,1.));
#9444=DIRECTION('ref_axis',(-0.857492925712545,-0.514495755427526,0.));
#9445=DIRECTION('center_axis',(0.,0.,-1.));
#9446=DIRECTION('ref_axis',(-0.857492925712545,-0.514495755427526,0.));
#9447=DIRECTION('',(0.,0.,1.));
#9448=DIRECTION('center_axis',(0.,0.,1.));
#9449=DIRECTION('ref_axis',(-0.857492925712545,-0.514495755427526,0.));
#9450=DIRECTION('center_axis',(0.,0.,-1.));
#9451=DIRECTION('ref_axis',(0.499056608581981,-0.866569386391333,0.));
#9452=DIRECTION('center_axis',(0.,0.,-1.));
#9453=DIRECTION('ref_axis',(0.499056608581981,-0.866569386391333,0.));
#9454=DIRECTION('',(0.,0.,1.));
#9455=DIRECTION('center_axis',(0.,0.,1.));
#9456=DIRECTION('ref_axis',(0.499056608581981,-0.866569386391333,0.));
#9457=DIRECTION('center_axis',(5.78707619528347E-17,1.,0.));
#9458=DIRECTION('ref_axis',(-1.,5.78707619528347E-17,0.));
#9459=DIRECTION('',(1.,-5.78707619528347E-17,0.));
#9460=DIRECTION('',(-1.,5.78707619528347E-17,0.));
#9461=DIRECTION('center_axis',(0.,0.,-1.));
#9462=DIRECTION('ref_axis',(0.498820092498813,0.866705552837569,0.));
#9463=DIRECTION('center_axis',(4.37399450426539E-26,7.59258280524162E-26,
-1.));
#9464=DIRECTION('ref_axis',(0.857492925184418,0.514495756307736,7.65702097491499E-26));
#9465=DIRECTION('',(0.,0.,1.));
#9466=DIRECTION('center_axis',(0.,0.,1.));
#9467=DIRECTION('ref_axis',(0.0149254680165086,0.999888608998266,0.));
#9468=DIRECTION('center_axis',(0.,0.,1.));
#9469=DIRECTION('ref_axis',(0.0149255271620201,0.999888608115392,0.));
#9470=DIRECTION('center_axis',(0.,0.,-1.));
#9471=DIRECTION('ref_axis',(0.0149255271620201,0.999888608115392,0.));
#9472=DIRECTION('',(0.,0.,1.));
#9473=DIRECTION('center_axis',(0.,0.,1.));
#9474=DIRECTION('ref_axis',(0.0149255271620201,0.999888608115392,0.));
#9475=DIRECTION('center_axis',(-0.857492925712544,0.514495755427527,0.));
#9476=DIRECTION('ref_axis',(-0.514495755427527,-0.857492925712544,0.));
#9477=DIRECTION('',(0.514495755427527,0.857492925712544,0.));
#9478=DIRECTION('',(0.,0.,1.));
#9479=DIRECTION('',(-0.514495755427527,-0.857492925712544,0.));
#9480=DIRECTION('center_axis',(0.,0.,1.));
#9481=DIRECTION('ref_axis',(-0.000593226182983418,-0.999999824041332,0.));
#9482=DIRECTION('center_axis',(0.,0.,1.));
#9483=DIRECTION('ref_axis',(-0.000593226182983418,-0.999999824041332,0.));
#9484=DIRECTION('center_axis',(0.,0.,-1.));
#9485=DIRECTION('ref_axis',(-0.000593226182983418,-0.999999824041332,0.));
#9486=DIRECTION('',(0.,0.,1.));
#9487=DIRECTION('center_axis',(0.,0.,1.));
#9488=DIRECTION('ref_axis',(-0.999999990938333,0.000134622934263026,0.));
#9489=DIRECTION('center_axis',(0.,0.,1.));
#9490=DIRECTION('ref_axis',(-0.999999990938333,0.000134622934263026,0.));
#9491=DIRECTION('center_axis',(0.,0.,-1.));
#9492=DIRECTION('ref_axis',(-0.999999990938333,0.000134622934263026,0.));
#9493=DIRECTION('center_axis',(0.,0.,1.));
#9494=DIRECTION('ref_axis',(0.000593226182956714,0.999999824041332,0.));
#9495=DIRECTION('center_axis',(0.,0.,1.));
#9496=DIRECTION('ref_axis',(0.000593226182956714,0.999999824041332,0.));
#9497=DIRECTION('',(0.,0.,1.));
#9498=DIRECTION('center_axis',(0.,0.,-1.));
#9499=DIRECTION('ref_axis',(0.000593226182956714,0.999999824041332,0.));
#9500=DIRECTION('center_axis',(0.,0.,1.));
#9501=DIRECTION('ref_axis',(0.999999990938333,-0.000134622934271333,0.));
#9502=DIRECTION('center_axis',(0.,0.,1.));
#9503=DIRECTION('ref_axis',(0.999999990938333,-0.000134622934271333,0.));
#9504=DIRECTION('',(0.,0.,1.));
#9505=DIRECTION('center_axis',(0.,0.,-1.));
#9506=DIRECTION('ref_axis',(0.999999990938333,-0.000134622934271333,0.));
#9507=DIRECTION('',(0.,0.,1.));
#9508=DIRECTION('center_axis',(0.857492925712421,-0.514495755427733,0.));
#9509=DIRECTION('ref_axis',(-0.514495755427733,-0.85749292571242,0.));
#9510=DIRECTION('',(0.514495755427733,0.85749292571242,0.));
#9511=DIRECTION('',(0.514495755427732,0.857492925712421,0.));
#9512=DIRECTION('center_axis',(-0.857492925712544,0.514495755427527,0.));
#9513=DIRECTION('ref_axis',(0.514495755427527,0.857492925712544,0.));
#9514=DIRECTION('',(-0.514495755427527,-0.857492925712544,0.));
#9515=DIRECTION('',(-0.514495755427526,-0.857492925712544,0.));
#9516=DIRECTION('center_axis',(0.857492925712544,0.514495755427527,0.));
#9517=DIRECTION('ref_axis',(0.514495755427527,-0.857492925712544,0.));
#9518=DIRECTION('',(0.514495755427527,-0.857492925712544,0.));
#9519=DIRECTION('',(0.514495755427526,-0.857492925712544,0.));
#9520=DIRECTION('center_axis',(-2.37904933848248E-16,-1.,0.));
#9521=DIRECTION('ref_axis',(1.,-2.37904933848248E-16,0.));
#9522=DIRECTION('',(-1.,2.37904933848248E-16,0.));
#9523=DIRECTION('',(0.,0.,1.));
#9524=DIRECTION('',(1.,-2.37904933848248E-16,0.));
#9525=DIRECTION('',(0.,0.,1.));
#9526=DIRECTION('center_axis',(-1.,0.,0.));
#9527=DIRECTION('ref_axis',(0.,-1.,0.));
#9528=DIRECTION('',(0.,1.,0.));
#9529=DIRECTION('',(0.,0.,1.));
#9530=DIRECTION('',(0.,-1.,0.));
#9531=DIRECTION('center_axis',(-3.56857400772372E-16,1.,0.));
#9532=DIRECTION('ref_axis',(-1.,-3.56857400772372E-16,0.));
#9533=DIRECTION('',(1.,3.56857400772372E-16,0.));
#9534=DIRECTION('',(0.,0.,1.));
#9535=DIRECTION('',(-1.,-3.56857400772372E-16,0.));
#9536=DIRECTION('center_axis',(-1.,0.,0.));
#9537=DIRECTION('ref_axis',(0.,-1.,0.));
#9538=DIRECTION('',(0.,1.,0.));
#9539=DIRECTION('',(0.,-0.703544597920105,-0.710651109010207));
#9540=DIRECTION('',(0.,-1.,0.));
#9541=DIRECTION('',(0.,-0.703544597920105,0.710651109010207));
#9542=DIRECTION('',(0.,1.,0.));
#9543=DIRECTION('',(0.,-1.,0.));
#9544=DIRECTION('center_axis',(0.,0.,1.));
#9545=DIRECTION('ref_axis',(-1.,0.,0.));
#9546=DIRECTION('center_axis',(0.,0.,1.));
#9547=DIRECTION('ref_axis',(1.,0.,0.));
#9548=DIRECTION('',(1.,2.77555756156289E-16,0.));
#9549=DIRECTION('',(0.,1.,0.));
#9550=DIRECTION('',(-1.,5.55111512312578E-16,0.));
#9551=DIRECTION('center_axis',(1.97245305924634E-16,-0.710651109010207,
0.703544597920105));
#9552=DIRECTION('ref_axis',(1.,5.17689969051289E-31,-2.80359349652818E-16));
#9553=DIRECTION('',(1.,2.77555756156289E-16,0.));
#9554=DIRECTION('',(0.57540637270578,-0.575406372705779,-0.581218558288666));
#9555=DIRECTION('center_axis',(0.710651109010207,0.,0.703544597920106));
#9556=DIRECTION('ref_axis',(0.703544597920106,0.,-0.710651109010207));
#9557=DIRECTION('',(0.,1.,0.));
#9558=DIRECTION('',(0.57540637270578,0.575406372705779,-0.581218558288666));
#9559=DIRECTION('center_axis',(3.94490611849267E-16,0.710651109010207,0.703544597920105));
#9560=DIRECTION('ref_axis',(1.,1.97215226305253E-31,-5.60718699305635E-16));
#9561=DIRECTION('',(-1.,5.55111512312578E-16,0.));
#9562=DIRECTION('center_axis',(-1.,0.,0.));
#9563=DIRECTION('ref_axis',(0.,1.,0.));
#9564=DIRECTION('',(0.,-1.,0.));
#9565=DIRECTION('',(0.,0.,1.));
#9566=DIRECTION('',(0.,-1.,0.));
#9567=DIRECTION('',(0.,0.,1.));
#9568=DIRECTION('center_axis',(-0.832050294337842,-0.554700196225232,0.));
#9569=DIRECTION('ref_axis',(-0.554700196225232,0.832050294337842,0.));
#9570=DIRECTION('',(-0.554700196225232,0.832050294337842,0.));
#9571=DIRECTION('',(0.,0.,1.));
#9572=DIRECTION('',(-0.554700196225229,0.832050294337844,0.));
#9573=DIRECTION('',(0.,0.,1.));
#9574=DIRECTION('center_axis',(-0.832050294337843,0.554700196225229,0.));
#9575=DIRECTION('ref_axis',(0.554700196225229,0.832050294337844,0.));
#9576=DIRECTION('',(0.554700196225229,0.832050294337844,0.));
#9577=DIRECTION('',(0.,0.,1.));
#9578=DIRECTION('',(0.55470019622523,0.832050294337843,0.));
#9579=DIRECTION('',(0.,0.,1.));
#9580=DIRECTION('center_axis',(0.832050294337846,-0.554700196225226,0.));
#9581=DIRECTION('ref_axis',(-0.554700196225226,-0.832050294337846,0.));
#9582=DIRECTION('',(-0.554700196225226,-0.832050294337846,0.));
#9583=DIRECTION('',(0.,0.,1.));
#9584=DIRECTION('',(-0.554700196225224,-0.832050294337847,0.));
#9585=DIRECTION('',(0.,0.,1.));
#9586=DIRECTION('center_axis',(0.832050294337843,0.554700196225229,0.));
#9587=DIRECTION('ref_axis',(0.554700196225229,-0.832050294337844,0.));
#9588=DIRECTION('',(-0.554700196225229,0.832050294337844,0.));
#9589=DIRECTION('',(0.,0.,1.));
#9590=DIRECTION('',(-0.55470019622523,0.832050294337843,0.));
#9591=DIRECTION('',(0.,0.,1.));
#9592=DIRECTION('center_axis',(-2.18454230238081E-16,1.,0.));
#9593=DIRECTION('ref_axis',(-1.,-2.18454230238081E-16,0.));
#9594=DIRECTION('',(-1.,-2.18454230238081E-16,0.));
#9595=DIRECTION('',(1.,2.18454230238081E-16,0.));
#9596=DIRECTION('center_axis',(0.,0.,-1.));
#9597=DIRECTION('ref_axis',(0.000526816235082253,-0.999999861232318,0.));
#9598=DIRECTION('center_axis',(0.,0.,-1.));
#9599=DIRECTION('ref_axis',(0.000526816235082253,-0.999999861232318,0.));
#9600=DIRECTION('',(0.,0.,1.));
#9601=DIRECTION('center_axis',(0.,0.,1.));
#9602=DIRECTION('ref_axis',(0.000526816235082253,-0.999999861232318,0.));
#9603=DIRECTION('',(0.,0.,1.));
#9604=DIRECTION('center_axis',(0.,0.,-1.));
#9605=DIRECTION('ref_axis',(-0.000526816235089695,0.999999861232318,0.));
#9606=DIRECTION('center_axis',(0.,0.,-1.));
#9607=DIRECTION('ref_axis',(-0.000526816235089695,0.999999861232318,0.));
#9608=DIRECTION('center_axis',(0.,0.,1.));
#9609=DIRECTION('ref_axis',(-0.000526816235089695,0.999999861232318,0.));
#9610=DIRECTION('center_axis',(0.,0.,1.));
#9611=DIRECTION('ref_axis',(-0.000526816235119262,-0.999999861232318,0.));
#9612=DIRECTION('center_axis',(0.,0.,1.));
#9613=DIRECTION('ref_axis',(-0.000526816235119262,-0.999999861232318,0.));
#9614=DIRECTION('center_axis',(0.,0.,-1.));
#9615=DIRECTION('ref_axis',(-0.000526816235119262,-0.999999861232318,0.));
#9616=DIRECTION('',(0.,0.,1.));
#9617=DIRECTION('center_axis',(0.,0.,1.));
#9618=DIRECTION('ref_axis',(-0.99999999986551,1.64005897245967E-5,0.));
#9619=DIRECTION('center_axis',(-2.44455262538763E-15,-2.35126511164827E-33,
1.));
#9620=DIRECTION('ref_axis',(-0.832051106208721,-0.554698978416982,-2.03399271613921E-15));
#9621=DIRECTION('center_axis',(1.83341361821612E-15,0.,-1.));
#9622=DIRECTION('ref_axis',(-0.832051106208722,0.554698978416981,-1.53959894393646E-15));
#9623=DIRECTION('center_axis',(0.,0.,1.));
#9624=DIRECTION('ref_axis',(0.000526816235089642,0.999999861232318,0.));
#9625=DIRECTION('center_axis',(0.,0.,1.));
#9626=DIRECTION('ref_axis',(0.000526816235089642,0.999999861232318,0.));
#9627=DIRECTION('',(0.,0.,1.));
#9628=DIRECTION('center_axis',(0.,0.,-1.));
#9629=DIRECTION('ref_axis',(0.000526816235089642,0.999999861232318,0.));
#9630=DIRECTION('center_axis',(0.,0.,1.));
#9631=DIRECTION('ref_axis',(0.99999999986551,-1.64005897053432E-5,0.));
#9632=DIRECTION('center_axis',(2.44455260406728E-15,8.20337790790303E-32,
1.));
#9633=DIRECTION('ref_axis',(0.832051106208727,0.554698978416973,-2.03399269839961E-15));
#9634=DIRECTION('',(0.,0.,1.));
#9635=DIRECTION('center_axis',(-1.83341361821616E-15,0.,-1.));
#9636=DIRECTION('ref_axis',(0.832051106208728,-0.554698978416972,-1.53959894393644E-15));
#9637=DIRECTION('',(0.,0.,1.));
#9638=DIRECTION('center_axis',(0.832050294337842,-0.554700196225232,0.));
#9639=DIRECTION('ref_axis',(-0.554700196225232,-0.832050294337842,0.));
#9640=DIRECTION('',(0.554700196225232,0.832050294337842,0.));
#9641=DIRECTION('',(0.,0.,1.));
#9642=DIRECTION('',(0.554700196225231,0.832050294337842,0.));
#9643=DIRECTION('center_axis',(-0.832050294337846,-0.554700196225226,0.));
#9644=DIRECTION('ref_axis',(-0.554700196225226,0.832050294337846,0.));
#9645=DIRECTION('',(0.554700196225226,-0.832050294337846,0.));
#9646=DIRECTION('',(0.554700196225232,-0.832050294337842,0.));
#9647=DIRECTION('',(0.,0.,1.));
#9648=DIRECTION('center_axis',(-0.832050294337843,0.554700196225229,0.));
#9649=DIRECTION('ref_axis',(0.554700196225229,0.832050294337844,0.));
#9650=DIRECTION('',(-0.554700196225229,-0.832050294337844,0.));
#9651=DIRECTION('',(-0.554700196225228,-0.832050294337844,0.));
#9652=DIRECTION('center_axis',(0.832050294337843,0.554700196225229,0.));
#9653=DIRECTION('ref_axis',(0.554700196225229,-0.832050294337844,0.));
#9654=DIRECTION('',(0.554700196225229,-0.832050294337844,0.));
#9655=DIRECTION('',(0.554700196225229,-0.832050294337844,0.));
#9656=DIRECTION('center_axis',(-2.18454230238081E-16,-1.,0.));
#9657=DIRECTION('ref_axis',(1.,-2.18454230238081E-16,0.));
#9658=DIRECTION('',(-1.,2.18454230238081E-16,0.));
#9659=DIRECTION('',(1.,-2.18454230238081E-16,0.));
#9660=DIRECTION('center_axis',(4.50812272145651E-16,1.,0.));
#9661=DIRECTION('ref_axis',(-1.,4.50812272145651E-16,0.));
#9662=DIRECTION('',(1.,0.,0.));
#9663=DIRECTION('',(1.,0.,0.));
#9664=DIRECTION('center_axis',(0.,0.,1.));
#9665=DIRECTION('ref_axis',(1.,0.,0.));
#9666=DIRECTION('',(-1.,0.,0.));
#9667=DIRECTION('center_axis',(0.,0.,1.));
#9668=DIRECTION('ref_axis',(-1.,0.,0.));
#9669=DIRECTION('',(1.,0.,0.));
#9670=DIRECTION('center_axis',(4.50812272145651E-16,-1.,0.));
#9671=DIRECTION('ref_axis',(1.,4.50812272145651E-16,0.));
#9672=DIRECTION('center_axis',(-2.91972364094946E-16,0.710651109010208,
0.703544597920104));
#9673=DIRECTION('ref_axis',(1.,5.55063426728922E-31,4.15001927323592E-16));
#9674=DIRECTION('',(1.,5.55111512312578E-16,-1.45716771982043E-16));
#9675=DIRECTION('',(-1.03553785610426E-16,0.703544597920104,-0.710651109010208));
#9676=DIRECTION('',(-1.,-5.55111512312578E-16,1.45716771982043E-16));
#9677=DIRECTION('',(0.57540637270578,-0.575406372705778,0.581218558288667));
#9678=DIRECTION('center_axis',(-0.710651109010207,9.36165772206529E-16,
0.703544597920106));
#9679=DIRECTION('ref_axis',(0.703544597920106,9.45621992127805E-16,0.710651109010207));
#9680=DIRECTION('',(2.0005978743753E-31,-1.,1.33064168920367E-15));
#9681=DIRECTION('',(0.57540637270578,0.57540637270578,0.581218558288665));
#9682=DIRECTION('',(-2.0005978743753E-31,1.,-1.33064168920367E-15));
#9683=DIRECTION('center_axis',(-9.47270581703124E-17,-0.710651109010206,
0.703544597920106));
#9684=DIRECTION('ref_axis',(1.,-1.38469154623181E-31,1.34642577670775E-16));
#9685=DIRECTION('',(1.,-2.77555756156289E-16,-1.45716771982042E-16));
#9686=DIRECTION('',(1.03553785610426E-16,0.703544597920106,0.710651109010206));
#9687=DIRECTION('',(-1.,2.77555756156289E-16,1.45716771982042E-16));
#9688=DIRECTION('center_axis',(-1.45716771982042E-16,-1.33064168920367E-15,
-1.));
#9689=DIRECTION('ref_axis',(1.,6.16297582203922E-33,-1.45716771982042E-16));
#9690=DIRECTION('',(1.,-3.56857400772372E-16,-1.45716771982042E-16));
#9691=DIRECTION('',(2.0005978743753E-31,-1.,1.33064168920367E-15));
#9692=DIRECTION('',(-1.,-2.37904933848248E-16,1.45716771982043E-16));
#9693=DIRECTION('',(2.0005978743753E-31,-1.,1.33064168920367E-15));
#9694=DIRECTION('center_axis',(-1.45716771982042E-16,-1.33064168920367E-15,
-1.));
#9695=DIRECTION('ref_axis',(-1.,-6.16297582203922E-33,1.45716771982042E-16));
#9696=DIRECTION('',(2.0005978743753E-31,-1.,1.33064168920367E-15));
#9697=DIRECTION('center_axis',(-1.,-6.16297582203922E-33,1.45716771982042E-16));
#9698=DIRECTION('ref_axis',(2.0005978743753E-31,-1.,1.33064168920367E-15));
#9699=DIRECTION('',(2.0005978743753E-31,-1.,1.33064168920367E-15));
#9700=DIRECTION('',(1.45716771982042E-16,1.33064168920367E-15,1.));
#9701=DIRECTION('',(1.45716771982042E-16,1.33064168920367E-15,1.));
#9702=DIRECTION('',(2.0005978743753E-31,-1.,1.33064168920367E-15));
#9703=DIRECTION('center_axis',(-3.56857400772372E-16,-1.,1.33064168920367E-15));
#9704=DIRECTION('ref_axis',(1.,-3.56857400772372E-16,-1.45716771982042E-16));
#9705=DIRECTION('',(1.,-3.56857400772372E-16,-1.45716771982042E-16));
#9706=DIRECTION('',(1.45716771982042E-16,1.33064168920367E-15,1.));
#9707=DIRECTION('center_axis',(-1.,-6.16297582203922E-33,1.45716771982042E-16));
#9708=DIRECTION('ref_axis',(2.0005978743753E-31,-1.,1.33064168920367E-15));
#9709=DIRECTION('',(2.0005978743753E-31,-1.,1.33064168920367E-15));
#9710=DIRECTION('',(1.45716771982042E-16,1.33064168920367E-15,1.));
#9711=DIRECTION('center_axis',(-2.37904933848248E-16,1.,-1.33064168920367E-15));
#9712=DIRECTION('ref_axis',(-1.,-2.37904933848248E-16,1.45716771982043E-16));
#9713=DIRECTION('',(-1.,-2.37904933848248E-16,1.45716771982043E-16));
#9714=DIRECTION('center_axis',(5.78707619528349E-17,-1.,1.33064168920367E-15));
#9715=DIRECTION('ref_axis',(1.,5.78707619528347E-17,-1.45716771982042E-16));
#9716=DIRECTION('',(1.,5.78707619528347E-17,-1.45716771982042E-16));
#9717=DIRECTION('',(1.45716771982042E-16,1.33064168920367E-15,1.));
#9718=DIRECTION('',(-1.,-5.78707619528347E-17,1.45716771982042E-16));
#9719=DIRECTION('',(1.45716771982042E-16,1.33064168920367E-15,1.));
#9720=DIRECTION('center_axis',(-0.857492925712544,-0.514495755427527,8.09560602222473E-16));
#9721=DIRECTION('ref_axis',(0.514495755427527,-0.857492925712544,1.06604517447098E-15));
#9722=DIRECTION('',(-0.514495755427527,0.857492925712544,-1.06604517447098E-15));
#9723=DIRECTION('',(1.45716771982042E-16,1.33064168920367E-15,1.));
#9724=DIRECTION('',(0.514495755427527,-0.857492925712544,1.06604517447098E-15));
#9725=DIRECTION('',(1.45716771982042E-16,1.33064168920367E-15,1.));
#9726=DIRECTION('center_axis',(1.45716771982042E-16,1.33064168920367E-15,
1.));
#9727=DIRECTION('ref_axis',(-0.857492925712545,-0.514495755427526,8.09560602222472E-16));
#9728=DIRECTION('center_axis',(-1.45716771982042E-16,-1.33064168920367E-15,
-1.));
#9729=DIRECTION('ref_axis',(-0.857492925712545,-0.514495755427526,8.09560602222472E-16));
#9730=DIRECTION('',(1.45716771982042E-16,1.33064168920367E-15,1.));
#9731=DIRECTION('center_axis',(1.45716771982042E-16,1.33064168920367E-15,
1.));
#9732=DIRECTION('ref_axis',(-0.857492925712545,-0.514495755427526,8.09560602222472E-16));
#9733=DIRECTION('center_axis',(-1.45716771982042E-16,-1.33064168920367E-15,
-1.));
#9734=DIRECTION('ref_axis',(0.499056608581981,-0.866569386391333,1.08037243408108E-15));
#9735=DIRECTION('',(1.45716771982042E-16,1.33064168920367E-15,1.));
#9736=DIRECTION('center_axis',(1.45716771982042E-16,1.33064168920367E-15,
1.));
#9737=DIRECTION('ref_axis',(0.499056608581981,-0.866569386391333,1.08037243408108E-15));
#9738=DIRECTION('center_axis',(5.78707619528345E-17,1.,-1.33064168920367E-15));
#9739=DIRECTION('ref_axis',(-1.,5.78707619528347E-17,1.45716771982042E-16));
#9740=DIRECTION('',(1.,-5.78707619528347E-17,-1.45716771982042E-16));
#9741=DIRECTION('',(1.45716771982042E-16,1.33064168920367E-15,1.));
#9742=DIRECTION('',(-1.,5.78707619528347E-17,1.45716771982042E-16));
#9743=DIRECTION('',(1.45716771982042E-16,1.33064168920367E-15,1.));
#9744=DIRECTION('center_axis',(-1.45716771982042E-16,-1.33064168920367E-15,
-1.));
#9745=DIRECTION('ref_axis',(0.498820092498813,0.866705552837569,-1.2259609945487E-15));
#9746=DIRECTION('',(1.45716771982042E-16,1.33064168920367E-15,1.));
#9747=DIRECTION('center_axis',(1.45716771982042E-16,1.33064168920367E-15,
1.));
#9748=DIRECTION('ref_axis',(0.0149254680165086,0.999888608998266,-1.33266835871265E-15));
#9749=DIRECTION('',(1.45716771982042E-16,1.33064168920367E-15,1.));
#9750=DIRECTION('center_axis',(1.45716771982042E-16,1.33064168920367E-15,
1.));
#9751=DIRECTION('ref_axis',(0.0149255271620201,0.999888608115392,-1.33266836615635E-15));
#9752=DIRECTION('center_axis',(-1.45716771982042E-16,-1.33064168920367E-15,
-1.));
#9753=DIRECTION('ref_axis',(0.0149255271620201,0.999888608115392,-1.33266836615635E-15));
#9754=DIRECTION('',(1.45716771982042E-16,1.33064168920367E-15,1.));
#9755=DIRECTION('center_axis',(1.45716771982042E-16,1.33064168920367E-15,
1.));
#9756=DIRECTION('ref_axis',(0.0149255271620201,0.999888608115392,-1.33266836615635E-15));
#9757=DIRECTION('center_axis',(-0.857492925712544,0.514495755427527,-5.59658399957935E-16));
#9758=DIRECTION('ref_axis',(-0.514495755427527,-0.857492925712544,1.2159864958297E-15));
#9759=DIRECTION('',(0.514495755427527,0.857492925712544,-1.2159864958297E-15));
#9760=DIRECTION('',(1.45716771982042E-16,1.33064168920367E-15,1.));
#9761=DIRECTION('',(-0.514495755427527,-0.857492925712544,1.2159864958297E-15));
#9762=DIRECTION('center_axis',(1.45716771982042E-16,1.33064168920367E-15,
1.));
#9763=DIRECTION('ref_axis',(-0.000593226182983418,-0.999999824041332,1.33072789807017E-15));
#9764=DIRECTION('',(1.45716771982042E-16,1.33064168920367E-15,1.));
#9765=DIRECTION('center_axis',(-1.45716771982042E-16,-1.33064168920367E-15,
-1.));
#9766=DIRECTION('ref_axis',(-0.000593226182983418,-0.999999824041332,1.33072789807017E-15));
#9767=DIRECTION('',(1.45716771982042E-16,1.33064168920367E-15,1.));
#9768=DIRECTION('center_axis',(1.45716771982042E-16,1.33064168920367E-15,
1.));
#9769=DIRECTION('ref_axis',(-0.999999990938333,0.000134622934263026,1.45537635772952E-16));
#9770=DIRECTION('',(1.45716771982042E-16,1.33064168920367E-15,1.));
#9771=DIRECTION('center_axis',(-1.45716771982042E-16,-1.33064168920367E-15,
-1.));
#9772=DIRECTION('ref_axis',(-0.999999990938333,0.000134622934263026,1.45537635772952E-16));
#9773=DIRECTION('',(1.45716771982042E-16,1.33064168920367E-15,1.));
#9774=DIRECTION('center_axis',(1.45716771982042E-16,1.33064168920367E-15,
1.));
#9775=DIRECTION('ref_axis',(0.000593226182956714,0.999999824041332,-1.33072789807017E-15));
#9776=DIRECTION('',(1.45716771982042E-16,1.33064168920367E-15,1.));
#9777=DIRECTION('center_axis',(-1.45716771982042E-16,-1.33064168920367E-15,
-1.));
#9778=DIRECTION('ref_axis',(0.000593226182956714,0.999999824041332,-1.33072789807017E-15));
#9779=DIRECTION('',(1.45716771982042E-16,1.33064168920367E-15,1.));
#9780=DIRECTION('center_axis',(1.45716771982042E-16,1.33064168920367E-15,
1.));
#9781=DIRECTION('ref_axis',(0.999999990938333,-0.000134622934271333,-1.45537635772941E-16));
#9782=DIRECTION('',(1.45716771982042E-16,1.33064168920367E-15,1.));
#9783=DIRECTION('center_axis',(-1.45716771982042E-16,-1.33064168920367E-15,
-1.));
#9784=DIRECTION('ref_axis',(0.999999990938333,-0.000134622934271333,-1.45537635772941E-16));
#9785=DIRECTION('',(1.45716771982042E-16,1.33064168920367E-15,1.));
#9786=DIRECTION('center_axis',(-2.37904933848248E-16,-1.,1.33064168920367E-15));
#9787=DIRECTION('ref_axis',(1.,-2.37904933848248E-16,-1.45716771982042E-16));
#9788=DIRECTION('',(-1.,2.37904933848248E-16,1.45716771982042E-16));
#9789=DIRECTION('',(1.45716771982042E-16,1.33064168920367E-15,1.));
#9790=DIRECTION('',(1.,-2.37904933848248E-16,-1.45716771982042E-16));
#9791=DIRECTION('',(1.45716771982042E-16,1.33064168920367E-15,1.));
#9792=DIRECTION('center_axis',(-1.,-6.16297582203922E-33,1.45716771982042E-16));
#9793=DIRECTION('ref_axis',(2.0005978743753E-31,-1.,1.33064168920367E-15));
#9794=DIRECTION('',(-2.0005978743753E-31,1.,-1.33064168920367E-15));
#9795=DIRECTION('',(1.45716771982042E-16,1.33064168920367E-15,1.));
#9796=DIRECTION('',(2.0005978743753E-31,-1.,1.33064168920367E-15));
#9797=DIRECTION('center_axis',(-3.56857400772372E-16,1.,-1.33064168920367E-15));
#9798=DIRECTION('ref_axis',(-1.,-3.56857400772372E-16,1.45716771982043E-16));
#9799=DIRECTION('',(1.,3.56857400772372E-16,-1.45716771982043E-16));
#9800=DIRECTION('',(1.45716771982042E-16,1.33064168920367E-15,1.));
#9801=DIRECTION('',(-1.,-3.56857400772372E-16,1.45716771982043E-16));
#9802=DIRECTION('center_axis',(-1.,-6.16297582203922E-33,1.45716771982042E-16));
#9803=DIRECTION('ref_axis',(2.0005978743753E-31,-1.,1.33064168920367E-15));
#9804=DIRECTION('',(-2.0005978743753E-31,1.,-1.33064168920367E-15));
#9805=DIRECTION('',(-1.03553785610426E-16,-0.703544597920106,-0.710651109010206));
#9806=DIRECTION('',(2.0005978743753E-31,-1.,1.33064168920367E-15));
#9807=DIRECTION('',(1.03553785610426E-16,-0.703544597920104,0.710651109010208));
#9808=DIRECTION('',(-2.0005978743753E-31,1.,-1.33064168920367E-15));
#9809=DIRECTION('',(2.0005978743753E-31,-1.,1.33064168920367E-15));
#9810=DIRECTION('center_axis',(1.45716771982042E-16,1.33064168920367E-15,
1.));
#9811=DIRECTION('ref_axis',(-1.,-6.16297582203922E-33,1.45716771982042E-16));
#9812=DIRECTION('center_axis',(1.45716771982042E-16,1.33064168920367E-15,
1.));
#9813=DIRECTION('ref_axis',(1.,6.16297582203922E-33,-1.45716771982042E-16));
#9814=DIRECTION('',(1.,2.77555756156289E-16,-1.45716771982043E-16));
#9815=DIRECTION('',(-2.0005978743753E-31,1.,-1.33064168920367E-15));
#9816=DIRECTION('',(-1.,5.55111512312578E-16,1.45716771982041E-16));
#9817=DIRECTION('center_axis',(2.99763553678956E-16,-0.710651109010206,
0.703544597920106));
#9818=DIRECTION('ref_axis',(1.,1.5079510626726E-31,-4.2607612163486E-16));
#9819=DIRECTION('',(1.,2.77555756156289E-16,-1.45716771982043E-16));
#9820=DIRECTION('',(0.57540637270578,-0.57540637270578,-0.581218558288665));
#9821=DIRECTION('center_axis',(0.710651109010207,9.36165772206529E-16,0.703544597920106));
#9822=DIRECTION('ref_axis',(0.703544597920106,-9.45621992127805E-16,-0.710651109010207));
#9823=DIRECTION('',(-2.0005978743753E-31,1.,-1.33064168920367E-15));
#9824=DIRECTION('',(0.57540637270578,0.575406372705778,-0.581218558288667));
#9825=DIRECTION('center_axis',(4.97008859603589E-16,0.710651109010208,0.703544597920104));
#9826=DIRECTION('ref_axis',(1.,-5.42737475084844E-31,-7.06435471287677E-16));
#9827=DIRECTION('',(-1.,5.55111512312578E-16,1.45716771982041E-16));
#9828=DIRECTION('center_axis',(-2.18454230238081E-16,1.,-1.33064168920367E-15));
#9829=DIRECTION('ref_axis',(-1.,-2.18454230238081E-16,1.45716771982043E-16));
#9830=DIRECTION('',(-1.,-2.18454230238081E-16,1.45716771982043E-16));
#9831=DIRECTION('',(1.45716771982042E-16,1.33064168920367E-15,1.));
#9832=DIRECTION('',(1.,2.18454230238081E-16,-1.45716771982043E-16));
#9833=DIRECTION('',(1.45716771982042E-16,1.33064168920367E-15,1.));
#9834=DIRECTION('center_axis',(-1.45716771982042E-16,-1.33064168920367E-15,
-1.));
#9835=DIRECTION('ref_axis',(0.000526816235082253,-0.999999861232318,1.33056473859241E-15));
#9836=DIRECTION('',(1.45716771982042E-16,1.33064168920367E-15,1.));
#9837=DIRECTION('center_axis',(1.45716771982042E-16,1.33064168920367E-15,
1.));
#9838=DIRECTION('ref_axis',(0.000526816235082253,-0.999999861232318,1.33056473859241E-15));
#9839=DIRECTION('',(1.45716771982042E-16,1.33064168920367E-15,1.));
#9840=DIRECTION('center_axis',(-1.45716771982042E-16,-1.33064168920367E-15,
-1.));
#9841=DIRECTION('ref_axis',(-0.000526816235089695,0.999999861232318,-1.3305647385924E-15));
#9842=DIRECTION('',(1.45716771982042E-16,1.33064168920367E-15,1.));
#9843=DIRECTION('center_axis',(1.45716771982042E-16,1.33064168920367E-15,
1.));
#9844=DIRECTION('ref_axis',(-0.000526816235089695,0.999999861232318,-1.3305647385924E-15));
#9845=DIRECTION('',(1.45716771982042E-16,1.33064168920367E-15,1.));
#9846=DIRECTION('center_axis',(1.45716771982042E-16,1.33064168920367E-15,
1.));
#9847=DIRECTION('ref_axis',(-0.000526816235119262,-0.999999861232318,1.33071827051482E-15));
#9848=DIRECTION('',(1.45716771982042E-16,1.33064168920367E-15,1.));
#9849=DIRECTION('center_axis',(-1.45716771982042E-16,-1.33064168920367E-15,
-1.));
#9850=DIRECTION('ref_axis',(-0.000526816235119262,-0.999999861232318,1.33071827051482E-15));
#9851=DIRECTION('',(1.45716771982042E-16,1.33064168920367E-15,1.));
#9852=DIRECTION('center_axis',(1.45716771982042E-16,1.33064168920367E-15,
1.));
#9853=DIRECTION('ref_axis',(-0.99999999986551,1.64005897245967E-5,1.4569494865403E-16));
#9854=DIRECTION('',(1.45716771982042E-16,1.33064168920367E-15,1.));
#9855=DIRECTION('center_axis',(1.68769684623408E-15,-1.33064168920367E-15,
-1.));
#9856=DIRECTION('ref_axis',(-0.832051106208722,0.554698978416981,-2.15646072825597E-15));
#9857=DIRECTION('',(1.45716771982042E-16,1.33064168920367E-15,1.));
#9858=DIRECTION('center_axis',(1.45716771982042E-16,1.33064168920367E-15,
1.));
#9859=DIRECTION('ref_axis',(0.000526816235089642,0.999999861232318,-1.33071827051481E-15));
#9860=DIRECTION('',(1.45716771982042E-16,1.33064168920367E-15,1.));
#9861=DIRECTION('center_axis',(-1.45716771982042E-16,-1.33064168920367E-15,
-1.));
#9862=DIRECTION('ref_axis',(0.000526816235089642,0.999999861232318,-1.33071827051481E-15));
#9863=DIRECTION('',(1.45716771982042E-16,1.33064168920367E-15,1.));
#9864=DIRECTION('center_axis',(1.45716771982042E-16,1.33064168920367E-15,
1.));
#9865=DIRECTION('ref_axis',(0.99999999986551,-1.64005897053432E-5,-1.45694948654055E-16));
#9866=DIRECTION('',(1.45716771982042E-16,1.33064168920367E-15,1.));
#9867=DIRECTION('center_axis',(-1.9791303901982E-15,-1.33064168920367E-15,
-1.));
#9868=DIRECTION('ref_axis',(0.832051106208728,-0.554698978416972,-9.22737159616951E-16));
#9869=DIRECTION('',(1.45716771982042E-16,1.33064168920367E-15,1.));
#9870=DIRECTION('center_axis',(-2.18454230238081E-16,-1.,1.33064168920367E-15));
#9871=DIRECTION('ref_axis',(1.,-2.18454230238081E-16,-1.45716771982042E-16));
#9872=DIRECTION('',(-1.,2.18454230238081E-16,1.45716771982042E-16));
#9873=DIRECTION('',(1.45716771982042E-16,1.33064168920367E-15,1.));
#9874=DIRECTION('',(1.,-2.18454230238081E-16,-1.45716771982042E-16));
#9875=DIRECTION('',(1.45716771982042E-16,1.33064168920367E-15,1.));
#9876=DIRECTION('center_axis',(4.50812272145651E-16,1.,-1.33064168920367E-15));
#9877=DIRECTION('ref_axis',(-1.,4.50812272145651E-16,1.45716771982042E-16));
#9878=DIRECTION('',(1.,6.16297582203922E-33,-1.45716771982042E-16));
#9879=DIRECTION('',(1.45716771982042E-16,1.33064168920367E-15,1.));
#9880=DIRECTION('',(1.,6.16297582203922E-33,-1.45716771982042E-16));
#9881=DIRECTION('center_axis',(1.45716771982042E-16,1.33064168920367E-15,
1.));
#9882=DIRECTION('ref_axis',(-1.,-6.16297582203922E-33,1.45716771982042E-16));
#9883=DIRECTION('',(-0.554700196225229,0.832050294337844,-1.02633168714838E-15));
#9884=DIRECTION('',(-0.554700196225224,-0.832050294337847,1.18798993117187E-15));
#9885=DIRECTION('',(2.0005978743753E-31,-1.,1.33064168920367E-15));
#9886=DIRECTION('',(0.554700196225232,-0.832050294337842,1.02633168714837E-15));
#9887=DIRECTION('',(0.554700196225231,0.832050294337842,-1.18798993117187E-15));
#9888=DIRECTION('',(1.,6.16297582203922E-33,-1.45716771982042E-16));
#9889=DIRECTION('',(0.514495755427732,0.857492925712421,-1.21598649582957E-15));
#9890=DIRECTION('',(-2.00334920286728E-31,1.,-1.33064168920367E-15));
#9891=DIRECTION('',(-0.514495755427729,0.857492925712423,-1.06604517447079E-15));
#9892=DIRECTION('',(-0.514495755427526,0.857492925712544,-1.06604517447098E-15));
#9893=DIRECTION('',(0.514495755427526,0.857492925712544,-1.2159864958297E-15));
#9894=DIRECTION('',(0.514495755427526,-0.857492925712544,1.06604517447098E-15));
#9895=DIRECTION('',(-0.514495755427526,-0.857492925712544,1.2159864958297E-15));
#9896=DIRECTION('',(-0.55470019622523,0.832050294337843,-1.02633168714837E-15));
#9897=DIRECTION('',(0.55470019622523,0.832050294337843,-1.18798993117187E-15));
#9898=DIRECTION('',(0.554700196225229,-0.832050294337844,1.02633168714838E-15));
#9899=DIRECTION('',(-0.554700196225228,-0.832050294337844,1.18798993117187E-15));
#9900=DIRECTION('center_axis',(4.50812272145651E-16,-1.,1.33064168920367E-15));
#9901=DIRECTION('ref_axis',(1.,4.50812272145651E-16,-1.45716771982043E-16));
#9902=DIRECTION('',(1.45716771982042E-16,1.33064168920367E-15,1.));
#9903=DIRECTION('',(-1.,-6.16297582203922E-33,1.45716771982042E-16));
#9904=DIRECTION('center_axis',(0.,0.,1.));
#9905=DIRECTION('ref_axis',(-1.,0.,0.));
#9906=DIRECTION('',(0.514495755427733,0.85749292571242,-1.21598649582957E-15));
#9907=DIRECTION('',(-0.68485183271932,0.728682350013357,0.));
#9908=DIRECTION('',(1.22124532708767E-14,-1.,0.));
#9909=DIRECTION('center_axis',(0.,0.,-1.));
#9910=DIRECTION('ref_axis',(-0.707106781186541,-0.707106781186554,0.));
#9911=DIRECTION('',(-1.,-3.55271367880051E-15,0.));
#9912=DIRECTION('center_axis',(0.,0.,-1.));
#9913=DIRECTION('ref_axis',(3.70074341541719E-15,-1.,0.));
#9914=DIRECTION('',(0.,1.,0.));
#9915=DIRECTION('center_axis',(0.,0.,-1.));
#9916=DIRECTION('ref_axis',(-1.,7.24296961222434E-15,0.));
#9917=DIRECTION('center_axis',(0.,0.,-1.));
#9918=DIRECTION('ref_axis',(-1.,0.,0.));
#9919=DIRECTION('center_axis',(0.,0.,1.));
#9920=DIRECTION('ref_axis',(-1.,0.,0.));
#9921=DIRECTION('',(0.554700196225232,0.832050294337842,-1.18798993117187E-15));
#9922=DIRECTION('',(-0.697616683154625,0.716471188104825,0.));
#9923=DIRECTION('',(5.24025267623221E-14,1.,0.));
#9924=DIRECTION('center_axis',(0.,0.,-1.));
#9925=DIRECTION('ref_axis',(-0.707106781186654,-0.707106781186441,0.));
#9926=DIRECTION('',(-1.,2.54019028034236E-13,0.));
#9927=DIRECTION('center_axis',(0.,0.,-1.));
#9928=DIRECTION('ref_axis',(0.707106781186455,-0.70710678118664,0.));
#9929=DIRECTION('',(-7.99360577730113E-15,-1.,0.));
#9930=DIRECTION('center_axis',(0.,0.,1.));
#9931=DIRECTION('ref_axis',(-0.116016620597158,-0.99324727220628,0.));
#9932=DIRECTION('',(-0.230466383879257,-0.973080287489999,0.));
#9933=DIRECTION('center_axis',(0.,0.,-1.));
#9934=DIRECTION('ref_axis',(-1.,7.24296961222434E-15,0.));
#9935=DIRECTION('center_axis',(0.,0.,-1.));
#9936=DIRECTION('ref_axis',(-1.,0.,0.));
#9937=DIRECTION('center_axis',(0.,0.,1.));
#9938=DIRECTION('ref_axis',(-1.,0.,0.));
#9939=DIRECTION('',(1.52647617649515E-17,-1.,0.));
#9940=DIRECTION('center_axis',(0.,0.,-1.));
#9941=DIRECTION('ref_axis',(-0.707106781186514,-0.707106781186581,0.));
#9942=DIRECTION('',(-1.,-8.70414851306124E-14,0.));
#9943=DIRECTION('center_axis',(0.,0.,-1.));
#9944=DIRECTION('ref_axis',(0.707106781186527,-0.707106781186568,0.));
#9945=DIRECTION('',(-1.57207580286922E-13,-1.,0.));
#9946=DIRECTION('',(-0.528301886792482,-0.849056603773567,0.));
#9947=DIRECTION('',(0.554700196225226,-0.832050294337846,1.02633168714838E-15));
#9948=DIRECTION('center_axis',(0.,0.,-1.));
#9949=DIRECTION('ref_axis',(-1.,0.,0.));
#9950=DIRECTION('center_axis',(0.,0.,-1.));
#9951=DIRECTION('ref_axis',(-1.,7.24296961222434E-15,0.));
#9952=DIRECTION('center_axis',(0.,0.,1.));
#9953=DIRECTION('ref_axis',(-1.,0.,0.));
#9954=DIRECTION('',(-0.554700196225226,-0.832050294337846,1.18798993117187E-15));
#9955=DIRECTION('',(-0.528301886792482,0.849056603773567,0.));
#9956=DIRECTION('',(-1.57222845048687E-13,1.,0.));
#9957=DIRECTION('center_axis',(0.,0.,-1.));
#9958=DIRECTION('ref_axis',(0.707106781186527,0.707106781186568,0.));
#9959=DIRECTION('',(-1.,8.70262203688475E-14,0.));
#9960=DIRECTION('center_axis',(0.,0.,-1.));
#9961=DIRECTION('ref_axis',(-0.707106781186516,0.707106781186579,0.));
#9962=DIRECTION('',(1.52647617649515E-17,-1.,0.));
#9963=DIRECTION('center_axis',(0.,0.,1.));
#9964=DIRECTION('ref_axis',(-1.,0.,0.));
#9965=DIRECTION('',(-0.230466383879257,0.973080287489999,0.));
#9966=DIRECTION('center_axis',(0.,0.,1.));
#9967=DIRECTION('ref_axis',(0.116016620596731,-0.993247272206329,0.));
#9968=DIRECTION('',(-8.00887053906608E-15,1.,0.));
#9969=DIRECTION('center_axis',(0.,0.,-1.));
#9970=DIRECTION('ref_axis',(0.707106781186458,0.707106781186638,0.));
#9971=DIRECTION('',(-1.,-2.54034292796001E-13,0.));
#9972=DIRECTION('center_axis',(0.,0.,-1.));
#9973=DIRECTION('ref_axis',(-0.707106781186654,0.707106781186441,0.));
#9974=DIRECTION('',(5.2417791524087E-14,-1.,0.));
#9975=DIRECTION('',(-0.697616683154625,-0.716471188104825,0.));
#9976=DIRECTION('',(-0.554700196225232,0.832050294337842,-1.02633168714837E-15));
#9977=DIRECTION('center_axis',(0.,0.,1.));
#9978=DIRECTION('ref_axis',(-1.,0.,0.));
#9979=DIRECTION('',(-0.514495755427733,0.85749292571242,-1.06604517447078E-15));
#9980=DIRECTION('',(0.,1.,0.));
#9981=DIRECTION('center_axis',(0.,0.,-1.));
#9982=DIRECTION('ref_axis',(3.70074341541719E-15,1.,0.));
#9983=DIRECTION('',(-1.,3.53744891703556E-15,0.));
#9984=DIRECTION('center_axis',(0.,0.,-1.));
#9985=DIRECTION('ref_axis',(-0.707106781186541,0.707106781186554,0.));
#9986=DIRECTION('',(1.21971885091117E-14,1.,0.));
#9987=DIRECTION('',(-0.68485183271932,-0.728682350013357,0.));
#9988=DIRECTION('center_axis',(0.,0.,-1.));
#9989=DIRECTION('ref_axis',(-1.,0.,0.));
#9990=DIRECTION('',(0.,1.,0.));
#9991=DIRECTION('center_axis',(0.,0.,1.));
#9992=DIRECTION('ref_axis',(-0.707106781186516,0.707106781186579,0.));
#9993=DIRECTION('',(-1.,8.70262203688475E-14,0.));
#9994=DIRECTION('center_axis',(0.,0.,1.));
#9995=DIRECTION('ref_axis',(0.707106781186527,0.707106781186568,0.));
#9996=DIRECTION('',(-1.57222845048687E-13,1.,0.));
#9997=DIRECTION('',(-0.528301886792482,0.849056603773567,0.));
#9998=DIRECTION('',(-0.554700196225226,-0.832050294337846,0.));
#9999=DIRECTION('',(-0.554700196225232,0.832050294337842,0.));
#10000=DIRECTION('',(-0.697616683154625,-0.716471188104825,0.));
#10001=DIRECTION('',(5.2417791524087E-14,-1.,0.));
#10002=DIRECTION('center_axis',(0.,0.,1.));
#10003=DIRECTION('ref_axis',(-0.707106781186654,0.707106781186441,0.));
#10004=DIRECTION('',(-1.,-2.54034292796001E-13,0.));
#10005=DIRECTION('center_axis',(0.,0.,1.));
#10006=DIRECTION('ref_axis',(0.707106781186458,0.707106781186638,0.));
#10007=DIRECTION('',(-8.00887053906608E-15,1.,0.));
#10008=DIRECTION('center_axis',(0.,0.,-1.));
#10009=DIRECTION('ref_axis',(-0.116016620597568,0.993247272206232,0.));
#10010=DIRECTION('',(-0.230466383879257,0.973080287489999,0.));
#10011=DIRECTION('',(-0.514495755427733,0.85749292571242,0.));
#10012=DIRECTION('',(-0.68485183271932,-0.728682350013357,0.));
#10013=DIRECTION('',(-1.21971885091117E-14,-1.,0.));
#10014=DIRECTION('center_axis',(0.,0.,1.));
#10015=DIRECTION('ref_axis',(-0.707106781186541,0.707106781186554,0.));
#10016=DIRECTION('',(-1.,3.53744891703556E-15,0.));
#10017=DIRECTION('center_axis',(0.,0.,1.));
#10018=DIRECTION('ref_axis',(3.70074341541719E-15,1.,0.));
#10019=DIRECTION('',(0.,-1.,0.));
#10020=DIRECTION('center_axis',(0.,0.,1.));
#10021=DIRECTION('ref_axis',(3.70074341541719E-15,-1.,0.));
#10022=DIRECTION('',(-1.,-3.55271367880051E-15,0.));
#10023=DIRECTION('center_axis',(0.,0.,1.));
#10024=DIRECTION('ref_axis',(-0.707106781186541,-0.707106781186554,0.));
#10025=DIRECTION('',(-1.22124532708767E-14,1.,0.));
#10026=DIRECTION('',(-0.68485183271932,0.728682350013357,0.));
#10027=DIRECTION('',(-0.514495755427733,-0.85749292571242,0.));
#10028=DIRECTION('',(-0.230466383879257,-0.973080287489999,0.));
#10029=DIRECTION('center_axis',(0.,0.,-1.));
#10030=DIRECTION('ref_axis',(0.116016620596731,0.993247272206329,0.));
#10031=DIRECTION('',(-7.99360577730113E-15,-1.,0.));
#10032=DIRECTION('center_axis',(0.,0.,1.));
#10033=DIRECTION('ref_axis',(0.707106781186455,-0.70710678118664,0.));
#10034=DIRECTION('',(-1.,2.54019028034236E-13,0.));
#10035=DIRECTION('center_axis',(0.,0.,1.));
#10036=DIRECTION('ref_axis',(-0.707106781186654,-0.707106781186441,0.));
#10037=DIRECTION('',(5.24025267623221E-14,1.,0.));
#10038=DIRECTION('',(-0.697616683154625,0.716471188104825,0.));
#10039=DIRECTION('',(-0.554700196225232,-0.832050294337842,0.));
#10040=DIRECTION('',(-0.554700196225226,0.832050294337846,0.));
#10041=DIRECTION('',(-0.528301886792482,-0.849056603773567,0.));
#10042=DIRECTION('',(-1.57207580286922E-13,-1.,0.));
#10043=DIRECTION('center_axis',(0.,0.,1.));
#10044=DIRECTION('ref_axis',(0.707106781186527,-0.707106781186568,0.));
#10045=DIRECTION('',(-1.,-8.70414851306124E-14,0.));
#10046=DIRECTION('center_axis',(0.,0.,1.));
#10047=DIRECTION('ref_axis',(-0.707106781186514,-0.707106781186581,0.));
#10048=DIRECTION('',(0.554700196225229,-0.832050294337844,0.));
#10049=DIRECTION('',(0.554700196225229,0.832050294337844,0.));
#10050=DIRECTION('',(-0.554700196225229,0.832050294337844,0.));
#10051=DIRECTION('',(-0.554700196225229,-0.832050294337844,0.));
#10052=DIRECTION('center_axis',(0.,0.,1.));
#10053=DIRECTION('ref_axis',(-1.,7.24296961222434E-15,0.));
#10054=DIRECTION('center_axis',(0.,0.,1.));
#10055=DIRECTION('ref_axis',(-1.,7.24296961222434E-15,0.));
#10056=DIRECTION('center_axis',(0.,0.,1.));
#10057=DIRECTION('ref_axis',(-1.,7.24296961222434E-15,0.));
#10058=DIRECTION('',(0.514495755427527,0.857492925712544,0.));
#10059=DIRECTION('',(-0.514495755427527,0.857492925712544,0.));
#10060=DIRECTION('',(-0.514495755427527,-0.857492925712544,0.));
#10061=DIRECTION('',(0.514495755427527,-0.857492925712544,0.));
#10062=DIRECTION('center_axis',(0.,0.,1.));
#10063=DIRECTION('ref_axis',(1.,0.,0.));
#10064=DIRECTION('center_axis',(0.,0.,1.));
#10065=DIRECTION('ref_axis',(1.,0.,0.));
#10066=DIRECTION('center_axis',(0.,0.,1.));
#10067=DIRECTION('ref_axis',(1.,0.,0.));
#10068=DIRECTION('center_axis',(0.,0.,1.));
#10069=DIRECTION('ref_axis',(3.70074341541719E-15,-1.,0.));
#10070=DIRECTION('',(0.,0.,1.));
#10071=DIRECTION('',(0.,0.,-1.));
#10072=DIRECTION('center_axis',(1.,-3.95506895823197E-18,0.));
#10073=DIRECTION('ref_axis',(-3.95506895823197E-18,-1.,0.));
#10074=DIRECTION('',(0.,0.,-1.));
#10075=DIRECTION('center_axis',(0.,0.,-1.));
#10076=DIRECTION('ref_axis',(3.70074341541719E-15,1.,0.));
#10077=DIRECTION('',(0.,0.,1.));
#10078=DIRECTION('center_axis',(0.,0.,1.));
#10079=DIRECTION('ref_axis',(1.,0.,0.));
#10080=DIRECTION('',(0.,0.,1.));
#10081=DIRECTION('center_axis',(0.,0.,1.));
#10082=DIRECTION('ref_axis',(1.,0.,0.));
#10083=DIRECTION('center_axis',(0.,0.,-1.));
#10084=DIRECTION('ref_axis',(1.,0.,0.));
#10085=DIRECTION('center_axis',(0.,0.,-1.));
#10086=DIRECTION('ref_axis',(-1.,0.,0.));
#10087=DIRECTION('center_axis',(0.,0.,1.));
#10088=DIRECTION('ref_axis',(1.,0.,0.));
#10089=DIRECTION('',(0.,0.,1.));
#10090=DIRECTION('center_axis',(0.,0.,1.));
#10091=DIRECTION('ref_axis',(1.,0.,0.));
#10092=DIRECTION('center_axis',(0.,0.,-1.));
#10093=DIRECTION('ref_axis',(1.,0.,0.));
#10094=DIRECTION('center_axis',(0.,0.,-1.));
#10095=DIRECTION('ref_axis',(-1.,0.,0.));
#10096=DIRECTION('center_axis',(0.,0.,-1.));
#10097=DIRECTION('ref_axis',(-1.,0.,0.));
#10098=DIRECTION('center_axis',(0.,0.,1.));
#10099=DIRECTION('ref_axis',(-1.,0.,0.));
#10100=DIRECTION('',(0.,0.,-1.));
#10101=DIRECTION('center_axis',(0.,0.,-1.));
#10102=DIRECTION('ref_axis',(-1.,0.,0.));
#10103=DIRECTION('center_axis',(0.,0.,1.));
#10104=DIRECTION('ref_axis',(-1.,0.,0.));
#10105=DIRECTION('',(0.,0.,-1.));
#10106=DIRECTION('center_axis',(0.,0.,-1.));
#10107=DIRECTION('ref_axis',(-1.,0.,0.));
#10108=DIRECTION('',(0.,0.,-1.));
#10109=DIRECTION('center_axis',(0.,0.,-1.));
#10110=DIRECTION('ref_axis',(-1.,0.,0.));
#10111=DIRECTION('center_axis',(0.,0.,1.));
#10112=DIRECTION('ref_axis',(-1.,0.,0.));
#10113=DIRECTION('center_axis',(0.,0.,-1.));
#10114=DIRECTION('ref_axis',(-1.,0.,0.));
#10115=DIRECTION('',(0.,0.,-1.));
#10116=DIRECTION('center_axis',(0.,0.,-1.));
#10117=DIRECTION('ref_axis',(-1.,0.,0.));
#10118=DIRECTION('center_axis',(0.,0.,1.));
#10119=DIRECTION('ref_axis',(-1.,0.,0.));
#10120=DIRECTION('center_axis',(0.,0.,1.));
#10121=DIRECTION('ref_axis',(1.,0.,0.));
#10122=DIRECTION('',(0.,0.,1.));
#10123=DIRECTION('center_axis',(0.,0.,1.));
#10124=DIRECTION('ref_axis',(1.,0.,0.));
#10125=DIRECTION('center_axis',(0.,0.,-1.));
#10126=DIRECTION('ref_axis',(1.,0.,0.));
#10127=DIRECTION('center_axis',(0.,0.,-1.));
#10128=DIRECTION('ref_axis',(-1.,0.,0.));
#10129=DIRECTION('center_axis',(0.,0.,-1.));
#10130=DIRECTION('ref_axis',(-1.,0.,0.));
#10131=DIRECTION('center_axis',(0.,0.,1.));
#10132=DIRECTION('ref_axis',(-1.,0.,0.));
#10133=DIRECTION('',(0.,0.,-1.));
#10134=DIRECTION('center_axis',(0.,0.,-1.));
#10135=DIRECTION('ref_axis',(-1.,0.,0.));
#10136=DIRECTION('',(0.,0.,-1.));
#10137=DIRECTION('center_axis',(0.,0.,-1.));
#10138=DIRECTION('ref_axis',(-1.,0.,0.));
#10139=DIRECTION('center_axis',(0.,0.,1.));
#10140=DIRECTION('ref_axis',(-1.,0.,0.));
#10141=DIRECTION('center_axis',(-0.519777698189051,-0.346518465459367,-0.780868809443032));
#10142=DIRECTION('ref_axis',(-0.832444444191471,1.66533453693774E-16,0.554108515847531));
#10143=DIRECTION('',(-0.649722122736319,-0.433148081824211,0.624695047554419));
#10144=DIRECTION('',(-0.554700196225229,0.832050294337844,0.));
#10145=DIRECTION('',(0.649722122736316,0.433148081824212,-0.624695047554422));
#10146=DIRECTION('',(-0.649722122736312,0.433148081824212,-0.624695047554426));
#10147=DIRECTION('',(-0.649722122736318,0.433148081824204,0.624695047554425));
#10148=DIRECTION('center_axis',(0.519777698189051,-0.346518465459368,-0.780868809443031));
#10149=DIRECTION('ref_axis',(-0.832444444191471,-1.11022302462516E-16,-0.554108515847531));
#10150=DIRECTION('',(-0.554700196225229,-0.832050294337844,0.));
#10151=DIRECTION('',(-0.649722122736313,0.433148081824209,-0.624695047554427));
#10152=DIRECTION('center_axis',(-0.51977769818905,0.346518465459367,-0.780868809443032));
#10153=DIRECTION('ref_axis',(-0.832444444191471,1.11022302462516E-16,0.55410851584753));
#10154=DIRECTION('',(-0.649722122736316,0.433148081824211,0.624695047554422));
#10155=DIRECTION('',(0.554700196225229,0.832050294337844,0.));
#10156=DIRECTION('',(-0.64972212273631,-0.433148081824217,-0.624695047554424));
#10157=DIRECTION('',(0.649722122736312,0.433148081824212,0.624695047554426));
#10158=DIRECTION('center_axis',(0.51977769818905,0.346518465459367,-0.780868809443032));
#10159=DIRECTION('ref_axis',(-0.832444444191471,-1.11022302462516E-16,-0.55410851584753));
#10160=DIRECTION('',(0.554700196225229,-0.832050294337844,0.));
#10161=DIRECTION('',(0.,0.,1.));
#10162=DIRECTION('',(0.,0.,-1.));
#10163=DIRECTION('center_axis',(-0.832050294337843,0.554700196225229,0.));
#10164=DIRECTION('ref_axis',(0.554700196225229,0.832050294337844,0.));
#10165=DIRECTION('',(0.,0.,-1.));
#10166=DIRECTION('',(0.,0.,1.));
#10167=DIRECTION('center_axis',(0.832050294337843,0.554700196225229,0.));
#10168=DIRECTION('ref_axis',(0.554700196225229,-0.832050294337844,0.));
#10169=DIRECTION('',(0.,0.,-1.));
#10170=DIRECTION('',(-0.669589480006977,-0.401753688004183,0.624695047554424));
#10171=DIRECTION('',(-0.669589480006974,0.401753688004187,-0.624695047554425));
#10172=DIRECTION('center_axis',(0.535671584005579,-0.321402950403348,-0.780868809443031));
#10173=DIRECTION('ref_axis',(-0.824621125123533,2.77555756156289E-17,-0.565685424949237));
#10174=DIRECTION('',(-0.514495755427527,-0.857492925712544,0.));
#10175=DIRECTION('',(-0.669589480006975,0.401753688004189,-0.624695047554422));
#10176=DIRECTION('center_axis',(-0.535671584005577,-0.321402950403346,-0.780868809443033));
#10177=DIRECTION('ref_axis',(-0.824621125123535,1.66533453693773E-16,0.565685424949234));
#10178=DIRECTION('',(-0.669589480006978,-0.401753688004187,0.624695047554419));
#10179=DIRECTION('',(-0.514495755427527,0.857492925712544,0.));
#10180=DIRECTION('',(-0.669589480006977,-0.401753688004183,-0.624695047554424));
#10181=DIRECTION('',(-0.669589480006974,0.401753688004187,0.624695047554425));
#10182=DIRECTION('center_axis',(0.535671584005579,0.321402950403348,-0.780868809443031));
#10183=DIRECTION('ref_axis',(-0.824621125123533,-2.77555756156289E-17,-0.565685424949237));
#10184=DIRECTION('',(-0.669589480006976,-0.401753688004185,-0.624695047554423));
#10185=DIRECTION('',(0.514495755427527,-0.857492925712544,0.));
#10186=DIRECTION('center_axis',(-0.535671584005579,0.321402950403348,-0.780868809443031));
#10187=DIRECTION('ref_axis',(-0.824621125123533,2.77555756156289E-17,0.565685424949237));
#10188=DIRECTION('',(-0.669589480006977,0.401753688004183,0.624695047554424));
#10189=DIRECTION('',(0.514495755427527,0.857492925712544,0.));
#10190=DIRECTION('center_axis',(0.857492925712544,0.514495755427527,0.));
#10191=DIRECTION('ref_axis',(0.514495755427527,-0.857492925712544,0.));
#10192=DIRECTION('',(0.,0.,-1.));
#10193=DIRECTION('',(0.,0.,1.));
#10194=DIRECTION('',(0.,0.,1.));
#10195=DIRECTION('center_axis',(-0.857492925712544,0.514495755427527,0.));
#10196=DIRECTION('ref_axis',(0.514495755427527,0.857492925712544,0.));
#10197=DIRECTION('',(0.,0.,-1.));
#10198=DIRECTION('',(0.,0.,1.));
#10199=DIRECTION('center_axis',(0.,0.,-1.));
#10200=DIRECTION('ref_axis',(-0.707106781186514,-0.707106781186581,0.));
#10201=DIRECTION('',(0.,0.,1.));
#10202=DIRECTION('',(0.,0.,-1.));
#10203=DIRECTION('center_axis',(8.70414851306124E-14,-1.,0.));
#10204=DIRECTION('ref_axis',(-1.,-8.70414851306124E-14,0.));
#10205=DIRECTION('',(0.,0.,-1.));
#10206=DIRECTION('center_axis',(0.,0.,-1.));
#10207=DIRECTION('ref_axis',(0.707106781186527,-0.707106781186568,0.));
#10208=DIRECTION('',(0.,0.,1.));
#10209=DIRECTION('center_axis',(-1.,5.24025267623221E-14,0.));
#10210=DIRECTION('ref_axis',(5.24025267623221E-14,1.,0.));
#10211=DIRECTION('',(0.,0.,1.));
#10212=DIRECTION('',(0.,0.,-1.));
#10213=DIRECTION('center_axis',(0.,0.,-1.));
#10214=DIRECTION('ref_axis',(-0.707106781186654,-0.707106781186441,0.));
#10215=DIRECTION('',(0.,0.,1.));
#10216=DIRECTION('center_axis',(-2.54019028034236E-13,-1.,0.));
#10217=DIRECTION('ref_axis',(-1.,2.54019028034236E-13,0.));
#10218=DIRECTION('',(0.,0.,-1.));
#10219=DIRECTION('center_axis',(0.,0.,-1.));
#10220=DIRECTION('ref_axis',(0.707106781186455,-0.70710678118664,0.));
#10221=DIRECTION('',(0.,0.,1.));
#10222=DIRECTION('center_axis',(-1.,-1.22124532708767E-14,0.));
#10223=DIRECTION('ref_axis',(-1.22124532708767E-14,1.,0.));
#10224=DIRECTION('',(0.,0.,1.));
#10225=DIRECTION('',(0.,0.,-1.));
#10226=DIRECTION('center_axis',(0.,0.,-1.));
#10227=DIRECTION('ref_axis',(-0.707106781186541,-0.707106781186554,0.));
#10228=DIRECTION('',(0.,0.,1.));
#10229=DIRECTION('center_axis',(3.55271367880051E-15,-1.,0.));
#10230=DIRECTION('ref_axis',(-1.,-3.55271367880051E-15,0.));
#10231=DIRECTION('center_axis',(-0.728682350013357,-0.68485183271932,0.));
#10232=DIRECTION('ref_axis',(-0.68485183271932,0.728682350013357,0.));
#10233=DIRECTION('',(0.,0.,1.));
#10234=DIRECTION('',(0.,0.,-1.));
#10235=DIRECTION('center_axis',(1.,-7.99360577730113E-15,0.));
#10236=DIRECTION('ref_axis',(-7.99360577730113E-15,-1.,0.));
#10237=DIRECTION('',(0.,0.,-1.));
#10238=DIRECTION('',(0.,0.,1.));
#10239=DIRECTION('center_axis',(-0.716471188104825,-0.697616683154625,0.));
#10240=DIRECTION('ref_axis',(-0.697616683154625,0.716471188104825,0.));
#10241=DIRECTION('',(0.,0.,1.));
#10242=DIRECTION('',(0.,0.,-1.));
#10243=DIRECTION('center_axis',(1.,-1.57207580286922E-13,0.));
#10244=DIRECTION('ref_axis',(-1.57207580286922E-13,-1.,0.));
#10245=DIRECTION('',(0.,0.,-1.));
#10246=DIRECTION('',(0.,0.,1.));
#10247=DIRECTION('center_axis',(-0.832050294337843,0.554700196225229,0.));
#10248=DIRECTION('ref_axis',(0.554700196225229,0.832050294337844,0.));
#10249=DIRECTION('',(0.,0.,-1.));
#10250=DIRECTION('',(0.,0.,1.));
#10251=DIRECTION('',(0.,0.,1.));
#10252=DIRECTION('center_axis',(-0.857492925712544,0.514495755427527,0.));
#10253=DIRECTION('ref_axis',(0.514495755427527,0.857492925712544,0.));
#10254=DIRECTION('',(0.,0.,-1.));
#10255=DIRECTION('',(0.,0.,1.));
#10256=DIRECTION('center_axis',(-0.832050294337846,-0.554700196225226,0.));
#10257=DIRECTION('ref_axis',(-0.554700196225226,0.832050294337846,0.));
#10258=DIRECTION('',(0.,0.,1.));
#10259=DIRECTION('',(0.,0.,-1.));
#10260=DIRECTION('',(0.,0.,1.));
#10261=DIRECTION('',(0.,0.,1.));
#10262=DIRECTION('',(0.,0.,1.));
#10263=DIRECTION('center_axis',(0.857492925712421,-0.514495755427733,0.));
#10264=DIRECTION('ref_axis',(-0.514495755427733,-0.85749292571242,0.));
#10265=DIRECTION('',(0.,0.,-1.));
#10266=DIRECTION('center_axis',(0.832050294337842,-0.554700196225232,0.));
#10267=DIRECTION('ref_axis',(-0.554700196225232,-0.832050294337842,0.));
#10268=DIRECTION('',(0.,0.,-1.));
#10269=DIRECTION('center_axis',(0.849056603773567,-0.528301886792482,0.));
#10270=DIRECTION('ref_axis',(-0.528301886792482,-0.849056603773567,0.));
#10271=DIRECTION('',(0.,0.,-1.));
#10272=DIRECTION('center_axis',(0.973080287489999,-0.230466383879257,0.));
#10273=DIRECTION('ref_axis',(-0.230466383879257,-0.973080287489999,0.));
#10274=DIRECTION('',(0.,0.,-1.));
#10275=DIRECTION('center_axis',(-1.,-8.00887053906608E-15,0.));
#10276=DIRECTION('ref_axis',(-8.00887053906608E-15,1.,0.));
#10277=DIRECTION('',(0.,0.,1.));
#10278=DIRECTION('',(0.,0.,-1.));
#10279=DIRECTION('center_axis',(-1.,-1.57222845048687E-13,0.));
#10280=DIRECTION('ref_axis',(-1.57222845048687E-13,1.,0.));
#10281=DIRECTION('',(0.,0.,1.));
#10282=DIRECTION('',(0.,0.,-1.));
#10283=DIRECTION('center_axis',(0.,0.,-1.));
#10284=DIRECTION('ref_axis',(-0.707106781186516,0.707106781186579,0.));
#10285=DIRECTION('',(0.,0.,1.));
#10286=DIRECTION('',(0.,0.,-1.));
#10287=DIRECTION('center_axis',(-8.70262203688475E-14,-1.,0.));
#10288=DIRECTION('ref_axis',(-1.,8.70262203688475E-14,0.));
#10289=DIRECTION('',(0.,0.,1.));
#10290=DIRECTION('center_axis',(0.,0.,-1.));
#10291=DIRECTION('ref_axis',(0.707106781186527,0.707106781186568,0.));
#10292=DIRECTION('center_axis',(0.,0.,-1.));
#10293=DIRECTION('ref_axis',(-0.707106781186654,0.707106781186441,0.));
#10294=DIRECTION('',(0.,0.,1.));
#10295=DIRECTION('',(0.,0.,-1.));
#10296=DIRECTION('center_axis',(2.54034292796001E-13,-1.,0.));
#10297=DIRECTION('ref_axis',(-1.,-2.54034292796001E-13,0.));
#10298=DIRECTION('',(0.,0.,1.));
#10299=DIRECTION('center_axis',(0.,0.,-1.));
#10300=DIRECTION('ref_axis',(0.707106781186458,0.707106781186638,0.));
#10301=DIRECTION('center_axis',(0.,0.,-1.));
#10302=DIRECTION('ref_axis',(-0.707106781186541,0.707106781186554,0.));
#10303=DIRECTION('',(0.,0.,1.));
#10304=DIRECTION('',(0.,0.,-1.));
#10305=DIRECTION('center_axis',(-3.53744891703556E-15,-1.,0.));
#10306=DIRECTION('ref_axis',(-1.,3.53744891703556E-15,0.));
#10307=DIRECTION('center_axis',(1.,-1.21971885091117E-14,0.));
#10308=DIRECTION('ref_axis',(-1.21971885091117E-14,-1.,0.));
#10309=DIRECTION('',(0.,0.,-1.));
#10310=DIRECTION('',(0.,0.,1.));
#10311=DIRECTION('center_axis',(-0.973080287489999,-0.230466383879257,0.));
#10312=DIRECTION('ref_axis',(-0.230466383879257,0.973080287489999,0.));
#10313=DIRECTION('',(0.,0.,1.));
#10314=DIRECTION('',(0.,0.,-1.));
#10315=DIRECTION('center_axis',(1.,5.2417791524087E-14,0.));
#10316=DIRECTION('ref_axis',(5.2417791524087E-14,-1.,0.));
#10317=DIRECTION('',(0.,0.,-1.));
#10318=DIRECTION('',(0.,0.,1.));
#10319=DIRECTION('center_axis',(-0.849056603773567,-0.528301886792482,0.));
#10320=DIRECTION('ref_axis',(-0.528301886792482,0.849056603773567,0.));
#10321=DIRECTION('',(0.,0.,1.));
#10322=DIRECTION('',(0.,0.,-1.));
#10323=DIRECTION('center_axis',(1.,1.52647617649515E-17,0.));
#10324=DIRECTION('ref_axis',(1.52647617649515E-17,-1.,0.));
#10325=DIRECTION('',(0.,0.,1.));
#10326=DIRECTION('',(0.,9.99200722162641E-15,-1.));
#10327=DIRECTION('center_axis',(0.728682350013357,-0.68485183271932,0.));
#10328=DIRECTION('ref_axis',(-0.68485183271932,-0.728682350013357,0.));
#10329=DIRECTION('',(0.,0.,-1.));
#10330=DIRECTION('',(0.,0.,1.));
#10331=DIRECTION('center_axis',(0.716471188104825,-0.697616683154625,0.));
#10332=DIRECTION('ref_axis',(-0.697616683154625,-0.716471188104825,0.));
#10333=DIRECTION('',(0.,0.,-1.));
#10334=DIRECTION('',(0.,0.,1.));
#10335=DIRECTION('',(0.,0.,-1.));
#10336=DIRECTION('',(0.,0.,-1.));
#10337=DIRECTION('',(0.,0.,-1.));
#10338=DIRECTION('center_axis',(0.857492925712544,0.514495755427527,0.));
#10339=DIRECTION('ref_axis',(0.514495755427527,-0.857492925712544,0.));
#10340=DIRECTION('',(0.,0.,-1.));
#10341=DIRECTION('center_axis',(1.05097384824361E-43,2.9582283945788E-29,
-1.));
#10342=DIRECTION('ref_axis',(-1.,0.,-1.05097384824361E-43));
#10343=DIRECTION('center_axis',(-1.05097384824361E-43,-2.9582283945788E-29,
1.));
#10344=DIRECTION('ref_axis',(1.,-3.10902067983401E-72,1.05097384824361E-43));
#10345=DIRECTION('center_axis',(-1.05097384824361E-43,-2.9582283945788E-29,
1.));
#10346=DIRECTION('ref_axis',(1.,-3.10902067983401E-72,1.05097384824361E-43));
#10347=DIRECTION('center_axis',(-1.05097384824361E-43,-2.9582283945788E-29,
1.));
#10348=DIRECTION('ref_axis',(-1.,7.24296961222434E-15,1.09166198855173E-43));
#10349=DIRECTION('center_axis',(-1.05097384824361E-43,-2.9582283945788E-29,
1.));
#10350=DIRECTION('ref_axis',(1.,-3.10902067983401E-72,1.05097384824361E-43));
#10351=DIRECTION('',(-1.05097384824361E-43,-2.9582283945788E-29,1.));
#10352=DIRECTION('center_axis',(-1.05097384824361E-43,-2.9582283945788E-29,
1.));
#10353=DIRECTION('ref_axis',(1.,0.,1.05097384824361E-43));
#10354=DIRECTION('center_axis',(-1.05097384824361E-43,-2.9582283945788E-29,
1.));
#10355=DIRECTION('ref_axis',(1.,-3.10902067983401E-72,1.05097384824361E-43));
#10356=DIRECTION('center_axis',(-1.05097384824361E-43,-2.9582283945788E-29,
1.));
#10357=DIRECTION('ref_axis',(-1.,7.24296961222434E-15,1.09166198855173E-43));
#10358=DIRECTION('',(-1.05097384824361E-43,-2.9582283945788E-29,1.));
#10359=DIRECTION('center_axis',(-1.05097384824361E-43,-2.9582283945788E-29,
1.));
#10360=DIRECTION('ref_axis',(-1.,7.24296961222434E-15,1.09166198855173E-43));
#10361=DIRECTION('',(-1.05097384824361E-43,-2.9582283945788E-29,1.));
#10362=DIRECTION('center_axis',(1.05097384824361E-43,2.9582283945788E-29,
-1.));
#10363=DIRECTION('ref_axis',(-1.,0.,-1.05097384824361E-43));
#10364=DIRECTION('center_axis',(-1.05097384824361E-43,-2.9582283945788E-29,
1.));
#10365=DIRECTION('ref_axis',(1.,-3.10902067983401E-72,1.05097384824361E-43));
#10366=DIRECTION('center_axis',(-1.05097384824361E-43,-2.9582283945788E-29,
1.));
#10367=DIRECTION('ref_axis',(1.,-3.10902067983401E-72,1.05097384824361E-43));
#10368=DIRECTION('center_axis',(-1.05097384824361E-43,-2.9582283945788E-29,
1.));
#10369=DIRECTION('ref_axis',(-1.,7.24296961222434E-15,1.09166198855173E-43));
#10370=DIRECTION('center_axis',(-1.05097384824361E-43,-2.9582283945788E-29,
1.));
#10371=DIRECTION('ref_axis',(1.,-3.10902067983401E-72,1.05097384824361E-43));
#10372=DIRECTION('',(-1.05097384824361E-43,-2.9582283945788E-29,1.));
#10373=DIRECTION('center_axis',(-1.05097384824361E-43,-2.9582283945788E-29,
1.));
#10374=DIRECTION('ref_axis',(1.,0.,1.05097384824361E-43));
#10375=DIRECTION('center_axis',(-1.05097384824361E-43,-2.9582283945788E-29,
1.));
#10376=DIRECTION('ref_axis',(1.,-3.10902067983401E-72,1.05097384824361E-43));
#10377=DIRECTION('center_axis',(-1.05097384824361E-43,-2.9582283945788E-29,
1.));
#10378=DIRECTION('ref_axis',(-1.,7.24296961222434E-15,1.09166198855173E-43));
#10379=DIRECTION('',(-1.05097384824361E-43,-2.9582283945788E-29,1.));
#10380=DIRECTION('center_axis',(-1.05097384824361E-43,-2.9582283945788E-29,
1.));
#10381=DIRECTION('ref_axis',(-1.,7.24296961222434E-15,1.09166198855173E-43));
#10382=DIRECTION('',(-1.05097384824361E-43,-2.9582283945788E-29,1.));
#10383=DIRECTION('center_axis',(1.05097384824361E-43,2.9582283945788E-29,
-1.));
#10384=DIRECTION('ref_axis',(-1.,0.,-1.05097384824361E-43));
#10385=DIRECTION('center_axis',(-1.05097384824361E-43,-2.9582283945788E-29,
1.));
#10386=DIRECTION('ref_axis',(1.,-3.10902067983401E-72,1.05097384824361E-43));
#10387=DIRECTION('center_axis',(-1.05097384824361E-43,-2.9582283945788E-29,
1.));
#10388=DIRECTION('ref_axis',(1.,-3.10902067983401E-72,1.05097384824361E-43));
#10389=DIRECTION('center_axis',(-1.05097384824361E-43,-2.9582283945788E-29,
1.));
#10390=DIRECTION('ref_axis',(-1.,7.24296961222434E-15,1.09166198855173E-43));
#10391=DIRECTION('center_axis',(-1.05097384824361E-43,-2.9582283945788E-29,
1.));
#10392=DIRECTION('ref_axis',(1.,-3.10902067983401E-72,1.05097384824361E-43));
#10393=DIRECTION('',(-1.05097384824361E-43,-2.9582283945788E-29,1.));
#10394=DIRECTION('center_axis',(-1.05097384824361E-43,-2.9582283945788E-29,
1.));
#10395=DIRECTION('ref_axis',(1.,0.,1.05097384824361E-43));
#10396=DIRECTION('center_axis',(-1.05097384824361E-43,-2.9582283945788E-29,
1.));
#10397=DIRECTION('ref_axis',(1.,-3.10902067983401E-72,1.05097384824361E-43));
#10398=DIRECTION('center_axis',(-1.05097384824361E-43,-2.9582283945788E-29,
1.));
#10399=DIRECTION('ref_axis',(-1.,7.24296961222434E-15,1.09166198855173E-43));
#10400=DIRECTION('',(-1.05097384824361E-43,-2.9582283945788E-29,1.));
#10401=DIRECTION('center_axis',(-1.05097384824361E-43,-2.9582283945788E-29,
1.));
#10402=DIRECTION('ref_axis',(-1.,7.24296961222434E-15,1.09166198855173E-43));
#10403=DIRECTION('',(-1.05097384824361E-43,-2.9582283945788E-29,1.));
#10404=DIRECTION('center_axis',(-0.857492925712421,-0.514495755427733,0.));
#10405=DIRECTION('ref_axis',(-0.514495755427733,0.85749292571242,0.));
#10406=DIRECTION('center_axis',(-0.832050294337842,-0.554700196225232,0.));
#10407=DIRECTION('ref_axis',(-0.554700196225232,0.832050294337842,0.));
#10408=DIRECTION('center_axis',(0.832050294337846,-0.554700196225226,0.));
#10409=DIRECTION('ref_axis',(-0.554700196225226,-0.832050294337846,0.));
#10410=DIRECTION('center_axis',(0.832050294337843,0.554700196225229,0.));
#10411=DIRECTION('ref_axis',(0.554700196225229,-0.832050294337844,0.));
#10412=DIRECTION('center_axis',(0.,0.,1.));
#10413=DIRECTION('ref_axis',(1.,0.,0.));
#10414=DIRECTION('center_axis',(0.,0.,-1.));
#10415=DIRECTION('ref_axis',(1.,0.,0.));
#10416=DIRECTION('center_axis',(0.,0.,1.));
#10417=DIRECTION('ref_axis',(1.,0.,0.));
#10418=DIRECTION('center_axis',(0.,0.,1.));
#10419=DIRECTION('ref_axis',(1.,0.,0.));
#10420=DIRECTION('',(0.,0.,-1.));
#10421=DIRECTION('center_axis',(0.,0.,-1.));
#10422=DIRECTION('ref_axis',(-1.,0.,0.));
#10423=DIRECTION('center_axis',(0.,0.,1.));
#10424=DIRECTION('ref_axis',(1.,0.,0.));
#10425=DIRECTION('center_axis',(0.,0.,1.));
#10426=DIRECTION('ref_axis',(1.,0.,0.));
#10427=DIRECTION('center_axis',(0.,0.,1.));
#10428=DIRECTION('ref_axis',(1.,0.,0.));
#10429=DIRECTION('',(0.,0.,-1.));
#10430=DIRECTION('center_axis',(0.,0.,-1.));
#10431=DIRECTION('ref_axis',(-1.,0.,0.));
#10432=DIRECTION('center_axis',(0.,0.,1.));
#10433=DIRECTION('ref_axis',(1.,0.,0.));
#10434=DIRECTION('center_axis',(0.,0.,1.));
#10435=DIRECTION('ref_axis',(1.,0.,0.));
#10436=DIRECTION('center_axis',(0.,0.,1.));
#10437=DIRECTION('ref_axis',(1.,0.,0.));
#10438=DIRECTION('',(0.,0.,-1.));
#10439=DIRECTION('center_axis',(0.,0.,-1.));
#10440=DIRECTION('ref_axis',(-1.,0.,0.));
#10441=DIRECTION('center_axis',(0.,0.,1.));
#10442=DIRECTION('ref_axis',(1.,0.,0.));
#10443=DIRECTION('center_axis',(0.,0.,1.));
#10444=DIRECTION('ref_axis',(1.,0.,0.));
#10445=DIRECTION('center_axis',(0.,0.,1.));
#10446=DIRECTION('ref_axis',(1.,0.,0.));
#10447=DIRECTION('',(0.,0.,-1.));
#10448=DIRECTION('center_axis',(0.,0.,1.));
#10449=DIRECTION('ref_axis',(1.,0.,0.));
#10450=DIRECTION('center_axis',(0.,0.,1.));
#10451=DIRECTION('ref_axis',(1.,0.,0.));
#10452=DIRECTION('center_axis',(0.,0.,-1.));
#10453=DIRECTION('ref_axis',(1.,0.,0.));
#10454=DIRECTION('center_axis',(0.,0.,1.));
#10455=DIRECTION('ref_axis',(1.,0.,0.));
#10456=DIRECTION('center_axis',(0.,0.,1.));
#10457=DIRECTION('ref_axis',(1.,0.,0.));
#10458=DIRECTION('',(0.,0.,-1.));
#10459=DIRECTION('center_axis',(0.,0.,-1.));
#10460=DIRECTION('ref_axis',(-1.,0.,0.));
#10461=DIRECTION('center_axis',(0.,0.,1.));
#10462=DIRECTION('ref_axis',(1.,0.,0.));
#10463=DIRECTION('center_axis',(0.,0.,1.));
#10464=DIRECTION('ref_axis',(1.,0.,0.));
#10465=DIRECTION('center_axis',(0.,0.,1.));
#10466=DIRECTION('ref_axis',(1.,0.,0.));
#10467=DIRECTION('',(0.,0.,-1.));
#10468=DIRECTION('center_axis',(0.,0.,-1.));
#10469=DIRECTION('ref_axis',(-1.,0.,0.));
#10470=DIRECTION('center_axis',(0.,0.,1.));
#10471=DIRECTION('ref_axis',(1.,0.,0.));
#10472=DIRECTION('center_axis',(0.,0.,1.));
#10473=DIRECTION('ref_axis',(1.,0.,0.));
#10474=DIRECTION('center_axis',(0.,0.,1.));
#10475=DIRECTION('ref_axis',(1.,0.,0.));
#10476=DIRECTION('',(0.,0.,-1.));
#10477=DIRECTION('center_axis',(0.,0.,-1.));
#10478=DIRECTION('ref_axis',(-1.,0.,0.));
#10479=DIRECTION('center_axis',(0.,0.,1.));
#10480=DIRECTION('ref_axis',(1.,0.,0.));
#10481=DIRECTION('center_axis',(0.,0.,1.));
#10482=DIRECTION('ref_axis',(1.,0.,0.));
#10483=DIRECTION('center_axis',(0.,0.,1.));
#10484=DIRECTION('ref_axis',(1.,0.,0.));
#10485=DIRECTION('',(0.,0.,-1.));
#10486=DIRECTION('center_axis',(0.,0.,1.));
#10487=DIRECTION('ref_axis',(1.,0.,0.));
#10488=DIRECTION('center_axis',(0.,0.,1.));
#10489=DIRECTION('ref_axis',(1.,0.,0.));
#10490=DIRECTION('center_axis',(0.,0.,-1.));
#10491=DIRECTION('ref_axis',(1.,0.,0.));
#10492=DIRECTION('center_axis',(0.,0.,1.));
#10493=DIRECTION('ref_axis',(1.,0.,0.));
#10494=DIRECTION('center_axis',(0.,0.,1.));
#10495=DIRECTION('ref_axis',(1.,0.,0.));
#10496=DIRECTION('',(0.,0.,-1.));
#10497=DIRECTION('center_axis',(0.,0.,-1.));
#10498=DIRECTION('ref_axis',(-1.,0.,0.));
#10499=DIRECTION('center_axis',(0.,0.,1.));
#10500=DIRECTION('ref_axis',(1.,0.,0.));
#10501=DIRECTION('center_axis',(0.,0.,1.));
#10502=DIRECTION('ref_axis',(1.,0.,0.));
#10503=DIRECTION('center_axis',(0.,0.,1.));
#10504=DIRECTION('ref_axis',(1.,0.,0.));
#10505=DIRECTION('',(0.,0.,-1.));
#10506=DIRECTION('center_axis',(0.,0.,-1.));
#10507=DIRECTION('ref_axis',(-1.,0.,0.));
#10508=DIRECTION('center_axis',(0.,0.,1.));
#10509=DIRECTION('ref_axis',(1.,0.,0.));
#10510=DIRECTION('center_axis',(0.,0.,1.));
#10511=DIRECTION('ref_axis',(1.,0.,0.));
#10512=DIRECTION('center_axis',(0.,0.,1.));
#10513=DIRECTION('ref_axis',(1.,0.,0.));
#10514=DIRECTION('',(0.,0.,-1.));
#10515=DIRECTION('center_axis',(0.,0.,-1.));
#10516=DIRECTION('ref_axis',(-1.,0.,0.));
#10517=DIRECTION('center_axis',(0.,0.,1.));
#10518=DIRECTION('ref_axis',(1.,0.,0.));
#10519=DIRECTION('center_axis',(0.,0.,1.));
#10520=DIRECTION('ref_axis',(1.,0.,0.));
#10521=DIRECTION('center_axis',(0.,0.,1.));
#10522=DIRECTION('ref_axis',(1.,0.,0.));
#10523=DIRECTION('',(0.,0.,-1.));
#10524=DIRECTION('center_axis',(0.,0.,1.));
#10525=DIRECTION('ref_axis',(1.,0.,0.));
#10526=DIRECTION('center_axis',(0.,0.,1.));
#10527=DIRECTION('ref_axis',(1.,0.,0.));
#10528=DIRECTION('center_axis',(0.,0.,-1.));
#10529=DIRECTION('ref_axis',(1.,0.,0.));
#10530=DIRECTION('center_axis',(0.,0.,1.));
#10531=DIRECTION('ref_axis',(1.,0.,0.));
#10532=DIRECTION('center_axis',(0.,0.,1.));
#10533=DIRECTION('ref_axis',(1.,0.,0.));
#10534=DIRECTION('',(0.,0.,-1.));
#10535=DIRECTION('center_axis',(0.,0.,-1.));
#10536=DIRECTION('ref_axis',(-1.,0.,0.));
#10537=DIRECTION('center_axis',(0.,0.,1.));
#10538=DIRECTION('ref_axis',(1.,0.,0.));
#10539=DIRECTION('center_axis',(0.,0.,1.));
#10540=DIRECTION('ref_axis',(1.,0.,0.));
#10541=DIRECTION('center_axis',(0.,0.,1.));
#10542=DIRECTION('ref_axis',(1.,0.,0.));
#10543=DIRECTION('',(0.,0.,-1.));
#10544=DIRECTION('center_axis',(0.,0.,-1.));
#10545=DIRECTION('ref_axis',(-1.,0.,0.));
#10546=DIRECTION('center_axis',(0.,0.,1.));
#10547=DIRECTION('ref_axis',(1.,0.,0.));
#10548=DIRECTION('center_axis',(0.,0.,1.));
#10549=DIRECTION('ref_axis',(1.,0.,0.));
#10550=DIRECTION('center_axis',(0.,0.,1.));
#10551=DIRECTION('ref_axis',(1.,0.,0.));
#10552=DIRECTION('',(0.,0.,-1.));
#10553=DIRECTION('center_axis',(0.,0.,-1.));
#10554=DIRECTION('ref_axis',(-1.,0.,0.));
#10555=DIRECTION('center_axis',(0.,0.,1.));
#10556=DIRECTION('ref_axis',(1.,0.,0.));
#10557=DIRECTION('center_axis',(0.,0.,1.));
#10558=DIRECTION('ref_axis',(1.,0.,0.));
#10559=DIRECTION('center_axis',(0.,0.,1.));
#10560=DIRECTION('ref_axis',(1.,0.,0.));
#10561=DIRECTION('',(0.,0.,-1.));
#10562=DIRECTION('center_axis',(0.,0.,1.));
#10563=DIRECTION('ref_axis',(1.,0.,0.));
#10564=DIRECTION('center_axis',(0.,0.,1.));
#10565=DIRECTION('ref_axis',(1.,0.,0.));
#10566=DIRECTION('center_axis',(0.,0.,-1.));
#10567=DIRECTION('ref_axis',(1.,0.,0.));
#10568=DIRECTION('center_axis',(0.,0.,1.));
#10569=DIRECTION('ref_axis',(1.,0.,0.));
#10570=DIRECTION('center_axis',(0.,0.,1.));
#10571=DIRECTION('ref_axis',(1.,0.,0.));
#10572=DIRECTION('',(0.,0.,-1.));
#10573=DIRECTION('center_axis',(0.,0.,-1.));
#10574=DIRECTION('ref_axis',(-1.,0.,0.));
#10575=DIRECTION('center_axis',(0.,0.,1.));
#10576=DIRECTION('ref_axis',(1.,0.,0.));
#10577=DIRECTION('center_axis',(0.,0.,1.));
#10578=DIRECTION('ref_axis',(1.,0.,0.));
#10579=DIRECTION('center_axis',(0.,0.,1.));
#10580=DIRECTION('ref_axis',(1.,0.,0.));
#10581=DIRECTION('',(0.,0.,-1.));
#10582=DIRECTION('center_axis',(0.,0.,-1.));
#10583=DIRECTION('ref_axis',(-1.,0.,0.));
#10584=DIRECTION('center_axis',(0.,0.,1.));
#10585=DIRECTION('ref_axis',(1.,0.,0.));
#10586=DIRECTION('center_axis',(0.,0.,1.));
#10587=DIRECTION('ref_axis',(1.,0.,0.));
#10588=DIRECTION('center_axis',(0.,0.,1.));
#10589=DIRECTION('ref_axis',(1.,0.,0.));
#10590=DIRECTION('',(0.,0.,-1.));
#10591=DIRECTION('center_axis',(0.,0.,-1.));
#10592=DIRECTION('ref_axis',(-1.,0.,0.));
#10593=DIRECTION('center_axis',(0.,0.,1.));
#10594=DIRECTION('ref_axis',(1.,0.,0.));
#10595=DIRECTION('center_axis',(0.,0.,1.));
#10596=DIRECTION('ref_axis',(1.,0.,0.));
#10597=DIRECTION('center_axis',(0.,0.,1.));
#10598=DIRECTION('ref_axis',(1.,0.,0.));
#10599=DIRECTION('',(0.,0.,-1.));
#10600=DIRECTION('center_axis',(0.,0.,1.));
#10601=DIRECTION('ref_axis',(1.,0.,0.));
#10602=DIRECTION('center_axis',(0.,0.,1.));
#10603=DIRECTION('ref_axis',(1.,0.,0.));
#10604=DIRECTION('center_axis',(0.,0.,-1.));
#10605=DIRECTION('ref_axis',(1.,0.,0.));
#10606=DIRECTION('center_axis',(0.,0.,1.));
#10607=DIRECTION('ref_axis',(1.,0.,0.));
#10608=DIRECTION('center_axis',(0.,0.,1.));
#10609=DIRECTION('ref_axis',(1.,0.,0.));
#10610=DIRECTION('',(0.,0.,-1.));
#10611=DIRECTION('center_axis',(0.,0.,-1.));
#10612=DIRECTION('ref_axis',(-1.,0.,0.));
#10613=DIRECTION('center_axis',(0.,0.,1.));
#10614=DIRECTION('ref_axis',(1.,0.,0.));
#10615=DIRECTION('center_axis',(0.,0.,1.));
#10616=DIRECTION('ref_axis',(1.,0.,0.));
#10617=DIRECTION('center_axis',(0.,0.,1.));
#10618=DIRECTION('ref_axis',(1.,0.,0.));
#10619=DIRECTION('',(0.,0.,-1.));
#10620=DIRECTION('center_axis',(0.,0.,-1.));
#10621=DIRECTION('ref_axis',(-1.,0.,0.));
#10622=DIRECTION('center_axis',(0.,0.,1.));
#10623=DIRECTION('ref_axis',(1.,0.,0.));
#10624=DIRECTION('center_axis',(0.,0.,1.));
#10625=DIRECTION('ref_axis',(1.,0.,0.));
#10626=DIRECTION('center_axis',(0.,0.,1.));
#10627=DIRECTION('ref_axis',(1.,0.,0.));
#10628=DIRECTION('',(0.,0.,-1.));
#10629=DIRECTION('center_axis',(0.,0.,-1.));
#10630=DIRECTION('ref_axis',(-1.,0.,0.));
#10631=DIRECTION('center_axis',(0.,0.,1.));
#10632=DIRECTION('ref_axis',(1.,0.,0.));
#10633=DIRECTION('center_axis',(0.,0.,1.));
#10634=DIRECTION('ref_axis',(1.,0.,0.));
#10635=DIRECTION('center_axis',(0.,0.,1.));
#10636=DIRECTION('ref_axis',(1.,0.,0.));
#10637=DIRECTION('',(0.,0.,-1.));
#10638=DIRECTION('center_axis',(0.,0.,1.));
#10639=DIRECTION('ref_axis',(1.,0.,0.));
#10640=DIRECTION('',(-6.32176314644038E-16,2.34737658348997E-32,1.00000000000002));
#10641=DIRECTION('',(0.999999999999991,6.16297582203917E-33,-1.45716771982041E-16));
#10642=DIRECTION('center_axis',(-0.519777698189051,-0.346518465459367,-0.780868809443032));
#10643=DIRECTION('ref_axis',(-0.832444444191471,1.66533453693774E-16,0.554108515847531));
#10644=DIRECTION('',(-0.649722122736319,-0.433148081824211,0.624695047554419));
#10645=DIRECTION('',(-0.554700196225229,0.832050294337844,0.));
#10646=DIRECTION('',(0.649722122736316,0.433148081824212,-0.624695047554422));
#10647=DIRECTION('',(0.554700196225229,-0.832050294337844,0.));
#10648=DIRECTION('',(-0.649722122736312,0.433148081824212,-0.624695047554426));
#10649=DIRECTION('',(-0.649722122736318,0.433148081824204,0.624695047554425));
#10650=DIRECTION('center_axis',(0.519777698189051,-0.346518465459368,-0.780868809443031));
#10651=DIRECTION('ref_axis',(-0.832444444191471,-1.11022302462516E-16,-0.554108515847531));
#10652=DIRECTION('',(-0.554700196225229,-0.832050294337844,0.));
#10653=DIRECTION('',(-0.649722122736313,0.433148081824209,-0.624695047554427));
#10654=DIRECTION('',(0.554700196225229,0.832050294337844,0.));
#10655=DIRECTION('center_axis',(-0.51977769818905,0.346518465459367,-0.780868809443032));
#10656=DIRECTION('ref_axis',(-0.832444444191471,1.11022302462516E-16,0.55410851584753));
#10657=DIRECTION('',(-0.554700196225229,-0.832050294337844,0.));
#10658=DIRECTION('',(-0.649722122736316,0.433148081824211,0.624695047554422));
#10659=DIRECTION('',(0.554700196225229,0.832050294337844,0.));
#10660=DIRECTION('',(-0.64972212273631,-0.433148081824217,-0.624695047554424));
#10661=DIRECTION('',(0.649722122736312,0.433148081824212,0.624695047554426));
#10662=DIRECTION('center_axis',(0.51977769818905,0.346518465459367,-0.780868809443032));
#10663=DIRECTION('ref_axis',(-0.832444444191471,-1.11022302462516E-16,-0.55410851584753));
#10664=DIRECTION('',(-0.554700196225229,0.832050294337844,0.));
#10665=DIRECTION('',(0.554700196225229,-0.832050294337844,0.));
#10666=DIRECTION('',(0.,0.,1.));
#10667=DIRECTION('',(0.,0.,-1.));
#10668=DIRECTION('center_axis',(-0.832050294337843,0.554700196225229,0.));
#10669=DIRECTION('ref_axis',(0.554700196225229,0.832050294337844,0.));
#10670=DIRECTION('',(0.,0.,-1.));
#10671=DIRECTION('',(0.554700196225229,0.832050294337844,0.));
#10672=DIRECTION('',(0.,0.,1.));
#10673=DIRECTION('center_axis',(0.832050294337843,0.554700196225229,0.));
#10674=DIRECTION('ref_axis',(0.554700196225229,-0.832050294337844,0.));
#10675=DIRECTION('',(0.,0.,-1.));
#10676=DIRECTION('',(0.554700196225229,-0.832050294337844,0.));
#10677=DIRECTION('center_axis',(0.,0.,-1.));
#10678=DIRECTION('ref_axis',(-1.,0.,0.));
#10679=DIRECTION('',(-1.92198307231834E-17,1.,0.));
#10680=DIRECTION('',(-0.382147219085959,-0.92410145706241,0.));
#10681=DIRECTION('center_axis',(0.,0.,-1.));
#10682=DIRECTION('ref_axis',(0.19480572750535,0.980841846849486,0.));
#10683=DIRECTION('',(1.14352971536391E-14,-1.,0.));
#10684=DIRECTION('center_axis',(0.,0.,1.));
#10685=DIRECTION('ref_axis',(0.707106781186553,-0.707106781186542,0.));
#10686=DIRECTION('',(-1.,-3.55271367880051E-15,0.));
#10687=DIRECTION('center_axis',(0.,0.,1.));
#10688=DIRECTION('ref_axis',(-0.707106781186541,-0.707106781186554,0.));
#10689=DIRECTION('',(-1.22124532708767E-14,1.,0.));
#10690=DIRECTION('',(-0.68485183271932,0.728682350013357,0.));
#10691=DIRECTION('',(-0.514495755427733,-0.85749292571242,0.));
#10692=DIRECTION('',(-0.230466383879257,-0.973080287489999,0.));
#10693=DIRECTION('center_axis',(0.,0.,-1.));
#10694=DIRECTION('ref_axis',(0.116016620596731,0.993247272206329,0.));
#10695=DIRECTION('',(-7.99360577730113E-15,-1.,0.));
#10696=DIRECTION('center_axis',(0.,0.,1.));
#10697=DIRECTION('ref_axis',(0.707106781186455,-0.70710678118664,0.));
#10698=DIRECTION('',(-1.,2.54019028034236E-13,0.));
#10699=DIRECTION('center_axis',(0.,0.,1.));
#10700=DIRECTION('ref_axis',(-0.707106781186654,-0.707106781186441,0.));
#10701=DIRECTION('',(5.24025267623221E-14,1.,0.));
#10702=DIRECTION('',(-0.697616683154625,0.716471188104825,0.));
#10703=DIRECTION('',(-0.554700196225232,-0.832050294337842,0.));
#10704=DIRECTION('',(-0.554700196225226,0.832050294337846,0.));
#10705=DIRECTION('',(-0.528301886792482,-0.849056603773567,0.));
#10706=DIRECTION('',(-1.57207580286922E-13,-1.,0.));
#10707=DIRECTION('center_axis',(0.,0.,1.));
#10708=DIRECTION('ref_axis',(0.707106781186527,-0.707106781186568,0.));
#10709=DIRECTION('',(-1.,-8.70414851306124E-14,0.));
#10710=DIRECTION('center_axis',(0.,0.,1.));
#10711=DIRECTION('ref_axis',(-0.707106781186514,-0.707106781186581,0.));
#10712=DIRECTION('',(0.,1.,0.));
#10713=DIRECTION('center_axis',(0.,0.,-1.));
#10714=DIRECTION('ref_axis',(-0.129932791086854,0.991522803469683,0.));
#10715=DIRECTION('',(-0.257662650560231,0.966234939601273,0.));
#10716=DIRECTION('',(0.,1.,0.));
#10717=DIRECTION('',(-0.257662650560231,-0.966234939601273,0.));
#10718=DIRECTION('center_axis',(0.,0.,-1.));
#10719=DIRECTION('ref_axis',(0.129932791084708,0.991522803469964,0.));
#10720=DIRECTION('',(1.52647617649515E-17,-1.,0.));
#10721=DIRECTION('center_axis',(0.,0.,1.));
#10722=DIRECTION('ref_axis',(-0.707106781186516,0.707106781186579,0.));
#10723=DIRECTION('',(-1.,8.70262203688475E-14,0.));
#10724=DIRECTION('center_axis',(0.,0.,1.));
#10725=DIRECTION('ref_axis',(0.707106781186527,0.707106781186568,0.));
#10726=DIRECTION('',(-1.57222845048687E-13,1.,0.));
#10727=DIRECTION('',(-0.528301886792482,0.849056603773567,0.));
#10728=DIRECTION('',(-0.554700196225226,-0.832050294337846,0.));
#10729=DIRECTION('',(-0.554700196225232,0.832050294337842,0.));
#10730=DIRECTION('',(-0.697616683154625,-0.716471188104825,0.));
#10731=DIRECTION('',(5.2417791524087E-14,-1.,0.));
#10732=DIRECTION('center_axis',(0.,0.,1.));
#10733=DIRECTION('ref_axis',(-0.707106781186654,0.707106781186441,0.));
#10734=DIRECTION('',(-1.,-2.54034292796001E-13,0.));
#10735=DIRECTION('center_axis',(0.,0.,1.));
#10736=DIRECTION('ref_axis',(0.707106781186458,0.707106781186638,0.));
#10737=DIRECTION('',(-8.00887053906608E-15,1.,0.));
#10738=DIRECTION('center_axis',(0.,0.,-1.));
#10739=DIRECTION('ref_axis',(-0.116016620597568,0.993247272206232,0.));
#10740=DIRECTION('',(-0.230466383879257,0.973080287489999,0.));
#10741=DIRECTION('',(-0.514495755427733,0.85749292571242,0.));
#10742=DIRECTION('',(-0.68485183271932,-0.728682350013357,0.));
#10743=DIRECTION('',(-1.21971885091117E-14,-1.,0.));
#10744=DIRECTION('center_axis',(0.,0.,1.));
#10745=DIRECTION('ref_axis',(-0.707106781186541,0.707106781186554,0.));
#10746=DIRECTION('',(-1.,3.53744891703556E-15,0.));
#10747=DIRECTION('center_axis',(0.,0.,1.));
#10748=DIRECTION('ref_axis',(0.707106781186553,0.707106781186542,0.));
#10749=DIRECTION('',(1.14200323918742E-14,1.,0.));
#10750=DIRECTION('center_axis',(0.,0.,-1.));
#10751=DIRECTION('ref_axis',(-0.194805727505399,0.980841846849477,0.));
#10752=DIRECTION('',(-0.382147219085959,0.92410145706241,0.));
#10753=DIRECTION('',(0.514495755427527,0.857492925712544,0.));
#10754=DIRECTION('',(-0.514495755427527,0.857492925712544,0.));
#10755=DIRECTION('',(-0.514495755427527,-0.857492925712544,0.));
#10756=DIRECTION('',(0.514495755427527,-0.857492925712544,0.));
#10757=DIRECTION('center_axis',(0.,0.,1.));
#10758=DIRECTION('ref_axis',(-1.,7.24296961222434E-15,0.));
#10759=DIRECTION('center_axis',(0.,0.,1.));
#10760=DIRECTION('ref_axis',(-1.,7.24296961222434E-15,0.));
#10761=DIRECTION('center_axis',(0.,0.,1.));
#10762=DIRECTION('ref_axis',(-1.,7.24296961222434E-15,0.));
#10763=DIRECTION('',(-0.669589480006977,-0.401753688004183,0.624695047554424));
#10764=DIRECTION('',(-0.669589480006974,0.401753688004187,-0.624695047554425));
#10765=DIRECTION('center_axis',(0.535671584005579,-0.321402950403348,-0.780868809443031));
#10766=DIRECTION('ref_axis',(-0.824621125123533,2.77555756156289E-17,-0.565685424949237));
#10767=DIRECTION('',(-0.514495755427527,-0.857492925712544,0.));
#10768=DIRECTION('',(-0.669589480006975,0.401753688004189,-0.624695047554422));
#10769=DIRECTION('center_axis',(-0.535671584005577,-0.321402950403346,-0.780868809443033));
#10770=DIRECTION('ref_axis',(-0.824621125123535,1.66533453693773E-16,0.565685424949234));
#10771=DIRECTION('',(-0.669589480006978,-0.401753688004187,0.624695047554419));
#10772=DIRECTION('',(-0.514495755427527,0.857492925712544,0.));
#10773=DIRECTION('',(-0.669589480006977,-0.401753688004183,-0.624695047554424));
#10774=DIRECTION('',(-0.669589480006974,0.401753688004187,0.624695047554425));
#10775=DIRECTION('center_axis',(0.535671584005579,0.321402950403348,-0.780868809443031));
#10776=DIRECTION('ref_axis',(-0.824621125123533,-2.77555756156289E-17,-0.565685424949237));
#10777=DIRECTION('',(-0.669589480006976,-0.401753688004185,-0.624695047554423));
#10778=DIRECTION('',(0.514495755427527,-0.857492925712544,0.));
#10779=DIRECTION('center_axis',(-0.535671584005579,0.321402950403348,-0.780868809443031));
#10780=DIRECTION('ref_axis',(-0.824621125123533,2.77555756156289E-17,0.565685424949237));
#10781=DIRECTION('',(-0.669589480006977,0.401753688004183,0.624695047554424));
#10782=DIRECTION('',(0.514495755427527,0.857492925712544,0.));
#10783=DIRECTION('center_axis',(0.857492925712544,0.514495755427527,0.));
#10784=DIRECTION('ref_axis',(0.514495755427527,-0.857492925712544,0.));
#10785=DIRECTION('',(0.,0.,-1.));
#10786=DIRECTION('',(-0.514495755427527,0.857492925712544,0.));
#10787=DIRECTION('',(0.,0.,1.));
#10788=DIRECTION('',(0.,0.,1.));
#10789=DIRECTION('center_axis',(-0.857492925712544,0.514495755427527,0.));
#10790=DIRECTION('ref_axis',(0.514495755427527,0.857492925712544,0.));
#10791=DIRECTION('',(0.,0.,-1.));
#10792=DIRECTION('',(0.514495755427527,0.857492925712544,0.));
#10793=DIRECTION('',(0.,0.,1.));
#10794=DIRECTION('center_axis',(-1.,0.,0.));
#10795=DIRECTION('ref_axis',(0.,1.,0.));
#10796=DIRECTION('',(0.,0.,1.));
#10797=DIRECTION('',(0.,0.,-1.));
#10798=DIRECTION('',(0.,1.,0.));
#10799=DIRECTION('center_axis',(-1.,0.,0.));
#10800=DIRECTION('ref_axis',(0.,1.,0.));
#10801=DIRECTION('',(0.,-1.,0.));
#10802=DIRECTION('',(0.,0.,-1.));
#10803=DIRECTION('',(0.,0.,-1.));
#10804=DIRECTION('center_axis',(0.924101457062409,-0.382147219085959,0.));
#10805=DIRECTION('ref_axis',(-0.382147219085959,-0.924101457062409,0.));
#10806=DIRECTION('',(0.,0.,1.));
#10807=DIRECTION('',(0.,0.,-1.));
#10808=DIRECTION('',(-0.382147219085959,-0.92410145706241,0.));
#10809=DIRECTION('center_axis',(0.,0.,-1.));
#10810=DIRECTION('ref_axis',(-0.707106781186514,-0.707106781186581,0.));
#10811=DIRECTION('',(0.,0.,1.));
#10812=DIRECTION('center_axis',(0.,0.,-1.));
#10813=DIRECTION('ref_axis',(-0.707106781186514,-0.707106781186581,0.));
#10814=DIRECTION('center_axis',(8.70414851306124E-14,-1.,0.));
#10815=DIRECTION('ref_axis',(-1.,-8.70414851306124E-14,0.));
#10816=DIRECTION('',(0.,0.,-1.));
#10817=DIRECTION('',(-1.,-8.70414851306124E-14,0.));
#10818=DIRECTION('center_axis',(0.,0.,-1.));
#10819=DIRECTION('ref_axis',(0.707106781186527,-0.707106781186568,0.));
#10820=DIRECTION('',(0.,0.,1.));
#10821=DIRECTION('center_axis',(0.,0.,-1.));
#10822=DIRECTION('ref_axis',(0.707106781186527,-0.707106781186568,0.));
#10823=DIRECTION('center_axis',(-1.,5.24025267623221E-14,0.));
#10824=DIRECTION('ref_axis',(5.24025267623221E-14,1.,0.));
#10825=DIRECTION('',(0.,0.,1.));
#10826=DIRECTION('',(0.,0.,-1.));
#10827=DIRECTION('',(5.24025267623221E-14,1.,0.));
#10828=DIRECTION('center_axis',(0.,0.,-1.));
#10829=DIRECTION('ref_axis',(-0.707106781186654,-0.707106781186441,0.));
#10830=DIRECTION('',(0.,0.,1.));
#10831=DIRECTION('center_axis',(0.,0.,-1.));
#10832=DIRECTION('ref_axis',(-0.707106781186654,-0.707106781186441,0.));
#10833=DIRECTION('center_axis',(-2.54019028034236E-13,-1.,0.));
#10834=DIRECTION('ref_axis',(-1.,2.54019028034236E-13,0.));
#10835=DIRECTION('',(0.,0.,-1.));
#10836=DIRECTION('',(-1.,2.54019028034236E-13,0.));
#10837=DIRECTION('center_axis',(0.,0.,-1.));
#10838=DIRECTION('ref_axis',(0.707106781186455,-0.70710678118664,0.));
#10839=DIRECTION('',(0.,0.,1.));
#10840=DIRECTION('center_axis',(0.,0.,-1.));
#10841=DIRECTION('ref_axis',(0.707106781186455,-0.70710678118664,0.));
#10842=DIRECTION('center_axis',(-1.,-1.22124532708767E-14,0.));
#10843=DIRECTION('ref_axis',(-1.22124532708767E-14,1.,0.));
#10844=DIRECTION('',(0.,0.,1.));
#10845=DIRECTION('',(0.,0.,-1.));
#10846=DIRECTION('',(1.22124532708767E-14,-1.,0.));
#10847=DIRECTION('center_axis',(0.,0.,-1.));
#10848=DIRECTION('ref_axis',(-0.707106781186541,-0.707106781186554,0.));
#10849=DIRECTION('',(0.,0.,1.));
#10850=DIRECTION('center_axis',(0.,0.,-1.));
#10851=DIRECTION('ref_axis',(-0.707106781186541,-0.707106781186554,0.));
#10852=DIRECTION('center_axis',(3.55271367880051E-15,-1.,0.));
#10853=DIRECTION('ref_axis',(-1.,-3.55271367880051E-15,0.));
#10854=DIRECTION('',(0.,0.,-1.));
#10855=DIRECTION('',(-1.,-3.55271367880051E-15,0.));
#10856=DIRECTION('center_axis',(0.,0.,-1.));
#10857=DIRECTION('ref_axis',(0.707106781186553,-0.707106781186542,0.));
#10858=DIRECTION('',(0.,0.,1.));
#10859=DIRECTION('center_axis',(0.,0.,-1.));
#10860=DIRECTION('ref_axis',(0.707106781186553,-0.707106781186542,0.));
#10861=DIRECTION('center_axis',(1.,1.14352971536391E-14,0.));
#10862=DIRECTION('ref_axis',(1.14352971536391E-14,-1.,0.));
#10863=DIRECTION('',(0.,0.,-1.));
#10864=DIRECTION('',(-1.14352971536391E-14,1.,0.));
#10865=DIRECTION('center_axis',(0.,0.,1.));
#10866=DIRECTION('ref_axis',(-0.194805727505399,-0.980841846849477,0.));
#10867=DIRECTION('center_axis',(-0.728682350013357,-0.68485183271932,0.));
#10868=DIRECTION('ref_axis',(-0.68485183271932,0.728682350013357,0.));
#10869=DIRECTION('',(0.,0.,1.));
#10870=DIRECTION('',(0.,0.,-1.));
#10871=DIRECTION('',(-0.68485183271932,0.728682350013357,0.));
#10872=DIRECTION('center_axis',(1.,-7.99360577730113E-15,0.));
#10873=DIRECTION('ref_axis',(-7.99360577730113E-15,-1.,0.));
#10874=DIRECTION('',(0.,0.,-1.));
#10875=DIRECTION('',(-7.99360577730113E-15,-1.,0.));
#10876=DIRECTION('center_axis',(0.,0.,1.));
#10877=DIRECTION('ref_axis',(-0.116016620597158,-0.99324727220628,0.));
#10878=DIRECTION('',(0.,0.,1.));
#10879=DIRECTION('center_axis',(-0.716471188104825,-0.697616683154625,0.));
#10880=DIRECTION('ref_axis',(-0.697616683154625,0.716471188104825,0.));
#10881=DIRECTION('',(0.,0.,1.));
#10882=DIRECTION('',(0.,0.,-1.));
#10883=DIRECTION('',(-0.697616683154625,0.716471188104825,0.));
#10884=DIRECTION('center_axis',(1.,-1.57207580286922E-13,0.));
#10885=DIRECTION('ref_axis',(-1.57207580286922E-13,-1.,0.));
#10886=DIRECTION('',(0.,0.,-1.));
#10887=DIRECTION('',(-1.57207580286922E-13,-1.,0.));
#10888=DIRECTION('',(0.,0.,1.));
#10889=DIRECTION('center_axis',(-0.966234939601273,-0.257662650560231,0.));
#10890=DIRECTION('ref_axis',(-0.257662650560231,0.966234939601273,0.));
#10891=DIRECTION('',(0.,0.,-1.));
#10892=DIRECTION('',(-0.257662650560231,0.966234939601273,0.));
#10893=DIRECTION('center_axis',(0.,0.,1.));
#10894=DIRECTION('ref_axis',(0.129932791084708,-0.991522803469964,0.));
#10895=DIRECTION('center_axis',(-0.832050294337843,0.554700196225229,0.));
#10896=DIRECTION('ref_axis',(0.554700196225229,0.832050294337844,0.));
#10897=DIRECTION('',(0.,0.,-1.));
#10898=DIRECTION('',(-0.554700196225229,-0.832050294337844,0.));
#10899=DIRECTION('',(0.,0.,1.));
#10900=DIRECTION('',(0.,0.,1.));
#10901=DIRECTION('center_axis',(-0.857492925712544,0.514495755427527,0.));
#10902=DIRECTION('ref_axis',(0.514495755427527,0.857492925712544,0.));
#10903=DIRECTION('',(0.,0.,-1.));
#10904=DIRECTION('',(-0.514495755427527,-0.857492925712544,0.));
#10905=DIRECTION('',(0.,0.,1.));
#10906=DIRECTION('center_axis',(-0.832050294337846,-0.554700196225226,0.));
#10907=DIRECTION('ref_axis',(-0.554700196225226,0.832050294337846,0.));
#10908=DIRECTION('',(0.554700196225226,-0.832050294337846,0.));
#10909=DIRECTION('',(0.,0.,1.));
#10910=DIRECTION('',(0.,0.,-1.));
#10911=DIRECTION('',(0.,0.,1.));
#10912=DIRECTION('',(0.,0.,1.));
#10913=DIRECTION('',(0.,0.,1.));
#10914=DIRECTION('center_axis',(0.857492925712421,-0.514495755427733,0.));
#10915=DIRECTION('ref_axis',(-0.514495755427733,-0.85749292571242,0.));
#10916=DIRECTION('',(0.514495755427733,0.85749292571242,0.));
#10917=DIRECTION('',(0.,0.,-1.));
#10918=DIRECTION('center_axis',(0.832050294337842,-0.554700196225232,0.));
#10919=DIRECTION('ref_axis',(-0.554700196225232,-0.832050294337842,0.));
#10920=DIRECTION('',(0.554700196225232,0.832050294337842,0.));
#10921=DIRECTION('',(0.,0.,-1.));
#10922=DIRECTION('center_axis',(0.849056603773567,-0.528301886792482,0.));
#10923=DIRECTION('ref_axis',(-0.528301886792482,-0.849056603773567,0.));
#10924=DIRECTION('',(0.,0.,-1.));
#10925=DIRECTION('',(-0.528301886792482,-0.849056603773567,0.));
#10926=DIRECTION('center_axis',(0.973080287489999,-0.230466383879257,0.));
#10927=DIRECTION('ref_axis',(-0.230466383879257,-0.973080287489999,0.));
#10928=DIRECTION('',(0.,0.,-1.));
#10929=DIRECTION('',(-0.230466383879257,-0.973080287489999,0.));
#10930=DIRECTION('center_axis',(-1.,-8.00887053906608E-15,0.));
#10931=DIRECTION('ref_axis',(-8.00887053906608E-15,1.,0.));
#10932=DIRECTION('',(0.,0.,1.));
#10933=DIRECTION('',(0.,0.,-1.));
#10934=DIRECTION('',(-8.00887053906608E-15,1.,0.));
#10935=DIRECTION('center_axis',(-1.,-1.57222845048687E-13,0.));
#10936=DIRECTION('ref_axis',(-1.57222845048687E-13,1.,0.));
#10937=DIRECTION('',(0.,0.,1.));
#10938=DIRECTION('',(0.,0.,-1.));
#10939=DIRECTION('',(-1.57222845048687E-13,1.,0.));
#10940=DIRECTION('center_axis',(0.966234939601273,-0.257662650560231,0.));
#10941=DIRECTION('ref_axis',(-0.257662650560231,-0.966234939601273,0.));
#10942=DIRECTION('',(0.,0.,1.));
#10943=DIRECTION('',(-0.257662650560231,-0.966234939601273,0.));
#10944=DIRECTION('center_axis',(-1.,1.14200323918742E-14,0.));
#10945=DIRECTION('ref_axis',(1.14200323918742E-14,1.,0.));
#10946=DIRECTION('',(0.,0.,1.));
#10947=DIRECTION('',(0.,0.,-1.));
#10948=DIRECTION('',(-1.14200323918742E-14,-1.,0.));
#10949=DIRECTION('center_axis',(0.,0.,-1.));
#10950=DIRECTION('ref_axis',(-0.707106781186516,0.707106781186579,0.));
#10951=DIRECTION('',(0.,0.,1.));
#10952=DIRECTION('center_axis',(0.,0.,-1.));
#10953=DIRECTION('ref_axis',(-0.707106781186516,0.707106781186579,0.));
#10954=DIRECTION('',(0.,0.,-1.));
#10955=DIRECTION('center_axis',(-8.70262203688475E-14,-1.,0.));
#10956=DIRECTION('ref_axis',(-1.,8.70262203688475E-14,0.));
#10957=DIRECTION('',(0.,0.,1.));
#10958=DIRECTION('',(-1.,8.70262203688475E-14,0.));
#10959=DIRECTION('center_axis',(0.,0.,-1.));
#10960=DIRECTION('ref_axis',(0.707106781186527,0.707106781186568,0.));
#10961=DIRECTION('center_axis',(0.,0.,-1.));
#10962=DIRECTION('ref_axis',(0.707106781186527,0.707106781186568,0.));
#10963=DIRECTION('center_axis',(0.,0.,-1.));
#10964=DIRECTION('ref_axis',(-0.707106781186654,0.707106781186441,0.));
#10965=DIRECTION('',(0.,0.,1.));
#10966=DIRECTION('center_axis',(0.,0.,-1.));
#10967=DIRECTION('ref_axis',(-0.707106781186654,0.707106781186441,0.));
#10968=DIRECTION('',(0.,0.,-1.));
#10969=DIRECTION('center_axis',(2.54034292796001E-13,-1.,0.));
#10970=DIRECTION('ref_axis',(-1.,-2.54034292796001E-13,0.));
#10971=DIRECTION('',(0.,0.,1.));
#10972=DIRECTION('',(-1.,-2.54034292796001E-13,0.));
#10973=DIRECTION('center_axis',(0.,0.,-1.));
#10974=DIRECTION('ref_axis',(0.707106781186458,0.707106781186638,0.));
#10975=DIRECTION('center_axis',(0.,0.,-1.));
#10976=DIRECTION('ref_axis',(0.707106781186458,0.707106781186638,0.));
#10977=DIRECTION('center_axis',(0.,0.,-1.));
#10978=DIRECTION('ref_axis',(-0.707106781186541,0.707106781186554,0.));
#10979=DIRECTION('',(0.,0.,1.));
#10980=DIRECTION('center_axis',(0.,0.,-1.));
#10981=DIRECTION('ref_axis',(-0.707106781186541,0.707106781186554,0.));
#10982=DIRECTION('',(0.,0.,-1.));
#10983=DIRECTION('center_axis',(-3.53744891703556E-15,-1.,0.));
#10984=DIRECTION('ref_axis',(-1.,3.53744891703556E-15,0.));
#10985=DIRECTION('',(0.,0.,1.));
#10986=DIRECTION('',(-1.,3.53744891703556E-15,0.));
#10987=DIRECTION('center_axis',(0.,0.,-1.));
#10988=DIRECTION('ref_axis',(0.707106781186553,0.707106781186542,0.));
#10989=DIRECTION('center_axis',(0.,0.,-1.));
#10990=DIRECTION('ref_axis',(0.707106781186553,0.707106781186542,0.));
#10991=DIRECTION('center_axis',(-0.924101457062409,-0.382147219085959,0.));
#10992=DIRECTION('ref_axis',(-0.382147219085959,0.924101457062409,0.));
#10993=DIRECTION('',(0.,0.,-1.));
#10994=DIRECTION('',(-0.382147219085959,0.92410145706241,0.));
#10995=DIRECTION('',(0.,0.,-1.));
#10996=DIRECTION('center_axis',(5.45456695811053E-32,1.08333559371781E-32,
1.));
#10997=DIRECTION('ref_axis',(0.19480572750535,-0.980841846849486,-1.40504288592322E-44));
#10998=DIRECTION('center_axis',(1.,-1.21971885091117E-14,0.));
#10999=DIRECTION('ref_axis',(-1.21971885091117E-14,-1.,0.));
#11000=DIRECTION('',(0.,0.,-1.));
#11001=DIRECTION('',(1.21971885091117E-14,1.,0.));
#11002=DIRECTION('',(0.,0.,1.));
#11003=DIRECTION('center_axis',(-0.973080287489999,-0.230466383879257,0.));
#11004=DIRECTION('ref_axis',(-0.230466383879257,0.973080287489999,0.));
#11005=DIRECTION('',(0.,0.,1.));
#11006=DIRECTION('',(0.,0.,-1.));
#11007=DIRECTION('',(-0.230466383879257,0.973080287489999,0.));
#11008=DIRECTION('center_axis',(0.,0.,1.));
#11009=DIRECTION('ref_axis',(0.116016620596731,-0.993247272206329,0.));
#11010=DIRECTION('center_axis',(1.,5.2417791524087E-14,0.));
#11011=DIRECTION('ref_axis',(5.2417791524087E-14,-1.,0.));
#11012=DIRECTION('',(0.,0.,-1.));
#11013=DIRECTION('',(5.2417791524087E-14,-1.,0.));
#11014=DIRECTION('',(0.,0.,1.));
#11015=DIRECTION('center_axis',(-0.849056603773567,-0.528301886792482,0.));
#11016=DIRECTION('ref_axis',(-0.528301886792482,0.849056603773567,0.));
#11017=DIRECTION('',(0.,0.,1.));
#11018=DIRECTION('',(0.,0.,-1.));
#11019=DIRECTION('',(-0.528301886792482,0.849056603773567,0.));
#11020=DIRECTION('center_axis',(1.,1.52647617649515E-17,0.));
#11021=DIRECTION('ref_axis',(1.52647617649515E-17,-1.,0.));
#11022=DIRECTION('',(0.,0.,-1.));
#11023=DIRECTION('',(1.52647617649515E-17,-1.,0.));
#11024=DIRECTION('center_axis',(0.,0.,1.));
#11025=DIRECTION('ref_axis',(-0.129932791086854,-0.991522803469683,0.));
#11026=DIRECTION('',(0.,0.,1.));
#11027=DIRECTION('',(0.,9.99200722162641E-15,-1.));
#11028=DIRECTION('center_axis',(0.728682350013357,-0.68485183271932,0.));
#11029=DIRECTION('ref_axis',(-0.68485183271932,-0.728682350013357,0.));
#11030=DIRECTION('',(0.,0.,-1.));
#11031=DIRECTION('',(-0.68485183271932,-0.728682350013357,0.));
#11032=DIRECTION('',(0.,0.,1.));
#11033=DIRECTION('center_axis',(0.716471188104825,-0.697616683154625,0.));
#11034=DIRECTION('ref_axis',(-0.697616683154625,-0.716471188104825,0.));
#11035=DIRECTION('',(0.,0.,-1.));
#11036=DIRECTION('',(-0.697616683154625,-0.716471188104825,0.));
#11037=DIRECTION('',(0.,0.,1.));
#11038=DIRECTION('',(0.,0.,-1.));
#11039=DIRECTION('',(0.,0.,-1.));
#11040=DIRECTION('',(0.,0.,-1.));
#11041=DIRECTION('center_axis',(0.857492925712544,0.514495755427527,0.));
#11042=DIRECTION('ref_axis',(0.514495755427527,-0.857492925712544,0.));
#11043=DIRECTION('',(0.,0.,-1.));
#11044=DIRECTION('',(0.514495755427527,-0.857492925712544,0.));
#11045=DIRECTION('center_axis',(0.,0.,1.));
#11046=DIRECTION('ref_axis',(-1.,0.,0.));
#11047=DIRECTION('',(3.95506895823197E-18,1.,0.));
#11048=DIRECTION('',(-0.514495755427733,0.85749292571242,0.));
#11049=DIRECTION('',(-0.554700196225232,0.832050294337842,0.));
#11050=DIRECTION('',(-0.554700196225226,-0.832050294337846,0.));
#11051=DIRECTION('center_axis',(0.,0.,-1.));
#11052=DIRECTION('ref_axis',(-1.,7.24296961222434E-15,0.));
#11053=DIRECTION('',(-0.554700196225229,0.832050294337844,0.));
#11054=DIRECTION('center_axis',(0.,0.,-1.));
#11055=DIRECTION('ref_axis',(-1.,7.24296961222434E-15,0.));
#11056=DIRECTION('center_axis',(0.,0.,-1.));
#11057=DIRECTION('ref_axis',(-1.,7.24296961222434E-15,0.));
#11058=DIRECTION('center_axis',(1.05097384824361E-43,2.9582283945788E-29,
-1.));
#11059=DIRECTION('ref_axis',(-1.,0.,-1.05097384824361E-43));
#11060=DIRECTION('center_axis',(-1.05097384824361E-43,-2.9582283945788E-29,
1.));
#11061=DIRECTION('ref_axis',(1.,-3.10902067983401E-72,1.05097384824361E-43));
#11062=DIRECTION('center_axis',(-1.05097384824361E-43,-2.9582283945788E-29,
1.));
#11063=DIRECTION('ref_axis',(1.,-3.10902067983401E-72,1.05097384824361E-43));
#11064=DIRECTION('center_axis',(-1.05097384824361E-43,-2.9582283945788E-29,
1.));
#11065=DIRECTION('ref_axis',(-1.,7.24296961222434E-15,1.09166198855173E-43));
#11066=DIRECTION('center_axis',(-1.05097384824361E-43,-2.9582283945788E-29,
1.));
#11067=DIRECTION('ref_axis',(1.,-3.10902067983401E-72,1.05097384824361E-43));
#11068=DIRECTION('',(-1.05097384824361E-43,-2.9582283945788E-29,1.));
#11069=DIRECTION('center_axis',(-1.05097384824361E-43,-2.9582283945788E-29,
1.));
#11070=DIRECTION('ref_axis',(1.,0.,1.05097384824361E-43));
#11071=DIRECTION('center_axis',(-1.05097384824361E-43,-2.9582283945788E-29,
1.));
#11072=DIRECTION('ref_axis',(1.,-3.10902067983401E-72,1.05097384824361E-43));
#11073=DIRECTION('center_axis',(-1.05097384824361E-43,-2.9582283945788E-29,
1.));
#11074=DIRECTION('ref_axis',(-1.,7.24296961222434E-15,1.09166198855173E-43));
#11075=DIRECTION('',(-1.05097384824361E-43,-2.9582283945788E-29,1.));
#11076=DIRECTION('center_axis',(-1.05097384824361E-43,-2.9582283945788E-29,
1.));
#11077=DIRECTION('ref_axis',(-1.,7.24296961222434E-15,1.09166198855173E-43));
#11078=DIRECTION('',(-1.05097384824361E-43,-2.9582283945788E-29,1.));
#11079=DIRECTION('center_axis',(1.05097384824361E-43,2.9582283945788E-29,
-1.));
#11080=DIRECTION('ref_axis',(-1.,0.,-1.05097384824361E-43));
#11081=DIRECTION('center_axis',(-1.05097384824361E-43,-2.9582283945788E-29,
1.));
#11082=DIRECTION('ref_axis',(1.,-3.10902067983401E-72,1.05097384824361E-43));
#11083=DIRECTION('center_axis',(-1.05097384824361E-43,-2.9582283945788E-29,
1.));
#11084=DIRECTION('ref_axis',(1.,-3.10902067983401E-72,1.05097384824361E-43));
#11085=DIRECTION('center_axis',(-1.05097384824361E-43,-2.9582283945788E-29,
1.));
#11086=DIRECTION('ref_axis',(-1.,7.24296961222434E-15,1.09166198855173E-43));
#11087=DIRECTION('center_axis',(-1.05097384824361E-43,-2.9582283945788E-29,
1.));
#11088=DIRECTION('ref_axis',(1.,-3.10902067983401E-72,1.05097384824361E-43));
#11089=DIRECTION('',(-1.05097384824361E-43,-2.9582283945788E-29,1.));
#11090=DIRECTION('center_axis',(-1.05097384824361E-43,-2.9582283945788E-29,
1.));
#11091=DIRECTION('ref_axis',(1.,0.,1.05097384824361E-43));
#11092=DIRECTION('center_axis',(-1.05097384824361E-43,-2.9582283945788E-29,
1.));
#11093=DIRECTION('ref_axis',(1.,-3.10902067983401E-72,1.05097384824361E-43));
#11094=DIRECTION('center_axis',(-1.05097384824361E-43,-2.9582283945788E-29,
1.));
#11095=DIRECTION('ref_axis',(-1.,7.24296961222434E-15,1.09166198855173E-43));
#11096=DIRECTION('',(-1.05097384824361E-43,-2.9582283945788E-29,1.));
#11097=DIRECTION('center_axis',(-1.05097384824361E-43,-2.9582283945788E-29,
1.));
#11098=DIRECTION('ref_axis',(-1.,7.24296961222434E-15,1.09166198855173E-43));
#11099=DIRECTION('',(-1.05097384824361E-43,-2.9582283945788E-29,1.));
#11100=DIRECTION('center_axis',(1.05097384824361E-43,2.9582283945788E-29,
-1.));
#11101=DIRECTION('ref_axis',(-1.,0.,-1.05097384824361E-43));
#11102=DIRECTION('center_axis',(-1.05097384824361E-43,-2.9582283945788E-29,
1.));
#11103=DIRECTION('ref_axis',(1.,-3.10902067983401E-72,1.05097384824361E-43));
#11104=DIRECTION('center_axis',(-1.05097384824361E-43,-2.9582283945788E-29,
1.));
#11105=DIRECTION('ref_axis',(1.,-3.10902067983401E-72,1.05097384824361E-43));
#11106=DIRECTION('center_axis',(-1.05097384824361E-43,-2.9582283945788E-29,
1.));
#11107=DIRECTION('ref_axis',(-1.,7.24296961222434E-15,1.09166198855173E-43));
#11108=DIRECTION('center_axis',(-1.05097384824361E-43,-2.9582283945788E-29,
1.));
#11109=DIRECTION('ref_axis',(1.,-3.10902067983401E-72,1.05097384824361E-43));
#11110=DIRECTION('',(-1.05097384824361E-43,-2.9582283945788E-29,1.));
#11111=DIRECTION('center_axis',(-1.05097384824361E-43,-2.9582283945788E-29,
1.));
#11112=DIRECTION('ref_axis',(1.,0.,1.05097384824361E-43));
#11113=DIRECTION('center_axis',(-1.05097384824361E-43,-2.9582283945788E-29,
1.));
#11114=DIRECTION('ref_axis',(1.,-3.10902067983401E-72,1.05097384824361E-43));
#11115=DIRECTION('center_axis',(-1.05097384824361E-43,-2.9582283945788E-29,
1.));
#11116=DIRECTION('ref_axis',(-1.,7.24296961222434E-15,1.09166198855173E-43));
#11117=DIRECTION('',(-1.05097384824361E-43,-2.9582283945788E-29,1.));
#11118=DIRECTION('center_axis',(-1.05097384824361E-43,-2.9582283945788E-29,
1.));
#11119=DIRECTION('ref_axis',(-1.,7.24296961222434E-15,1.09166198855173E-43));
#11120=DIRECTION('',(-1.05097384824361E-43,-2.9582283945788E-29,1.));
#11121=DIRECTION('center_axis',(1.,-3.95506895823197E-18,0.));
#11122=DIRECTION('ref_axis',(-3.95506895823197E-18,-1.,0.));
#11123=DIRECTION('center_axis',(-0.857492925712421,-0.514495755427733,0.));
#11124=DIRECTION('ref_axis',(-0.514495755427733,0.85749292571242,0.));
#11125=DIRECTION('center_axis',(-0.832050294337842,-0.554700196225232,0.));
#11126=DIRECTION('ref_axis',(-0.554700196225232,0.832050294337842,0.));
#11127=DIRECTION('center_axis',(0.832050294337846,-0.554700196225226,0.));
#11128=DIRECTION('ref_axis',(-0.554700196225226,-0.832050294337846,0.));
#11129=DIRECTION('center_axis',(0.832050294337843,0.554700196225229,0.));
#11130=DIRECTION('ref_axis',(0.554700196225229,-0.832050294337844,0.));
#11131=DIRECTION('center_axis',(0.,0.,1.));
#11132=DIRECTION('ref_axis',(1.,0.,0.));
#11133=DIRECTION('center_axis',(0.,0.,-1.));
#11134=DIRECTION('ref_axis',(1.,0.,0.));
#11135=DIRECTION('center_axis',(0.,0.,1.));
#11136=DIRECTION('ref_axis',(1.,0.,0.));
#11137=DIRECTION('center_axis',(0.,0.,1.));
#11138=DIRECTION('ref_axis',(1.,0.,0.));
#11139=DIRECTION('',(0.,0.,-1.));
#11140=DIRECTION('center_axis',(0.,0.,-1.));
#11141=DIRECTION('ref_axis',(-1.,0.,0.));
#11142=DIRECTION('center_axis',(0.,0.,1.));
#11143=DIRECTION('ref_axis',(1.,0.,0.));
#11144=DIRECTION('center_axis',(0.,0.,1.));
#11145=DIRECTION('ref_axis',(1.,0.,0.));
#11146=DIRECTION('center_axis',(0.,0.,1.));
#11147=DIRECTION('ref_axis',(1.,0.,0.));
#11148=DIRECTION('',(0.,0.,-1.));
#11149=DIRECTION('center_axis',(0.,0.,-1.));
#11150=DIRECTION('ref_axis',(-1.,0.,0.));
#11151=DIRECTION('center_axis',(0.,0.,1.));
#11152=DIRECTION('ref_axis',(1.,0.,0.));
#11153=DIRECTION('center_axis',(0.,0.,1.));
#11154=DIRECTION('ref_axis',(1.,0.,0.));
#11155=DIRECTION('center_axis',(0.,0.,1.));
#11156=DIRECTION('ref_axis',(1.,0.,0.));
#11157=DIRECTION('',(0.,0.,-1.));
#11158=DIRECTION('center_axis',(0.,0.,-1.));
#11159=DIRECTION('ref_axis',(-1.,0.,0.));
#11160=DIRECTION('center_axis',(0.,0.,1.));
#11161=DIRECTION('ref_axis',(1.,0.,0.));
#11162=DIRECTION('center_axis',(0.,0.,1.));
#11163=DIRECTION('ref_axis',(1.,0.,0.));
#11164=DIRECTION('center_axis',(0.,0.,1.));
#11165=DIRECTION('ref_axis',(1.,0.,0.));
#11166=DIRECTION('',(0.,0.,-1.));
#11167=DIRECTION('center_axis',(0.,0.,1.));
#11168=DIRECTION('ref_axis',(1.,0.,0.));
#11169=DIRECTION('center_axis',(1.,-3.95506895823197E-18,0.));
#11170=DIRECTION('ref_axis',(-3.95506895823197E-18,-1.,0.));
#11171=DIRECTION('',(3.95506895823197E-18,1.,0.));
#11172=DIRECTION('',(0.,0.,1.));
#11173=DIRECTION('',(-2.75132849198176E-34,1.,0.));
#11174=DIRECTION('',(0.,0.,1.));
#11175=DIRECTION('center_axis',(-0.857492925712421,-0.514495755427733,0.));
#11176=DIRECTION('ref_axis',(-0.514495755427733,0.85749292571242,0.));
#11177=DIRECTION('',(-0.514495755427733,0.85749292571242,0.));
#11178=DIRECTION('',(0.,0.,1.));
#11179=DIRECTION('',(-0.514495755427729,0.857492925712423,0.));
#11180=DIRECTION('',(0.,0.,1.));
#11181=DIRECTION('center_axis',(-0.832050294337842,-0.554700196225232,0.));
#11182=DIRECTION('ref_axis',(-0.554700196225232,0.832050294337842,0.));
#11183=DIRECTION('',(-0.554700196225232,0.832050294337842,0.));
#11184=DIRECTION('',(0.,0.,1.));
#11185=DIRECTION('',(-0.554700196225229,0.832050294337844,0.));
#11186=DIRECTION('',(0.,0.,1.));
#11187=DIRECTION('center_axis',(-0.832050294337843,0.554700196225229,0.));
#11188=DIRECTION('ref_axis',(0.554700196225229,0.832050294337844,0.));
#11189=DIRECTION('',(0.554700196225229,0.832050294337844,0.));
#11190=DIRECTION('',(0.,0.,1.));
#11191=DIRECTION('',(0.55470019622523,0.832050294337843,0.));
#11192=DIRECTION('',(0.,0.,1.));
#11193=DIRECTION('center_axis',(-0.857492925712544,0.514495755427527,0.));
#11194=DIRECTION('ref_axis',(0.514495755427527,0.857492925712544,0.));
#11195=DIRECTION('',(0.514495755427527,0.857492925712544,0.));
#11196=DIRECTION('',(0.,0.,1.));
#11197=DIRECTION('',(0.514495755427526,0.857492925712544,0.));
#11198=DIRECTION('',(0.,0.,1.));
#11199=DIRECTION('center_axis',(0.832050294337846,-0.554700196225226,0.));
#11200=DIRECTION('ref_axis',(-0.554700196225226,-0.832050294337846,0.));
#11201=DIRECTION('',(-0.554700196225226,-0.832050294337846,0.));
#11202=DIRECTION('',(0.,0.,1.));
#11203=DIRECTION('',(-0.554700196225224,-0.832050294337847,0.));
#11204=DIRECTION('',(0.,0.,1.));
#11205=DIRECTION('center_axis',(0.832050294337843,0.554700196225229,0.));
#11206=DIRECTION('ref_axis',(0.554700196225229,-0.832050294337844,0.));
#11207=DIRECTION('',(-0.554700196225229,0.832050294337844,0.));
#11208=DIRECTION('',(0.,0.,1.));
#11209=DIRECTION('',(-0.55470019622523,0.832050294337843,0.));
#11210=DIRECTION('',(0.,0.,1.));
#11211=DIRECTION('center_axis',(0.857492925712544,0.514495755427527,0.));
#11212=DIRECTION('ref_axis',(0.514495755427527,-0.857492925712544,0.));
#11213=DIRECTION('',(-0.514495755427527,0.857492925712544,0.));
#11214=DIRECTION('',(0.,0.,1.));
#11215=DIRECTION('',(-0.514495755427526,0.857492925712544,0.));
#11216=DIRECTION('',(0.,0.,1.));
#11217=DIRECTION('center_axis',(-2.18454230238081E-16,1.,0.));
#11218=DIRECTION('ref_axis',(-1.,-2.18454230238081E-16,0.));
#11219=DIRECTION('',(1.,2.18454230238081E-16,0.));
#11220=DIRECTION('',(0.,0.,1.));
#11221=DIRECTION('',(-1.,-2.18454230238081E-16,0.));
#11222=DIRECTION('center_axis',(-2.18454230238081E-16,-1.,0.));
#11223=DIRECTION('ref_axis',(1.,-2.18454230238081E-16,0.));
#11224=DIRECTION('',(-1.,2.18454230238081E-16,0.));
#11225=DIRECTION('',(0.,0.,1.));
#11226=DIRECTION('',(1.,-2.18454230238081E-16,0.));
#11227=DIRECTION('',(0.,0.,1.));
#11228=DIRECTION('center_axis',(0.,0.,-1.));
#11229=DIRECTION('ref_axis',(0.000526816235082253,-0.999999861232318,0.));
#11230=DIRECTION('center_axis',(0.,0.,-1.));
#11231=DIRECTION('ref_axis',(0.000526816235082253,-0.999999861232318,0.));
#11232=DIRECTION('',(0.,0.,1.));
#11233=DIRECTION('center_axis',(0.,0.,1.));
#11234=DIRECTION('ref_axis',(0.000526816235082253,-0.999999861232318,0.));
#11235=DIRECTION('',(0.,0.,1.));
#11236=DIRECTION('center_axis',(4.50812272145651E-16,-1.,0.));
#11237=DIRECTION('ref_axis',(1.,4.50812272145651E-16,0.));
#11238=DIRECTION('',(-1.,-4.50812272145651E-16,0.));
#11239=DIRECTION('',(0.,0.,1.));
#11240=DIRECTION('',(1.,4.50812272145651E-16,0.));
#11241=DIRECTION('',(0.,0.,1.));
#11242=DIRECTION('center_axis',(-0.857492925712544,-0.514495755427527,0.));
#11243=DIRECTION('ref_axis',(0.514495755427527,-0.857492925712544,0.));
#11244=DIRECTION('',(-0.514495755427527,0.857492925712544,0.));
#11245=DIRECTION('',(0.,0.,1.));
#11246=DIRECTION('',(0.514495755427527,-0.857492925712544,0.));
#11247=DIRECTION('center_axis',(0.,0.,1.));
#11248=DIRECTION('ref_axis',(-0.857492925712545,-0.514495755427526,0.));
#11249=DIRECTION('center_axis',(0.,0.,-1.));
#11250=DIRECTION('ref_axis',(-0.857492925712545,-0.514495755427526,0.));
#11251=DIRECTION('',(0.,0.,1.));
#11252=DIRECTION('center_axis',(0.,0.,1.));
#11253=DIRECTION('ref_axis',(-0.857492925712545,-0.514495755427526,0.));
#11254=DIRECTION('center_axis',(0.,0.,-1.));
#11255=DIRECTION('ref_axis',(0.499056608581981,-0.866569386391333,0.));
#11256=DIRECTION('center_axis',(0.,0.,-1.));
#11257=DIRECTION('ref_axis',(0.499056608581981,-0.866569386391333,0.));
#11258=DIRECTION('',(0.,0.,1.));
#11259=DIRECTION('center_axis',(0.,0.,1.));
#11260=DIRECTION('ref_axis',(0.499056608581981,-0.866569386391333,0.));
#11261=DIRECTION('center_axis',(5.78707619528347E-17,-1.,0.));
#11262=DIRECTION('ref_axis',(1.,5.78707619528347E-17,0.));
#11263=DIRECTION('',(-1.,-5.78707619528347E-17,0.));
#11264=DIRECTION('',(1.,5.78707619528347E-17,0.));
#11265=DIRECTION('',(0.,0.,1.));
#11266=DIRECTION('center_axis',(5.78707619528347E-17,1.,0.));
#11267=DIRECTION('ref_axis',(-1.,5.78707619528347E-17,0.));
#11268=DIRECTION('',(1.,-5.78707619528347E-17,0.));
#11269=DIRECTION('',(-1.,5.78707619528347E-17,0.));
#11270=DIRECTION('center_axis',(0.,0.,-1.));
#11271=DIRECTION('ref_axis',(0.498820092498813,0.866705552837569,0.));
#11272=DIRECTION('center_axis',(4.37399450426539E-26,7.59258280524162E-26,
-1.));
#11273=DIRECTION('ref_axis',(0.857492925184418,0.514495756307736,7.65702097491499E-26));
#11274=DIRECTION('',(0.,0.,1.));
#11275=DIRECTION('center_axis',(0.,0.,1.));
#11276=DIRECTION('ref_axis',(0.0149254680165086,0.999888608998266,0.));
#11277=DIRECTION('center_axis',(0.,0.,1.));
#11278=DIRECTION('ref_axis',(0.0149255271620201,0.999888608115392,0.));
#11279=DIRECTION('center_axis',(0.,0.,-1.));
#11280=DIRECTION('ref_axis',(0.0149255271620201,0.999888608115392,0.));
#11281=DIRECTION('',(0.,0.,1.));
#11282=DIRECTION('center_axis',(0.,0.,1.));
#11283=DIRECTION('ref_axis',(0.0149255271620201,0.999888608115392,0.));
#11284=DIRECTION('center_axis',(-0.857492925712544,0.514495755427527,0.));
#11285=DIRECTION('ref_axis',(-0.514495755427527,-0.857492925712544,0.));
#11286=DIRECTION('',(0.514495755427527,0.857492925712544,0.));
#11287=DIRECTION('',(0.,0.,1.));
#11288=DIRECTION('',(-0.514495755427527,-0.857492925712544,0.));
#11289=DIRECTION('center_axis',(4.50812272145651E-16,1.,0.));
#11290=DIRECTION('ref_axis',(-1.,4.50812272145651E-16,0.));
#11291=DIRECTION('',(1.,-4.50812272145651E-16,0.));
#11292=DIRECTION('',(-1.,4.50812272145651E-16,0.));
#11293=DIRECTION('center_axis',(0.,0.,-1.));
#11294=DIRECTION('ref_axis',(-0.000526816235089695,0.999999861232318,0.));
#11295=DIRECTION('center_axis',(0.,0.,-1.));
#11296=DIRECTION('ref_axis',(-0.000526816235089695,0.999999861232318,0.));
#11297=DIRECTION('center_axis',(0.,0.,1.));
#11298=DIRECTION('ref_axis',(-0.000526816235089695,0.999999861232318,0.));
#11299=DIRECTION('center_axis',(0.,0.,1.));
#11300=DIRECTION('ref_axis',(-0.000526816235119262,-0.999999861232318,0.));
#11301=DIRECTION('center_axis',(0.,0.,1.));
#11302=DIRECTION('ref_axis',(-0.000526816235119262,-0.999999861232318,0.));
#11303=DIRECTION('center_axis',(0.,0.,-1.));
#11304=DIRECTION('ref_axis',(-0.000526816235119262,-0.999999861232318,0.));
#11305=DIRECTION('',(0.,0.,1.));
#11306=DIRECTION('center_axis',(0.,0.,1.));
#11307=DIRECTION('ref_axis',(-0.99999999986551,1.64005897245967E-5,0.));
#11308=DIRECTION('center_axis',(-2.44455262538763E-15,-2.35126511164827E-33,
1.));
#11309=DIRECTION('ref_axis',(-0.832051106208721,-0.554698978416982,-2.03399271613921E-15));
#11310=DIRECTION('center_axis',(1.83341361821612E-15,0.,-1.));
#11311=DIRECTION('ref_axis',(-0.832051106208722,0.554698978416981,-1.53959894393646E-15));
#11312=DIRECTION('center_axis',(0.,0.,1.));
#11313=DIRECTION('ref_axis',(0.000526816235089642,0.999999861232318,0.));
#11314=DIRECTION('center_axis',(0.,0.,1.));
#11315=DIRECTION('ref_axis',(0.000526816235089642,0.999999861232318,0.));
#11316=DIRECTION('',(0.,0.,1.));
#11317=DIRECTION('center_axis',(0.,0.,-1.));
#11318=DIRECTION('ref_axis',(0.000526816235089642,0.999999861232318,0.));
#11319=DIRECTION('center_axis',(0.,0.,1.));
#11320=DIRECTION('ref_axis',(0.99999999986551,-1.64005897053432E-5,0.));
#11321=DIRECTION('center_axis',(2.44455260406728E-15,8.20337790790303E-32,
1.));
#11322=DIRECTION('ref_axis',(0.832051106208727,0.554698978416973,-2.03399269839961E-15));
#11323=DIRECTION('',(0.,0.,1.));
#11324=DIRECTION('center_axis',(-1.83341361821616E-15,0.,-1.));
#11325=DIRECTION('ref_axis',(0.832051106208728,-0.554698978416972,-1.53959894393644E-15));
#11326=DIRECTION('',(0.,0.,1.));
#11327=DIRECTION('center_axis',(0.,0.,1.));
#11328=DIRECTION('ref_axis',(-0.000593226182983418,-0.999999824041332,0.));
#11329=DIRECTION('center_axis',(0.,0.,1.));
#11330=DIRECTION('ref_axis',(-0.000593226182983418,-0.999999824041332,0.));
#11331=DIRECTION('center_axis',(0.,0.,-1.));
#11332=DIRECTION('ref_axis',(-0.000593226182983418,-0.999999824041332,0.));
#11333=DIRECTION('',(0.,0.,1.));
#11334=DIRECTION('center_axis',(0.,0.,1.));
#11335=DIRECTION('ref_axis',(-0.999999990938333,0.000134622934263026,0.));
#11336=DIRECTION('center_axis',(0.,0.,1.));
#11337=DIRECTION('ref_axis',(-0.999999990938333,0.000134622934263026,0.));
#11338=DIRECTION('center_axis',(0.,0.,-1.));
#11339=DIRECTION('ref_axis',(-0.999999990938333,0.000134622934263026,0.));
#11340=DIRECTION('center_axis',(0.,0.,1.));
#11341=DIRECTION('ref_axis',(0.000593226182956714,0.999999824041332,0.));
#11342=DIRECTION('center_axis',(0.,0.,1.));
#11343=DIRECTION('ref_axis',(0.000593226182956714,0.999999824041332,0.));
#11344=DIRECTION('',(0.,0.,1.));
#11345=DIRECTION('center_axis',(0.,0.,-1.));
#11346=DIRECTION('ref_axis',(0.000593226182956714,0.999999824041332,0.));
#11347=DIRECTION('center_axis',(0.,0.,1.));
#11348=DIRECTION('ref_axis',(0.999999990938333,-0.000134622934271333,0.));
#11349=DIRECTION('center_axis',(0.,0.,1.));
#11350=DIRECTION('ref_axis',(0.999999990938333,-0.000134622934271333,0.));
#11351=DIRECTION('',(0.,0.,1.));
#11352=DIRECTION('center_axis',(0.,0.,-1.));
#11353=DIRECTION('ref_axis',(0.999999990938333,-0.000134622934271333,0.));
#11354=DIRECTION('',(0.,0.,1.));
#11355=DIRECTION('center_axis',(-2.37904933848248E-16,-1.,0.));
#11356=DIRECTION('ref_axis',(1.,-2.37904933848248E-16,0.));
#11357=DIRECTION('',(-1.,2.37904933848248E-16,0.));
#11358=DIRECTION('',(0.,0.,1.));
#11359=DIRECTION('',(1.,-2.37904933848248E-16,0.));
#11360=DIRECTION('',(0.,0.,1.));
#11361=DIRECTION('center_axis',(-1.,0.,0.));
#11362=DIRECTION('ref_axis',(0.,-1.,0.));
#11363=DIRECTION('',(0.,1.,0.));
#11364=DIRECTION('',(0.,0.,1.));
#11365=DIRECTION('',(0.,-1.,0.));
#11366=DIRECTION('center_axis',(-3.56857400772372E-16,1.,0.));
#11367=DIRECTION('ref_axis',(-1.,-3.56857400772372E-16,0.));
#11368=DIRECTION('',(1.,3.56857400772372E-16,0.));
#11369=DIRECTION('',(0.,0.,1.));
#11370=DIRECTION('',(-1.,-3.56857400772372E-16,0.));
#11371=DIRECTION('center_axis',(-1.,0.,0.));
#11372=DIRECTION('ref_axis',(0.,-1.,0.));
#11373=DIRECTION('',(0.,1.,0.));
#11374=DIRECTION('',(0.,-0.703544597920105,-0.710651109010207));
#11375=DIRECTION('',(0.,-1.,0.));
#11376=DIRECTION('',(0.,-0.703544597920105,0.710651109010207));
#11377=DIRECTION('',(0.,1.,0.));
#11378=DIRECTION('',(0.,-1.,0.));
#11379=DIRECTION('center_axis',(0.,0.,1.));
#11380=DIRECTION('ref_axis',(-1.,0.,0.));
#11381=DIRECTION('center_axis',(0.,0.,1.));
#11382=DIRECTION('ref_axis',(1.,0.,0.));
#11383=DIRECTION('',(1.,2.77555756156289E-16,0.));
#11384=DIRECTION('',(0.,1.,0.));
#11385=DIRECTION('',(-1.,5.55111512312578E-16,0.));
#11386=DIRECTION('center_axis',(0.,0.,1.));
#11387=DIRECTION('ref_axis',(-1.,0.,0.));
#11388=DIRECTION('',(0.,-1.,0.));
#11389=DIRECTION('',(0.554700196225232,-0.832050294337842,0.));
#11390=DIRECTION('',(0.554700196225231,0.832050294337842,0.));
#11391=DIRECTION('',(0.514495755427732,0.857492925712421,0.));
#11392=DIRECTION('',(0.,-1.,0.));
#11393=DIRECTION('',(-1.,-2.37904933848248E-16,0.));
#11394=DIRECTION('',(0.,-1.,0.));
#11395=DIRECTION('',(1.,-3.56857400772372E-16,0.));
#11396=DIRECTION('',(0.,-1.,0.));
#11397=DIRECTION('',(1.,-2.77555756156289E-16,0.));
#11398=DIRECTION('',(0.,-1.,0.));
#11399=DIRECTION('',(-1.,-5.55111512312578E-16,0.));
#11400=DIRECTION('',(0.514495755427526,-0.857492925712544,0.));
#11401=DIRECTION('',(-0.514495755427526,-0.857492925712544,0.));
#11402=DIRECTION('',(0.554700196225229,-0.832050294337844,0.));
#11403=DIRECTION('',(-0.554700196225228,-0.832050294337844,0.));
#11404=DIRECTION('',(-1.,5.55111512312578E-16,0.));
#11405=DIRECTION('',(0.,1.,0.));
#11406=DIRECTION('',(1.,2.77555756156289E-16,0.));
#11407=DIRECTION('center_axis',(1.97245305924634E-16,-0.710651109010207,
0.703544597920105));
#11408=DIRECTION('ref_axis',(1.,5.17689969051289E-31,-2.80359349652818E-16));
#11409=DIRECTION('',(0.57540637270578,-0.575406372705779,-0.581218558288666));
#11410=DIRECTION('center_axis',(0.710651109010207,0.,0.703544597920106));
#11411=DIRECTION('ref_axis',(0.703544597920106,0.,-0.710651109010207));
#11412=DIRECTION('',(0.57540637270578,0.575406372705779,-0.581218558288666));
#11413=DIRECTION('center_axis',(3.94490611849267E-16,0.710651109010207,
0.703544597920105));
#11414=DIRECTION('ref_axis',(1.,1.97215226305253E-31,-5.60718699305635E-16));
#11415=DIRECTION('center_axis',(-2.37904933848248E-16,1.,0.));
#11416=DIRECTION('ref_axis',(-1.,-2.37904933848248E-16,0.));
#11417=DIRECTION('',(0.,0.,1.));
#11418=DIRECTION('',(-1.,-2.37904933848248E-16,0.));
#11419=DIRECTION('',(0.,0.,1.));
#11420=DIRECTION('center_axis',(-1.,0.,0.));
#11421=DIRECTION('ref_axis',(0.,-1.,0.));
#11422=DIRECTION('',(0.,-1.,0.));
#11423=DIRECTION('',(0.,0.,1.));
#11424=DIRECTION('center_axis',(-3.56857400772372E-16,-1.,0.));
#11425=DIRECTION('ref_axis',(1.,-3.56857400772372E-16,0.));
#11426=DIRECTION('',(1.,-3.56857400772372E-16,0.));
#11427=DIRECTION('',(0.,0.,1.));
#11428=DIRECTION('center_axis',(-1.,0.,0.));
#11429=DIRECTION('ref_axis',(0.,-1.,0.));
#11430=DIRECTION('',(0.,-1.,0.));
#11431=DIRECTION('',(0.,0.703544597920105,-0.710651109010207));
#11432=DIRECTION('',(0.,-1.,0.));
#11433=DIRECTION('',(0.,0.703544597920105,0.710651109010207));
#11434=DIRECTION('center_axis',(0.,0.,-1.));
#11435=DIRECTION('ref_axis',(-1.,0.,0.));
#11436=DIRECTION('',(1.,5.55111512312578E-16,0.));
#11437=DIRECTION('',(0.,1.,0.));
#11438=DIRECTION('',(-1.,2.77555756156289E-16,0.));
#11439=DIRECTION('center_axis',(0.,0.,-1.));
#11440=DIRECTION('ref_axis',(1.,0.,0.));
#11441=DIRECTION('center_axis',(-1.97245305924634E-16,-0.710651109010207,
0.703544597920105));
#11442=DIRECTION('ref_axis',(1.,-5.17689969051289E-31,2.80359349652818E-16));
#11443=DIRECTION('',(0.57540637270578,0.575406372705779,0.581218558288666));
#11444=DIRECTION('center_axis',(-0.710651109010207,0.,0.703544597920106));
#11445=DIRECTION('ref_axis',(0.703544597920106,0.,0.710651109010207));
#11446=DIRECTION('',(0.57540637270578,-0.575406372705779,0.581218558288666));
#11447=DIRECTION('center_axis',(-3.94490611849267E-16,0.710651109010207,
0.703544597920105));
#11448=DIRECTION('ref_axis',(1.,-1.97215226305253E-31,5.60718699305635E-16));
#11449=DIRECTION('center_axis',(0.857492925712421,-0.514495755427733,0.));
#11450=DIRECTION('ref_axis',(-0.514495755427733,-0.85749292571242,0.));
#11451=DIRECTION('',(0.514495755427733,0.85749292571242,0.));
#11452=DIRECTION('center_axis',(0.832050294337842,-0.554700196225232,0.));
#11453=DIRECTION('ref_axis',(-0.554700196225232,-0.832050294337842,0.));
#11454=DIRECTION('',(0.554700196225232,0.832050294337842,0.));
#11455=DIRECTION('center_axis',(-0.832050294337846,-0.554700196225226,0.));
#11456=DIRECTION('ref_axis',(-0.554700196225226,0.832050294337846,0.));
#11457=DIRECTION('',(0.554700196225226,-0.832050294337846,0.));
#11458=DIRECTION('center_axis',(-1.,0.,0.));
#11459=DIRECTION('ref_axis',(0.,1.,0.));
#11460=DIRECTION('',(0.,-1.,0.));
#11461=DIRECTION('center_axis',(-0.832050294337843,0.554700196225229,0.));
#11462=DIRECTION('ref_axis',(0.554700196225229,0.832050294337844,0.));
#11463=DIRECTION('',(-0.554700196225229,-0.832050294337844,0.));
#11464=DIRECTION('center_axis',(0.832050294337843,0.554700196225229,0.));
#11465=DIRECTION('ref_axis',(0.554700196225229,-0.832050294337844,0.));
#11466=DIRECTION('',(0.554700196225229,-0.832050294337844,0.));
#11467=DIRECTION('center_axis',(-0.857492925712544,0.514495755427527,0.));
#11468=DIRECTION('ref_axis',(0.514495755427527,0.857492925712544,0.));
#11469=DIRECTION('',(-0.514495755427527,-0.857492925712544,0.));
#11470=DIRECTION('center_axis',(0.857492925712544,0.514495755427527,0.));
#11471=DIRECTION('ref_axis',(0.514495755427527,-0.857492925712544,0.));
#11472=DIRECTION('',(0.514495755427527,-0.857492925712544,0.));
#11473=DIRECTION('center_axis',(0.,0.,1.));
#11474=DIRECTION('ref_axis',(1.,0.,0.));
#11475=DIRECTION('center_axis',(0.,0.,1.));
#11476=DIRECTION('ref_axis',(1.,0.,0.));
#11477=DIRECTION('center_axis',(0.,0.,-1.));
#11478=DIRECTION('ref_axis',(1.,0.,0.));
#11479=DIRECTION('center_axis',(0.,0.,1.));
#11480=DIRECTION('ref_axis',(1.,0.,0.));
#11481=DIRECTION('center_axis',(0.,0.,1.));
#11482=DIRECTION('ref_axis',(1.,0.,0.));
#11483=DIRECTION('',(0.,0.,-1.));
#11484=DIRECTION('center_axis',(0.,0.,-1.));
#11485=DIRECTION('ref_axis',(-1.,0.,0.));
#11486=DIRECTION('center_axis',(0.,0.,1.));
#11487=DIRECTION('ref_axis',(1.,0.,0.));
#11488=DIRECTION('center_axis',(0.,0.,1.));
#11489=DIRECTION('ref_axis',(1.,0.,0.));
#11490=DIRECTION('center_axis',(0.,0.,1.));
#11491=DIRECTION('ref_axis',(1.,0.,0.));
#11492=DIRECTION('',(0.,0.,-1.));
#11493=DIRECTION('center_axis',(0.,0.,-1.));
#11494=DIRECTION('ref_axis',(-1.,0.,0.));
#11495=DIRECTION('center_axis',(0.,0.,1.));
#11496=DIRECTION('ref_axis',(1.,0.,0.));
#11497=DIRECTION('center_axis',(0.,0.,1.));
#11498=DIRECTION('ref_axis',(1.,0.,0.));
#11499=DIRECTION('center_axis',(0.,0.,1.));
#11500=DIRECTION('ref_axis',(1.,0.,0.));
#11501=DIRECTION('',(0.,0.,-1.));
#11502=DIRECTION('center_axis',(0.,0.,-1.));
#11503=DIRECTION('ref_axis',(-1.,0.,0.));
#11504=DIRECTION('center_axis',(0.,0.,1.));
#11505=DIRECTION('ref_axis',(1.,0.,0.));
#11506=DIRECTION('center_axis',(0.,0.,1.));
#11507=DIRECTION('ref_axis',(1.,0.,0.));
#11508=DIRECTION('center_axis',(0.,0.,1.));
#11509=DIRECTION('ref_axis',(1.,0.,0.));
#11510=DIRECTION('',(0.,0.,-1.));
#11511=DIRECTION('center_axis',(0.,0.,1.));
#11512=DIRECTION('ref_axis',(1.,0.,0.));
#11513=DIRECTION('center_axis',(0.,0.,1.));
#11514=DIRECTION('ref_axis',(1.,0.,0.));
#11515=DIRECTION('center_axis',(0.,0.,-1.));
#11516=DIRECTION('ref_axis',(1.,0.,0.));
#11517=DIRECTION('center_axis',(0.,0.,1.));
#11518=DIRECTION('ref_axis',(1.,0.,0.));
#11519=DIRECTION('center_axis',(0.,0.,1.));
#11520=DIRECTION('ref_axis',(1.,0.,0.));
#11521=DIRECTION('',(0.,0.,-1.));
#11522=DIRECTION('center_axis',(0.,0.,-1.));
#11523=DIRECTION('ref_axis',(-1.,0.,0.));
#11524=DIRECTION('center_axis',(0.,0.,1.));
#11525=DIRECTION('ref_axis',(1.,0.,0.));
#11526=DIRECTION('center_axis',(0.,0.,1.));
#11527=DIRECTION('ref_axis',(1.,0.,0.));
#11528=DIRECTION('center_axis',(0.,0.,1.));
#11529=DIRECTION('ref_axis',(1.,0.,0.));
#11530=DIRECTION('',(0.,0.,-1.));
#11531=DIRECTION('center_axis',(0.,0.,-1.));
#11532=DIRECTION('ref_axis',(-1.,0.,0.));
#11533=DIRECTION('center_axis',(0.,0.,1.));
#11534=DIRECTION('ref_axis',(1.,0.,0.));
#11535=DIRECTION('center_axis',(0.,0.,1.));
#11536=DIRECTION('ref_axis',(1.,0.,0.));
#11537=DIRECTION('center_axis',(0.,0.,1.));
#11538=DIRECTION('ref_axis',(1.,0.,0.));
#11539=DIRECTION('',(0.,0.,-1.));
#11540=DIRECTION('center_axis',(0.,0.,-1.));
#11541=DIRECTION('ref_axis',(-1.,0.,0.));
#11542=DIRECTION('center_axis',(0.,0.,1.));
#11543=DIRECTION('ref_axis',(1.,0.,0.));
#11544=DIRECTION('center_axis',(0.,0.,1.));
#11545=DIRECTION('ref_axis',(1.,0.,0.));
#11546=DIRECTION('center_axis',(0.,0.,1.));
#11547=DIRECTION('ref_axis',(1.,0.,0.));
#11548=DIRECTION('',(0.,0.,-1.));
#11549=DIRECTION('center_axis',(0.,0.,1.));
#11550=DIRECTION('ref_axis',(1.,0.,0.));
#11551=DIRECTION('',(2.06441956332621E-61,-1.97215226305253E-31,0.999999999999998));
#11552=DIRECTION('',(0.999999999999999,-1.52583409214936E-46,2.46519032881566E-32));
#11553=CARTESIAN_POINT('',(0.,0.,0.));
#11554=CARTESIAN_POINT('',(0.,0.,0.));
#11555=CARTESIAN_POINT('',(0.,0.,0.));
#11556=CARTESIAN_POINT('Origin',(-20.3228622600026,3.82947147008563,-1.23136472406293));
#11557=CARTESIAN_POINT('',(-6.32286226000256,3.33447147008563,-0.73136472406293));
#11558=CARTESIAN_POINT('',(1.67713773999744,3.33447147008564,-0.73136472406293));
#11559=CARTESIAN_POINT('',(-6.32286226000256,3.33447147008563,-0.73136472406293));
#11560=CARTESIAN_POINT('',(1.67713773999744,4.32447147008564,-1.73136472406293));
#11561=CARTESIAN_POINT('',(1.67713773999744,2.84200884193554,-0.233927725931519));
#11562=CARTESIAN_POINT('',(-7.31286226000256,4.32447147008563,-1.73136472406293));
#11563=CARTESIAN_POINT('',(-20.3228622600026,4.32447147008563,-1.73136472406293));
#11564=CARTESIAN_POINT('',(-7.31286226000256,4.32447147008563,-1.73136472406293));
#11565=CARTESIAN_POINT('Origin',(-6.81786226000256,-0.415528529914367,-1.23136472406293));
#11566=CARTESIAN_POINT('',(-7.31286226000256,-2.65552852991436,-1.73136472406293));
#11567=CARTESIAN_POINT('',(-7.31286226000256,-0.415528529914367,-1.73136472406293));
#11568=CARTESIAN_POINT('',(-6.32286226000256,-1.66552852991436,-0.73136472406293));
#11569=CARTESIAN_POINT('',(-7.31286226000256,-2.65552852991436,-1.73136472406293));
#11570=CARTESIAN_POINT('',(-6.32286226000256,-1.66552852991436,-0.73136472406293));
#11571=CARTESIAN_POINT('Origin',(-16.3228622600026,-2.16052852991436,-1.23136472406293));
#11572=CARTESIAN_POINT('',(1.67713773999744,-2.65552852991437,-1.73136472406293));
#11573=CARTESIAN_POINT('',(-16.3228622600026,-2.65552852991436,-1.73136472406293));
#11574=CARTESIAN_POINT('',(1.67713773999744,-1.66552852991437,-0.73136472406293));
#11575=CARTESIAN_POINT('',(1.67713773999744,-1.91552840365812,-0.983889849056619));
#11576=CARTESIAN_POINT('',(1.67713773999744,-1.66552852991437,-0.73136472406293));
#11577=CARTESIAN_POINT('Origin',(-2.32286226000257,0.834471470085638,-1.33136472406293));
#11578=CARTESIAN_POINT('',(-5.32286226000256,-0.665528529914358,-1.33136472406293));
#11579=CARTESIAN_POINT('',(1.67713773999744,-0.665528529914368,-1.33136472406293));
#11580=CARTESIAN_POINT('',(-5.32286226000256,-0.665528529914358,-1.33136472406293));
#11581=CARTESIAN_POINT('',(-5.32286226000256,2.33447147008564,-1.33136472406293));
#11582=CARTESIAN_POINT('',(-5.32286226000256,2.33447147008564,-1.33136472406293));
#11583=CARTESIAN_POINT('',(1.67713773999744,2.33447147008564,-1.33136472406293));
#11584=CARTESIAN_POINT('',(1.67713773999744,2.33447147008564,-1.33136472406293));
#11585=CARTESIAN_POINT('',(1.67713773999744,2.33447147008564,-1.33136472406293));
#11586=CARTESIAN_POINT('Origin',(-2.32286226000257,0.834471470085638,-0.73136472406293));
#11587=CARTESIAN_POINT('',(1.67713773999744,2.33447147008564,-0.73136472406293));
#11588=CARTESIAN_POINT('Origin',(1.67713773999744,-0.665528529914368,-1.73136472406293));
#11589=CARTESIAN_POINT('',(1.67713773999744,-0.665528529914368,-1.73136472406293));
#11590=CARTESIAN_POINT('',(1.67713773999744,0.0844714700856319,-1.73136472406293));
#11591=CARTESIAN_POINT('',(1.67713773999744,-0.665528529914368,-1.73136472406293));
#11592=CARTESIAN_POINT('',(1.67713773999744,2.33447147008564,-1.73136472406293));
#11593=CARTESIAN_POINT('',(1.67713773999744,2.33447147008564,-1.73136472406293));
#11594=CARTESIAN_POINT('',(1.67713773999744,2.08447147008563,-1.73136472406293));
#11595=CARTESIAN_POINT('Origin',(-5.32286226000256,-0.665528529914358,-1.73136472406293));
#11596=CARTESIAN_POINT('',(-5.32286226000256,-0.665528529914358,-1.73136472406293));
#11597=CARTESIAN_POINT('',(-19.8228622600026,-0.665528529914358,-1.73136472406293));
#11598=CARTESIAN_POINT('',(-5.32286226000256,-0.665528529914358,-1.73136472406293));
#11599=CARTESIAN_POINT('Origin',(-5.32286226000256,2.33447147008564,-1.73136472406293));
#11600=CARTESIAN_POINT('',(-5.32286226000256,2.33447147008564,-1.73136472406293));
#11601=CARTESIAN_POINT('',(-5.32286226000258,1.58447147008563,-1.73136472406293));
#11602=CARTESIAN_POINT('',(-5.32286226000256,2.33447147008564,-1.73136472406293));
#11603=CARTESIAN_POINT('Origin',(1.67713773999744,2.33447147008564,-1.73136472406293));
#11604=CARTESIAN_POINT('',(-16.3228622600026,2.33447147008563,-1.73136472406293));
#11605=CARTESIAN_POINT('Origin',(3.67713773999744,0.834471470085633,-2.73136472406293));
#11606=CARTESIAN_POINT('',(3.67713773999744,-2.66552852991437,-2.73136472406293));
#11607=CARTESIAN_POINT('',(3.67713773999744,4.33447147008563,-2.73136472406293));
#11608=CARTESIAN_POINT('',(3.67713773999744,0.834471470085634,-2.73136472406293));
#11609=CARTESIAN_POINT('',(3.67713773999744,4.33447147008563,-1.73136472406293));
#11610=CARTESIAN_POINT('',(3.67713773999744,4.33447147008563,-2.73136472406293));
#11611=CARTESIAN_POINT('',(3.67713773999744,-2.66552852991437,-1.73136472406293));
#11612=CARTESIAN_POINT('',(3.67713773999744,-2.66552852991437,-1.73136472406293));
#11613=CARTESIAN_POINT('',(3.67713773999744,-2.66552852991437,-2.73136472406293));
#11614=CARTESIAN_POINT('Origin',(-9.50738631258026,-2.66552852991437,-2.73136472406293));
#11615=CARTESIAN_POINT('',(-9.50738631258026,-2.66552852991437,-1.73136472406293));
#11616=CARTESIAN_POINT('',(3.67713773999744,-2.66552852991437,-1.73136472406293));
#11617=CARTESIAN_POINT('',(-9.50738631258026,-2.66552852991437,-2.73136472406293));
#11618=CARTESIAN_POINT('',(-9.50738631258026,-2.66552852991437,-2.73136472406293));
#11619=CARTESIAN_POINT('',(-18.9151242862915,-2.66552852991437,-2.73136472406293));
#11620=CARTESIAN_POINT('Origin',(-10.9940805538127,6.81229520547166,-2.73136472406293));
#11621=CARTESIAN_POINT('',(-9.50738631258026,4.33447147008563,-2.73136472406293));
#11622=CARTESIAN_POINT('',(-12.3228622600045,9.02693138245678,-2.73136472406293));
#11623=CARTESIAN_POINT('',(-11.9689581909454,8.43709126735853,-2.73136472406293));
#11624=CARTESIAN_POINT('',(-12.3228622600045,9.02693138245678,-1.73136472406293));
#11625=CARTESIAN_POINT('',(-12.3228622600044,9.0269313824565,-2.73136472406293));
#11626=CARTESIAN_POINT('',(-9.50738631258026,4.33447147008563,-1.73136472406293));
#11627=CARTESIAN_POINT('',(-11.8471341051362,8.2340511243433,-1.73136472406293));
#11628=CARTESIAN_POINT('',(-9.50738631258026,4.33447147008563,-2.73136472406293));
#11629=CARTESIAN_POINT('Origin',(-16.3228622600026,0.834471470085633,-2.73136472406293));
#11630=CARTESIAN_POINT('',(-15.4228640432814,2.33447254001713,-2.73136472406293));
#11631=CARTESIAN_POINT('',(-14.3228623715044,4.16780487031942,-2.73136472406293));
#11632=CARTESIAN_POINT('',(-17.9110975541203,-1.81258735344378,-2.73136472406293));
#11633=CARTESIAN_POINT('',(-14.3228623715044,4.16780487031942,-1.73136472406293));
#11634=CARTESIAN_POINT('',(-14.3228622600026,4.16780480341896,-2.73136472406293));
#11635=CARTESIAN_POINT('',(-15.4228640432814,2.33447254001713,-1.73136472406293));
#11636=CARTESIAN_POINT('',(-15.4228622600026,2.33447147008563,-1.73136472406293));
#11637=CARTESIAN_POINT('',(-15.4228622600026,2.33447147008563,-2.73136472406293));
#11638=CARTESIAN_POINT('Origin',(-16.3228622600026,0.834471470085633,-2.73136472406293));
#11639=CARTESIAN_POINT('',(-14.3228599432583,-2.49886047324769,-2.73136472406293));
#11640=CARTESIAN_POINT('',(-15.4228624793893,-0.665528661544458,-2.73136472406293));
#11641=CARTESIAN_POINT('',(-17.9110975541203,3.48153029361504,-2.73136472406293));
#11642=CARTESIAN_POINT('',(-15.4228624793893,-0.665528661544458,-1.73136472406293));
#11643=CARTESIAN_POINT('',(-15.4228622600026,-0.665528529914368,-2.73136472406293));
#11644=CARTESIAN_POINT('',(-14.3228599432583,-2.49886047324769,-1.73136472406293));
#11645=CARTESIAN_POINT('',(-14.3228622600026,-2.4988618632477,-1.73136472406293));
#11646=CARTESIAN_POINT('',(-14.3228622600026,-2.4988618632477,-2.73136472406293));
#11647=CARTESIAN_POINT('Origin',(-16.9498339172456,-2.66552852991436,-2.73136472406293));
#11648=CARTESIAN_POINT('',(-14.0398967992136,-7.51542372663439,-2.73136472406293));
#11649=CARTESIAN_POINT('',(-16.9498339172456,-2.66552852991436,-2.73136472406293));
#11650=CARTESIAN_POINT('',(-15.2565582567281,-5.48765463077686,-2.73136472406293));
#11651=CARTESIAN_POINT('',(-14.0398967992136,-7.51542372663439,-1.73136472406293));
#11652=CARTESIAN_POINT('',(-14.0398967992136,-7.51542372663439,-2.73136472406293));
#11653=CARTESIAN_POINT('',(-16.9498339172456,-2.66552852991436,-1.73136472406293));
#11654=CARTESIAN_POINT('',(-14.0398967992136,-7.51542372663439,-1.73136472406293));
#11655=CARTESIAN_POINT('',(-16.9498339172456,-2.66552852991436,-2.73136472406293));
#11656=CARTESIAN_POINT('Origin',(-13.31802129351,-7.08229842321228,-2.73136472406293));
#11657=CARTESIAN_POINT('',(-13.3054562939383,-7.92405092415972,-2.73136472406293));
#11658=CARTESIAN_POINT('Origin',(-13.31802129351,-7.08229842321228,-2.73136472406293));
#11659=CARTESIAN_POINT('',(-13.3054562939384,-7.92405092415972,-1.73136472406293));
#11660=CARTESIAN_POINT('',(-13.3054563239985,-7.92404891815742,-2.73136472406293));
#11661=CARTESIAN_POINT('Origin',(-13.31802129351,-7.08229842321228,-1.73136472406293));
#11662=CARTESIAN_POINT('Origin',(-13.3228843605274,-6.75794058124825,-2.73136472406293));
#11663=CARTESIAN_POINT('',(-12.3228585632622,-7.35799066077822,-2.73136472406293));
#11664=CARTESIAN_POINT('Origin',(-13.3228843605274,-6.75794058124825,-2.73136472406293));
#11665=CARTESIAN_POINT('',(-12.3228585632622,-7.35799066077822,-1.73136472406293));
#11666=CARTESIAN_POINT('',(-12.3228622600044,-7.35798844228524,-2.73136472406293));
#11667=CARTESIAN_POINT('Origin',(-13.3228843605274,-6.75794058124825,-1.73136472406293));
#11668=CARTESIAN_POINT('Origin',(9.67713773999744,4.33447147008563,-2.73136472406293));
#11669=CARTESIAN_POINT('',(-9.32286226000256,4.33447147008563,-2.73136472406293));
#11670=CARTESIAN_POINT('',(9.67713773999744,4.33447147008563,-1.73136472406293));
#11671=CARTESIAN_POINT('Origin',(-13.3228633736107,8.42692923946819,-2.73136472406293));
#11672=CARTESIAN_POINT('',(-13.3054563239982,9.59299185832868,-2.73136472406293));
#11673=CARTESIAN_POINT('Origin',(-13.322862261233,8.42693138032327,-2.73136472406293));
#11674=CARTESIAN_POINT('',(-13.3054563239983,9.59299185832868,-1.73136472406293));
#11675=CARTESIAN_POINT('',(-13.3054563239985,9.59299185832868,-2.73136472406293));
#11676=CARTESIAN_POINT('Origin',(-13.322862261233,8.42693138032327,-1.73136472406293));
#11677=CARTESIAN_POINT('Origin',(-13.31802129351,8.75124136338354,-2.73136472406293));
#11678=CARTESIAN_POINT('',(-14.0398967992136,9.18436666680565,-2.73136472406293));
#11679=CARTESIAN_POINT('Origin',(-13.31802129351,8.75124136338354,-2.73136472406293));
#11680=CARTESIAN_POINT('',(-14.0398967992136,9.18436666680566,-1.73136472406293));
#11681=CARTESIAN_POINT('',(-14.0398967992136,9.18436666680565,-2.73136472406293));
#11682=CARTESIAN_POINT('Origin',(-13.31802129351,8.75124136338354,-1.73136472406293));
#11683=CARTESIAN_POINT('Origin',(-14.0398967992136,9.18436666680565,-2.73136472406293));
#11684=CARTESIAN_POINT('',(-16.9498339172456,4.33447147008562,-2.73136472406293));
#11685=CARTESIAN_POINT('',(-21.7427661683004,-3.65374894833907,-2.73136472406293));
#11686=CARTESIAN_POINT('',(-16.9498339172456,4.33447147008562,-1.73136472406293));
#11687=CARTESIAN_POINT('',(-16.9498339172456,4.33447147008562,-2.73136472406293));
#11688=CARTESIAN_POINT('',(-14.0398967992136,9.18436666680565,-1.73136472406293));
#11689=CARTESIAN_POINT('Origin',(-13.3228589569339,-1.89886622711932,-2.73136472406293));
#11690=CARTESIAN_POINT('',(-12.3228621485007,-2.49886193014815,-2.73136472406293));
#11691=CARTESIAN_POINT('Origin',(-13.3228589569339,-1.89886622711932,-2.73136472406293));
#11692=CARTESIAN_POINT('',(-12.3228621485007,-2.49886193014815,-1.73136472406293));
#11693=CARTESIAN_POINT('Origin',(-13.3228589569339,-1.89886622711932,-1.73136472406293));
#11694=CARTESIAN_POINT('',(-12.3228622600026,-2.4988618632477,-2.73136472406293));
#11695=CARTESIAN_POINT('Origin',(-12.9228417533234,0.834475014828381,-2.73136472406293));
#11696=CARTESIAN_POINT('Origin',(-12.9228417533234,0.834475014828381,-2.73136472406293));
#11697=CARTESIAN_POINT('Origin',(-12.9228417533234,0.834475014828381,-1.73136472406293));
#11698=CARTESIAN_POINT('Origin',(-13.3228655630712,3.56780916729049,-2.73136472406293));
#11699=CARTESIAN_POINT('',(-12.3228645767468,4.16780341341898,-2.73136472406293));
#11700=CARTESIAN_POINT('Origin',(-13.3228655630712,3.56780916729049,-2.73136472406293));
#11701=CARTESIAN_POINT('',(-12.3228645767468,4.16780341341898,-1.73136472406293));
#11702=CARTESIAN_POINT('',(-12.3228622600026,4.16780480341896,-2.73136472406293));
#11703=CARTESIAN_POINT('Origin',(-13.3228655630712,3.56780916729049,-1.73136472406293));
#11704=CARTESIAN_POINT('Origin',(-13.7228827666816,0.834467925342908,-2.73136472406293));
#11705=CARTESIAN_POINT('',(-11.2228604767238,-0.665529599845847,-2.73136472406293));
#11706=CARTESIAN_POINT('',(-11.2228620406159,2.33447160171573,-2.73136472406293));
#11707=CARTESIAN_POINT('Origin',(-13.7228827666816,0.834467925342908,-2.73136472406293));
#11708=CARTESIAN_POINT('',(-11.2228604767238,-0.665529599845847,-1.73136472406293));
#11709=CARTESIAN_POINT('',(-11.2228622600026,-0.665528529914368,-2.73136472406293));
#11710=CARTESIAN_POINT('',(-11.2228620406159,2.33447160171573,-1.73136472406293));
#11711=CARTESIAN_POINT('Origin',(-13.7228827666816,0.834467925342908,-1.73136472406293));
#11712=CARTESIAN_POINT('',(-11.2228622600026,2.33447147008563,-2.73136472406293));
#11713=CARTESIAN_POINT('Origin',(-10.9940805538127,-5.1433522653004,-2.73136472406293));
#11714=CARTESIAN_POINT('',(-11.9689581909454,-6.76814832718727,-2.73136472406293));
#11715=CARTESIAN_POINT('',(-12.3228622600044,-7.35798844228524,-1.73136472406293));
#11716=CARTESIAN_POINT('Origin',(-13.3228622600026,-4.16552852991437,-2.73136472406293));
#11717=CARTESIAN_POINT('',(-14.2052152011791,-5.63611676520849,-2.73136472406293));
#11718=CARTESIAN_POINT('',(-11.2228622600026,-0.665528529914368,-1.73136472406293));
#11719=CARTESIAN_POINT('Origin',(-13.3228622600026,5.83447147008563,-2.73136472406293));
#11720=CARTESIAN_POINT('',(-14.2052152011791,7.30505970537975,-2.73136472406293));
#11721=CARTESIAN_POINT('',(-12.3228622600026,4.16780480341896,-1.73136472406293));
#11722=CARTESIAN_POINT('Origin',(-58.3228622600026,2.33447147008564,-1.73136472406293));
#11723=CARTESIAN_POINT('',(-51.3228622600026,2.33447147008564,-1.73136472406293));
#11724=CARTESIAN_POINT('',(-58.3228622600026,2.33447147008564,-1.73136472406293));
#11725=CARTESIAN_POINT('',(-40.3228622600026,2.33447147008563,-1.73136472406293));
#11726=CARTESIAN_POINT('',(-51.3228622600026,2.33447147008564,-1.33136472406293));
#11727=CARTESIAN_POINT('',(-51.3228622600026,2.33447147008564,-1.73136472406293));
#11728=CARTESIAN_POINT('',(-58.3228622600026,2.33447147008564,-1.33136472406293));
#11729=CARTESIAN_POINT('',(-58.3228622600026,2.33447147008564,-1.33136472406293));
#11730=CARTESIAN_POINT('',(-58.3228622600026,2.33447147008564,-1.73136472406293));
#11731=CARTESIAN_POINT('Origin',(-51.3228622600026,2.33447147008564,-1.73136472406293));
#11732=CARTESIAN_POINT('',(-51.3228622600026,-0.665528529914357,-1.73136472406293));
#11733=CARTESIAN_POINT('',(-51.3228622600026,1.58447147008563,-1.73136472406293));
#11734=CARTESIAN_POINT('',(-51.3228622600026,-0.665528529914357,-1.33136472406293));
#11735=CARTESIAN_POINT('',(-51.3228622600026,-0.665528529914357,-1.73136472406293));
#11736=CARTESIAN_POINT('',(-51.3228622600026,2.33447147008564,-1.33136472406293));
#11737=CARTESIAN_POINT('Origin',(-51.3228622600026,-0.665528529914357,-1.73136472406293));
#11738=CARTESIAN_POINT('',(-58.3228622600026,-0.665528529914368,-1.73136472406293));
#11739=CARTESIAN_POINT('',(-36.8228622600026,-0.665528529914357,-1.73136472406293));
#11740=CARTESIAN_POINT('',(-58.3228622600026,-0.665528529914368,-1.33136472406293));
#11741=CARTESIAN_POINT('',(-58.3228622600026,-0.665528529914368,-1.73136472406293));
#11742=CARTESIAN_POINT('',(-51.3228622600026,-0.665528529914357,-1.33136472406293));
#11743=CARTESIAN_POINT('Origin',(-58.3228622600026,-0.665528529914368,-1.73136472406293));
#11744=CARTESIAN_POINT('',(-58.3228622600026,-2.65552852991437,-1.73136472406293));
#11745=CARTESIAN_POINT('',(-58.3228622600026,0.0844714700856314,-1.73136472406293));
#11746=CARTESIAN_POINT('',(-58.3228622600026,-1.66552852991437,-0.731364724062928));
#11747=CARTESIAN_POINT('',(-58.3228622600026,-1.91552840365812,-0.983889849056618));
#11748=CARTESIAN_POINT('',(-58.3228622600026,3.33447147008564,-0.731364724062928));
#11749=CARTESIAN_POINT('',(-58.3228622600026,2.33447147008564,-0.731364724062928));
#11750=CARTESIAN_POINT('',(-58.3228622600026,4.32447147008564,-1.73136472406293));
#11751=CARTESIAN_POINT('',(-58.3228622600026,2.84200884193554,-0.233927725931518));
#11752=CARTESIAN_POINT('',(-58.3228622600026,2.08447147008563,-1.73136472406293));
#11753=CARTESIAN_POINT('',(-58.3228622600026,2.33447147008564,-1.33136472406293));
#11754=CARTESIAN_POINT('Origin',(-54.3228622600026,0.834471470085636,-1.33136472406293));
#11755=CARTESIAN_POINT('Origin',(-54.3228622600026,0.834471470085636,-0.731364724062928));
#11756=CARTESIAN_POINT('',(-50.3228622600026,-1.66552852991436,-0.731364724062928));
#11757=CARTESIAN_POINT('',(-58.3228622600026,-1.66552852991437,-0.731364724062928));
#11758=CARTESIAN_POINT('',(-50.3228622600026,3.33447147008563,-0.731364724062928));
#11759=CARTESIAN_POINT('',(-50.3228622600026,-1.66552852991436,-0.731364724062928));
#11760=CARTESIAN_POINT('',(-50.3228622600026,3.33447147008563,-0.731364724062928));
#11761=CARTESIAN_POINT('Origin',(-40.3228622600026,-2.16052852991436,-1.23136472406293));
#11762=CARTESIAN_POINT('',(-49.3328622600026,-2.65552852991436,-1.73136472406293));
#11763=CARTESIAN_POINT('',(-40.3228622600026,-2.65552852991436,-1.73136472406293));
#11764=CARTESIAN_POINT('',(-50.3228622600026,-1.66552852991436,-0.731364724062928));
#11765=CARTESIAN_POINT('Origin',(-49.8278622600026,-0.415528529914369,-1.23136472406293));
#11766=CARTESIAN_POINT('',(-49.3328622600026,4.32447147008563,-1.73136472406293));
#11767=CARTESIAN_POINT('',(-49.3328622600026,-0.415528529914369,-1.73136472406293));
#11768=CARTESIAN_POINT('',(-50.3228622600026,3.33447147008563,-0.731364724062928));
#11769=CARTESIAN_POINT('Origin',(-36.3228622600026,3.82947147008563,-1.23136472406293));
#11770=CARTESIAN_POINT('',(-36.3228622600026,4.32447147008563,-1.73136472406293));
#11771=CARTESIAN_POINT('Origin',(-60.3228622600026,-2.66552852991437,-2.73136472406293));
#11772=CARTESIAN_POINT('',(-60.3228622600026,4.33447147008563,-2.73136472406293));
#11773=CARTESIAN_POINT('',(-60.3228622600026,-2.66552852991437,-2.73136472406293));
#11774=CARTESIAN_POINT('',(-60.3228622600026,-0.915528529914367,-2.73136472406293));
#11775=CARTESIAN_POINT('',(-60.3228622600026,-2.66552852991437,-1.73136472406293));
#11776=CARTESIAN_POINT('',(-60.3228622600026,-2.66552852991437,-2.73136472406293));
#11777=CARTESIAN_POINT('',(-60.3228622600026,4.33447147008563,-1.73136472406293));
#11778=CARTESIAN_POINT('',(-60.3228622600026,4.33447147008563,-1.73136472406293));
#11779=CARTESIAN_POINT('',(-60.3228622600026,4.33447147008563,-2.73136472406293));
#11780=CARTESIAN_POINT('Origin',(-38.5500628322999,7.18221142286163,-2.73136472406293));
#11781=CARTESIAN_POINT('',(-36.6515695304493,4.33447147008563,-2.73136472406293));
#11782=CARTESIAN_POINT('',(-40.3228638743256,9.84140948823763,-2.73136472406293));
#11783=CARTESIAN_POINT('',(-35.5117842936136,2.62479361483209,-2.73136472406293));
#11784=CARTESIAN_POINT('',(-40.3228638743256,9.84140948823763,-1.73136472406293));
#11785=CARTESIAN_POINT('',(-40.3228622600028,9.84141056441586,-2.73136472406293));
#11786=CARTESIAN_POINT('',(-36.6515695304493,4.33447147008563,-1.73136472406293));
#11787=CARTESIAN_POINT('',(-39.4321922093544,8.50540548844331,-1.73136472406293));
#11788=CARTESIAN_POINT('',(-36.6515695304493,4.33447147008563,-2.73136472406293));
#11789=CARTESIAN_POINT('Origin',(-45.3228622600026,0.834471470085633,-2.73136472406293));
#11790=CARTESIAN_POINT('',(-44.3228622600025,2.33447147008574,-2.73136472406293));
#11791=CARTESIAN_POINT('',(-42.3228606456797,5.3344703939074,-2.73136472406293));
#11792=CARTESIAN_POINT('',(-42.707477644618,4.75754839316256,-2.73136472406293));
#11793=CARTESIAN_POINT('',(-42.3228606456797,5.3344703939074,-1.73136472406293));
#11794=CARTESIAN_POINT('',(-42.3228622600026,5.33447147008564,-2.73136472406293));
#11795=CARTESIAN_POINT('',(-44.3228622600025,2.33447147008574,-1.73136472406293));
#11796=CARTESIAN_POINT('',(-44.3228622600026,2.33447147008563,-1.73136472406293));
#11797=CARTESIAN_POINT('',(-44.3228622600026,2.33447147008563,-2.73136472406293));
#11798=CARTESIAN_POINT('Origin',(-41.3228622600028,11.3414105644158,-2.73136472406293));
#11799=CARTESIAN_POINT('',(-42.3228608091265,9.84140959719679,-2.73136472406293));
#11800=CARTESIAN_POINT('',(-45.9941549895563,4.33447147008563,-2.73136472406293));
#11801=CARTESIAN_POINT('',(-41.7475405125405,10.7043931856093,-2.73136472406293));
#11802=CARTESIAN_POINT('',(-45.9941549895563,4.33447147008564,-1.73136472406293));
#11803=CARTESIAN_POINT('',(-45.9941549895563,4.33447147008563,-2.73136472406293));
#11804=CARTESIAN_POINT('',(-42.3228608091265,9.84140959719678,-1.73136472406293));
#11805=CARTESIAN_POINT('',(-42.3228622600028,9.84141056441586,-1.73136472406293));
#11806=CARTESIAN_POINT('',(-42.3228622600028,9.84141056441585,-2.73136472406293));
#11807=CARTESIAN_POINT('Origin',(-45.3228622600026,0.834471470085631,-2.73136472406293));
#11808=CARTESIAN_POINT('',(-42.3228608091263,-3.6655275626953,-2.73136472406293));
#11809=CARTESIAN_POINT('',(-44.3228622600026,-0.665528529914308,-2.73136472406293));
#11810=CARTESIAN_POINT('',(-42.707477644618,-3.0886054529913,-2.73136472406293));
#11811=CARTESIAN_POINT('',(-44.3228622600026,-0.665528529914308,-1.73136472406293));
#11812=CARTESIAN_POINT('',(-44.3228622600026,-0.665528529914368,-2.73136472406293));
#11813=CARTESIAN_POINT('',(-42.3228608091263,-3.6655275626953,-1.73136472406293));
#11814=CARTESIAN_POINT('',(-42.3228622600026,-3.66552852991438,-1.73136472406293));
#11815=CARTESIAN_POINT('',(-42.3228622600026,-3.66552852991438,-2.73136472406293));
#11816=CARTESIAN_POINT('Origin',(-45.9941549895563,4.33447147008563,-2.73136472406293));
#11817=CARTESIAN_POINT('',(-45.9941549895563,4.33447147008563,-1.73136472406293));
#11818=CARTESIAN_POINT('',(-31.1585086247794,4.33447147008564,-2.73136472406293));
#11819=CARTESIAN_POINT('Origin',(-41.3228620238815,-7.50580803395353,-2.73136472406293));
#11820=CARTESIAN_POINT('',(-40.322863710879,-8.17246665702557,-2.73136472406293));
#11821=CARTESIAN_POINT('',(-42.3228606456799,-8.17246654806636,-2.73136472406293));
#11822=CARTESIAN_POINT('Origin',(-41.3228620238815,-7.50580803395353,-2.73136472406293));
#11823=CARTESIAN_POINT('',(-40.322863710879,-8.17246665702555,-1.73136472406293));
#11824=CARTESIAN_POINT('',(-40.3228622600028,-8.1724676242446,-2.73136472406293));
#11825=CARTESIAN_POINT('',(-42.3228606456799,-8.17246654806636,-1.73136472406293));
#11826=CARTESIAN_POINT('Origin',(-41.3228620238815,-7.50580803395353,-1.73136472406293));
#11827=CARTESIAN_POINT('',(-42.3228622600028,-8.1724676242446,-2.73136472406293));
#11828=CARTESIAN_POINT('Origin',(-41.322862496124,9.17475097412491,-2.73136472406293));
#11829=CARTESIAN_POINT('Origin',(-41.322862496124,9.17475097412491,-2.73136472406293));
#11830=CARTESIAN_POINT('Origin',(-41.322862496124,9.17475097412491,-1.73136472406293));
#11831=CARTESIAN_POINT('Origin',(-41.3228624961238,-2.99886893962344,-2.73136472406293));
#11832=CARTESIAN_POINT('',(-40.3228638743254,-3.66552745373612,-2.73136472406293));
#11833=CARTESIAN_POINT('Origin',(-41.3228624961238,-2.99886893962344,-2.73136472406293));
#11834=CARTESIAN_POINT('',(-40.3228638743254,-3.66552745373612,-1.73136472406293));
#11835=CARTESIAN_POINT('Origin',(-41.3228624961238,-2.99886893962344,-1.73136472406293));
#11836=CARTESIAN_POINT('',(-40.3228622600026,-3.66552852991438,-2.73136472406293));
#11837=CARTESIAN_POINT('Origin',(-42.0728603234793,0.834472130251417,-2.73136472406293));
#11838=CARTESIAN_POINT('Origin',(-42.0728551248265,0.834471470085633,-2.73136472406292));
#11839=CARTESIAN_POINT('Origin',(-42.0728551248265,0.834471470085633,-1.73136472406292));
#11840=CARTESIAN_POINT('Origin',(-41.3228620238813,4.66781187979456,-2.73136472406293));
#11841=CARTESIAN_POINT('',(-40.3228637108788,5.3344705028666,-2.73136472406293));
#11842=CARTESIAN_POINT('Origin',(-41.3228620238813,4.66781187979456,-2.73136472406293));
#11843=CARTESIAN_POINT('',(-40.3228637108789,5.3344705028666,-1.73136472406293));
#11844=CARTESIAN_POINT('',(-40.3228622600026,5.33447147008564,-2.73136472406293));
#11845=CARTESIAN_POINT('Origin',(-41.3228620238813,4.66781187979456,-1.73136472406293));
#11846=CARTESIAN_POINT('Origin',(-40.5728641965252,0.834470809919788,-2.73136472406293));
#11847=CARTESIAN_POINT('',(-38.3228622600026,-0.665528529914481,-2.73136472406293));
#11848=CARTESIAN_POINT('',(-38.3228622600025,2.33447147008557,-2.73136472406293));
#11849=CARTESIAN_POINT('Origin',(-40.5728693951787,0.834471470085631,-2.73136472406292));
#11850=CARTESIAN_POINT('',(-38.3228622600027,-0.665528529914476,-1.73136472406293));
#11851=CARTESIAN_POINT('',(-38.3228622600026,-0.665528529914368,-2.73136472406293));
#11852=CARTESIAN_POINT('',(-38.3228622600025,2.33447147008557,-1.73136472406293));
#11853=CARTESIAN_POINT('Origin',(-40.5728693951787,0.834471470085631,-1.73136472406292));
#11854=CARTESIAN_POINT('',(-38.3228622600026,2.33447147008563,-2.73136472406293));
#11855=CARTESIAN_POINT('Origin',(-38.5500628322999,-5.51326848269037,-2.73136472406293));
#11856=CARTESIAN_POINT('',(-36.6515695304493,-2.66552852991437,-2.73136472406293));
#11857=CARTESIAN_POINT('',(-35.5117842936136,-0.955850674660828,-2.73136472406293));
#11858=CARTESIAN_POINT('',(-36.6515695304493,-2.66552852991437,-1.73136472406293));
#11859=CARTESIAN_POINT('',(-36.6515695304493,-2.66552852991437,-2.73136472406293));
#11860=CARTESIAN_POINT('',(-40.3228622600028,-8.17246762424461,-1.73136472406293));
#11861=CARTESIAN_POINT('Origin',(-41.3228622600028,-9.67246762424457,-2.73136472406293));
#11862=CARTESIAN_POINT('',(-45.9941549895563,-2.66552852991437,-2.73136472406293));
#11863=CARTESIAN_POINT('',(-41.7475405125405,-9.03545024543799,-2.73136472406293));
#11864=CARTESIAN_POINT('',(-45.9941549895563,-2.66552852991437,-1.73136472406293));
#11865=CARTESIAN_POINT('',(-42.5537202444835,-7.82618064752357,-1.73136472406293));
#11866=CARTESIAN_POINT('',(-45.9941549895563,-2.66552852991437,-2.73136472406293));
#11867=CARTESIAN_POINT('Origin',(-41.3228622600026,-5.16552852991437,-2.73136472406293));
#11868=CARTESIAN_POINT('',(-37.9382468753872,-0.0886054529912927,-2.73136472406293));
#11869=CARTESIAN_POINT('',(-38.3228622600026,-0.665528529914368,-1.73136472406293));
#11870=CARTESIAN_POINT('Origin',(-41.3228622600026,6.83447147008563,-2.73136472406293));
#11871=CARTESIAN_POINT('',(-37.9382468753872,1.75754839316256,-2.73136472406293));
#11872=CARTESIAN_POINT('',(-40.3228622600026,5.33447147008564,-1.73136472406293));
#11873=CARTESIAN_POINT('Origin',(-66.3228622600026,-2.66552852991437,-2.73136472406293));
#11874=CARTESIAN_POINT('',(-41.3228622600026,-2.66552852991437,-2.73136472406293));
#11875=CARTESIAN_POINT('',(-39.9941549895563,-2.66552852991437,-1.73136472406293));
#11876=CARTESIAN_POINT('Origin',(-22.9498339172456,4.33447147008562,-2.73136472406293));
#11877=CARTESIAN_POINT('',(-26.3228622600026,4.33447147008563,-2.73136472406293));
#11878=CARTESIAN_POINT('',(-26.3228622600026,4.33447147008562,-1.73136472406293));
#11879=CARTESIAN_POINT('Origin',(-34.3228622600026,0.834471470085635,-2.73136472406293));
#11880=CARTESIAN_POINT('',(-26.3228622600026,-2.66552852991437,-2.73136472406293));
#11881=CARTESIAN_POINT('Origin',(-34.3228622600026,0.83447147008563,-1.73136472406293));
#11882=CARTESIAN_POINT('',(-26.3228622600026,-2.66552852991436,-1.73136472406293));
#11883=CARTESIAN_POINT('Origin',(-42.6515695304493,-2.66552852991437,-2.73136472406293));
#11884=CARTESIAN_POINT('Origin',(-30.0000000000016,2.99499999999998,1.50000000000005));
#11885=CARTESIAN_POINT('',(-16.0000000000016,2.49999999999998,2.00000000000004));
#11886=CARTESIAN_POINT('',(-8.0000000000016,2.49999999999999,2.00000000000004));
#11887=CARTESIAN_POINT('',(-16.0000000000016,2.49999999999998,2.00000000000004));
#11888=CARTESIAN_POINT('',(-8.0000000000016,3.48999999999999,1.00000000000004));
#11889=CARTESIAN_POINT('',(-8.0000000000016,2.00753737184989,2.49743699813145));
#11890=CARTESIAN_POINT('',(-16.9900000000016,3.48999999999998,1.00000000000004));
#11891=CARTESIAN_POINT('',(-30.0000000000016,3.48999999999998,1.00000000000004));
#11892=CARTESIAN_POINT('',(-16.9900000000016,3.48999999999998,1.00000000000004));
#11893=CARTESIAN_POINT('Origin',(-16.4950000000016,-1.25000000000002,1.50000000000005));
#11894=CARTESIAN_POINT('',(-16.9900000000016,-3.49000000000001,1.00000000000005));
#11895=CARTESIAN_POINT('',(-16.9900000000016,-1.25000000000002,1.00000000000005));
#11896=CARTESIAN_POINT('',(-16.0000000000016,-2.50000000000001,2.00000000000005));
#11897=CARTESIAN_POINT('',(-16.9900000000016,-3.49000000000001,1.00000000000005));
#11898=CARTESIAN_POINT('',(-16.0000000000016,-2.50000000000001,2.00000000000005));
#11899=CARTESIAN_POINT('Origin',(-26.0000000000016,-2.99500000000001,1.50000000000005));
#11900=CARTESIAN_POINT('',(-8.0000000000016,-3.49000000000002,1.00000000000005));
#11901=CARTESIAN_POINT('',(-26.0000000000016,-3.49000000000001,1.00000000000005));
#11902=CARTESIAN_POINT('',(-8.0000000000016,-2.50000000000002,2.00000000000005));
#11903=CARTESIAN_POINT('',(-8.0000000000016,-2.74999987374377,1.74747487500636));
#11904=CARTESIAN_POINT('',(-8.0000000000016,-2.50000000000002,2.00000000000005));
#11905=CARTESIAN_POINT('Origin',(-12.0000000000016,-1.29063426612674E-14,
1.40000000000005));
#11906=CARTESIAN_POINT('',(-15.0000000000016,-1.50000000000001,1.40000000000005));
#11907=CARTESIAN_POINT('',(-8.0000000000016,-1.50000000000002,1.40000000000005));
#11908=CARTESIAN_POINT('',(-15.0000000000016,-1.50000000000001,1.40000000000005));
#11909=CARTESIAN_POINT('',(-15.0000000000016,1.49999999999999,1.40000000000005));
#11910=CARTESIAN_POINT('',(-15.0000000000016,1.49999999999999,1.40000000000005));
#11911=CARTESIAN_POINT('',(-8.0000000000016,1.49999999999999,1.40000000000004));
#11912=CARTESIAN_POINT('',(-8.0000000000016,1.49999999999999,1.40000000000004));
#11913=CARTESIAN_POINT('',(-8.0000000000016,1.49999999999999,1.40000000000004));
#11914=CARTESIAN_POINT('Origin',(-12.0000000000016,-1.20736753927986E-14,
2.00000000000005));
#11915=CARTESIAN_POINT('',(-8.0000000000016,1.49999999999999,2.00000000000004));
#11916=CARTESIAN_POINT('Origin',(-8.0000000000016,-1.50000000000002,1.00000000000005));
#11917=CARTESIAN_POINT('',(-8.0000000000016,-1.50000000000002,1.00000000000005));
#11918=CARTESIAN_POINT('',(-8.0000000000016,-0.75000000000002,1.00000000000005));
#11919=CARTESIAN_POINT('',(-8.0000000000016,-1.50000000000002,1.00000000000005));
#11920=CARTESIAN_POINT('',(-8.0000000000016,1.49999999999999,1.00000000000004));
#11921=CARTESIAN_POINT('',(-8.0000000000016,1.49999999999999,1.00000000000004));
#11922=CARTESIAN_POINT('',(-8.0000000000016,1.24999999999998,1.00000000000004));
#11923=CARTESIAN_POINT('Origin',(-15.0000000000016,-1.50000000000001,1.00000000000005));
#11924=CARTESIAN_POINT('',(-15.0000000000016,-1.50000000000001,1.00000000000005));
#11925=CARTESIAN_POINT('',(-29.5000000000016,-1.50000000000001,1.00000000000005));
#11926=CARTESIAN_POINT('',(-15.0000000000016,-1.50000000000001,1.00000000000005));
#11927=CARTESIAN_POINT('Origin',(-15.0000000000016,1.49999999999999,1.00000000000005));
#11928=CARTESIAN_POINT('',(-15.0000000000016,1.49999999999999,1.00000000000005));
#11929=CARTESIAN_POINT('',(-15.0000000000016,0.749999999999983,1.00000000000005));
#11930=CARTESIAN_POINT('',(-15.0000000000016,1.49999999999999,1.00000000000005));
#11931=CARTESIAN_POINT('Origin',(-8.0000000000016,1.49999999999999,1.00000000000004));
#11932=CARTESIAN_POINT('',(-26.0000000000016,1.49999999999998,1.00000000000005));
#11933=CARTESIAN_POINT('Origin',(-19.1845240525793,-3.50000000000002,5.38458166943201E-14));
#11934=CARTESIAN_POINT('',(-19.1845240525793,-3.50000000000002,1.00000000000005));
#11935=CARTESIAN_POINT('',(-6.0000000000016,-3.50000000000002,1.00000000000005));
#11936=CARTESIAN_POINT('',(-6.0000000000016,-3.50000000000002,1.00000000000005));
#11937=CARTESIAN_POINT('',(-19.1845240525793,-3.50000000000002,5.38458166943201E-14));
#11938=CARTESIAN_POINT('',(-19.1845240525793,-3.50000000000002,5.38458166943201E-14));
#11939=CARTESIAN_POINT('',(-6.0000000000016,-3.50000000000002,5.05151476204446E-14));
#11940=CARTESIAN_POINT('',(-28.5922620262905,-3.50000000000002,5.49560397189452E-14));
#11941=CARTESIAN_POINT('',(-6.0000000000016,-3.50000000000002,5.05151476204446E-14));
#11942=CARTESIAN_POINT('Origin',(-26.6269716572446,-3.50000000000001,5.49560397189452E-14));
#11943=CARTESIAN_POINT('',(-23.7170345392126,-8.34989519672004,6.10622663543836E-14));
#11944=CARTESIAN_POINT('',(-26.6269716572446,-3.50000000000001,5.49560397189452E-14));
#11945=CARTESIAN_POINT('',(-24.9336959967271,-6.32212610086251,5.82867087928207E-14));
#11946=CARTESIAN_POINT('',(-23.7170345392126,-8.34989519672004,1.00000000000006));
#11947=CARTESIAN_POINT('',(-23.7170345392126,-8.34989519672004,6.10622663543836E-14));
#11948=CARTESIAN_POINT('',(-26.6269716572446,-3.50000000000001,1.00000000000005));
#11949=CARTESIAN_POINT('',(-23.7170345392126,-8.34989519672004,1.00000000000006));
#11950=CARTESIAN_POINT('',(-26.6269716572446,-3.50000000000001,5.49560397189452E-14));
#11951=CARTESIAN_POINT('Origin',(-22.995159033509,-7.91676989329793,5.99520433297585E-14));
#11952=CARTESIAN_POINT('',(-22.9825940639958,-8.75852038824305,1.09615833677831E-42));
#11953=CARTESIAN_POINT('Origin',(-22.995159033509,-7.91676989329793,5.99520433297585E-14));
#11954=CARTESIAN_POINT('',(-22.9825940339374,-8.75852239424538,1.00000000000006));
#11955=CARTESIAN_POINT('',(-22.9825940639975,-8.75852038824307,6.10622663543836E-14));
#11956=CARTESIAN_POINT('Origin',(-22.995159033509,-7.91676989329793,1.00000000000006));
#11957=CARTESIAN_POINT('Origin',(-23.0000221005264,-7.5924120513339,5.99520433297585E-14));
#11958=CARTESIAN_POINT('',(-22.0000000000018,-8.19245991237087,-7.76534593717924E-27));
#11959=CARTESIAN_POINT('Ctrl Pts',(-22.0000000000018,-8.19245991237087,
-1.55306918743585E-26));
#11960=CARTESIAN_POINT('Ctrl Pts',(-22.0725305729723,-8.31334420065501,
-1.55306918743584E-26));
#11961=CARTESIAN_POINT('Ctrl Pts',(-22.244695685223,-8.51534907320636,-1.55306918743586E-26));
#11962=CARTESIAN_POINT('Ctrl Pts',(-22.6116390487901,-8.71242767557295,
-1.55306918743585E-26));
#11963=CARTESIAN_POINT('Ctrl Pts',(-22.8585038824113,-8.75666807800332,
-1.55306918743585E-26));
#11964=CARTESIAN_POINT('Ctrl Pts',(-22.9825940639959,-8.75852038824305,
-1.55306918743585E-26));
#11965=CARTESIAN_POINT('',(-21.9999963032613,-8.19246213086387,1.00000000000006));
#11966=CARTESIAN_POINT('',(-22.0000000000034,-8.19245991237089,6.0507154842071E-14));
#11967=CARTESIAN_POINT('Origin',(-23.0000221005264,-7.5924120513339,1.00000000000006));
#11968=CARTESIAN_POINT('Origin',(-1.60316204755873E-12,3.49999999999998,
4.16333634234434E-14));
#11969=CARTESIAN_POINT('',(-19.1845240525793,3.49999999999998,4.44089209850063E-14));
#11970=CARTESIAN_POINT('',(-6.0000000000016,3.49999999999998,4.16333634234434E-14));
#11971=CARTESIAN_POINT('',(-19.0000000000016,3.49999999999998,4.44089209850063E-14));
#11972=CARTESIAN_POINT('',(-19.1845240525793,3.49999999999998,1.00000000000004));
#11973=CARTESIAN_POINT('',(-19.1845240525793,3.49999999999998,4.44089209850063E-14));
#11974=CARTESIAN_POINT('',(-6.0000000000016,3.49999999999998,1.00000000000004));
#11975=CARTESIAN_POINT('',(-1.60316204755873E-12,3.49999999999998,1.00000000000004));
#11976=CARTESIAN_POINT('',(-6.0000000000016,3.49999999999998,4.16333634234434E-14));
#11977=CARTESIAN_POINT('Origin',(-23.0000011136098,7.59245776938254,3.94129173741931E-14));
#11978=CARTESIAN_POINT('',(-22.9825940639958,8.75852038824305,2.83143046831177E-28));
#11979=CARTESIAN_POINT('',(-22.0000000000018,8.19245991237087,6.44523712786074E-27));
#11980=CARTESIAN_POINT('Ctrl Pts',(-22.9825940639959,8.75852038824305,5.75493002405861E-28));
#11981=CARTESIAN_POINT('Ctrl Pts',(-22.8585038824113,8.75666807800332,5.75493002405849E-28));
#11982=CARTESIAN_POINT('Ctrl Pts',(-22.6116390487899,8.71242767557294,5.75493002405881E-28));
#11983=CARTESIAN_POINT('Ctrl Pts',(-22.2446956852231,8.51534907320637,5.75493002405837E-28));
#11984=CARTESIAN_POINT('Ctrl Pts',(-22.0725305729723,8.313344200655,5.75493002405887E-28));
#11985=CARTESIAN_POINT('Ctrl Pts',(-22.0000000000018,8.19245991237087,5.75493002405862E-28));
#11986=CARTESIAN_POINT('',(-22.9825940639973,8.75852038824303,1.00000000000004));
#11987=CARTESIAN_POINT('',(-22.9825940639975,8.75852038824303,3.77475828372553E-14));
#11988=CARTESIAN_POINT('',(-22.0000000000036,8.19245991237113,1.00000000000004));
#11989=CARTESIAN_POINT('Origin',(-23.0000000012321,7.59245991023762,1.00000000000004));
#11990=CARTESIAN_POINT('',(-22.0000000000034,8.19245991237085,3.88578058618805E-14));
#11991=CARTESIAN_POINT('Origin',(-22.995159033509,7.91676989329789,3.94129173741931E-14));
#11992=CARTESIAN_POINT('',(-23.7170345392126,8.34989519672,3.88578058618805E-14));
#11993=CARTESIAN_POINT('Origin',(-22.995159033509,7.91676989329789,3.94129173741931E-14));
#11994=CARTESIAN_POINT('',(-23.7170345392126,8.34989519672001,1.00000000000004));
#11995=CARTESIAN_POINT('',(-23.7170345392126,8.34989519672,3.88578058618805E-14));
#11996=CARTESIAN_POINT('Origin',(-22.995159033509,7.91676989329789,1.00000000000004));
#11997=CARTESIAN_POINT('Origin',(-23.7170345392126,8.34989519672,3.88578058618805E-14));
#11998=CARTESIAN_POINT('',(-26.6269716572446,3.49999999999997,4.55191440096314E-14));
#11999=CARTESIAN_POINT('',(-31.4199039082994,-4.48822041842472,5.6621374255883E-14));
#12000=CARTESIAN_POINT('',(-26.6269716572446,3.49999999999997,1.00000000000005));
#12001=CARTESIAN_POINT('',(-26.6269716572446,3.49999999999997,4.55191440096314E-14));
#12002=CARTESIAN_POINT('',(-23.7170345392126,8.34989519672,1.00000000000004));
#12003=CARTESIAN_POINT('Origin',(-22.999996696933,-2.73333769720497,5.32907051820075E-14));
#12004=CARTESIAN_POINT('',(-24.,-3.33333333333333,-3.96032642798673E-26));
#12005=CARTESIAN_POINT('',(-22.,-3.33333333333333,-3.96032642798673E-26));
#12006=CARTESIAN_POINT('Ctrl Pts',(-24.,-3.33333333333333,-7.92065285597346E-26));
#12007=CARTESIAN_POINT('Ctrl Pts',(-23.951000404245,-3.41499932625834,-7.92065285597347E-26));
#12008=CARTESIAN_POINT('Ctrl Pts',(-23.8259139275338,-3.57805994660848,
-7.92065285597347E-26));
#12009=CARTESIAN_POINT('Ctrl Pts',(-23.5469435845533,-3.78431088964783,
-7.92065285597346E-26));
#12010=CARTESIAN_POINT('Ctrl Pts',(-23.1930012485003,-3.90417013396047,
-7.92065285597346E-26));
#12011=CARTESIAN_POINT('Ctrl Pts',(-22.6770378366915,-3.90545291306399,
-7.92065285597348E-26));
#12012=CARTESIAN_POINT('Ctrl Pts',(-22.2332928680151,-3.66098608765315,
-7.92065285597347E-26));
#12013=CARTESIAN_POINT('Ctrl Pts',(-22.048999595755,-3.41499932625834,-7.92065285597347E-26));
#12014=CARTESIAN_POINT('Ctrl Pts',(-22.,-3.33333333333333,-7.92065285597347E-26));
#12015=CARTESIAN_POINT('',(-23.9999976832573,-3.33333194333334,1.00000000000006));
#12016=CARTESIAN_POINT('',(-24.0000000000016,-3.33333333333335,5.44009282066327E-14));
#12017=CARTESIAN_POINT('',(-21.9999998884997,-3.3333334002338,1.00000000000005));
#12018=CARTESIAN_POINT('Origin',(-22.999996696933,-2.73333769720497,1.00000000000005));
#12019=CARTESIAN_POINT('',(-22.0000000000016,-3.33333333333335,5.38458166943201E-14));
#12020=CARTESIAN_POINT('Origin',(-22.5999794933225,3.5447427285118E-6,5.05151476204446E-14));
#12021=CARTESIAN_POINT('',(-25.1,1.5,-6.2089487424063E-25));
#12022=CARTESIAN_POINT('',(-25.1,-1.5,-6.2089487424063E-25));
#12023=CARTESIAN_POINT('Ctrl Pts',(-25.1,1.5,1.11022353787203E-15));
#12024=CARTESIAN_POINT('Ctrl Pts',(-25.39399757453,1.01000404244998,1.11022353787203E-15));
#12025=CARTESIAN_POINT('Ctrl Pts',(-25.6739578486401,-0.0921329599722609,
1.11022353787203E-15));
#12026=CARTESIAN_POINT('Ctrl Pts',(-25.3204981808975,-1.13250303183748,
1.11022353787203E-15));
#12027=CARTESIAN_POINT('Ctrl Pts',(-25.1,-1.5,1.11022353787203E-15));
#12028=CARTESIAN_POINT('',(-25.1000017832804,1.50000106993147,1.00000000000005));
#12029=CARTESIAN_POINT('',(-25.1000000000016,1.49999999999998,4.77395900588817E-14));
#12030=CARTESIAN_POINT('',(-25.1000002193883,-1.50000013163011,1.00000000000005));
#12031=CARTESIAN_POINT('Origin',(-22.5999794933225,3.5447427297608E-6,1.00000000000005));
#12032=CARTESIAN_POINT('',(-25.1000000000016,-1.50000000000002,5.21804821573824E-14));
#12033=CARTESIAN_POINT('Origin',(-23.0000033030702,2.73333769720484,4.6074255521944E-14));
#12034=CARTESIAN_POINT('',(-22.,3.33333333333333,-3.96032642798673E-26));
#12035=CARTESIAN_POINT('',(-24.,3.33333333333333,-3.96032642798673E-26));
#12036=CARTESIAN_POINT('Ctrl Pts',(-22.,3.33333333333333,-5.55111769636117E-16));
#12037=CARTESIAN_POINT('Ctrl Pts',(-22.048999595755,3.41499932625834,-5.55111769636117E-16));
#12038=CARTESIAN_POINT('Ctrl Pts',(-22.1740860724664,3.57805994660848,-5.55111769636117E-16));
#12039=CARTESIAN_POINT('Ctrl Pts',(-22.4530564154468,3.78431088964783,-5.55111769636117E-16));
#12040=CARTESIAN_POINT('Ctrl Pts',(-22.8069987514997,3.90417013396047,-5.55111769636117E-16));
#12041=CARTESIAN_POINT('Ctrl Pts',(-23.3229621633085,3.90545291306399,-5.55111769636117E-16));
#12042=CARTESIAN_POINT('Ctrl Pts',(-23.7667071319849,3.66098608765315,-5.55111769636117E-16));
#12043=CARTESIAN_POINT('Ctrl Pts',(-23.951000404245,3.41499932625834,-5.55111769636117E-16));
#12044=CARTESIAN_POINT('Ctrl Pts',(-24.,3.33333333333333,-5.55111769636117E-16));
#12045=CARTESIAN_POINT('',(-22.0000023167458,3.33333194333333,1.00000000000005));
#12046=CARTESIAN_POINT('',(-22.0000000000016,3.33333333333331,4.49640324973188E-14));
#12047=CARTESIAN_POINT('',(-24.0000001115035,3.33333340023377,1.00000000000005));
#12048=CARTESIAN_POINT('Origin',(-23.0000033030702,2.73333769720484,1.00000000000005));
#12049=CARTESIAN_POINT('',(-24.0000000000016,3.33333333333331,4.55191440096314E-14));
#12050=CARTESIAN_POINT('Origin',(-23.4000205066806,-3.54474274516514E-6,
5.10702591327572E-14));
#12051=CARTESIAN_POINT('',(-20.9,-1.5,-7.09974485689499E-28));
#12052=CARTESIAN_POINT('',(-20.9,1.5,-7.09974485689499E-28));
#12053=CARTESIAN_POINT('Ctrl Pts',(-20.9,-1.5,1.1102235391124E-15));
#12054=CARTESIAN_POINT('Ctrl Pts',(-20.60600242547,-1.01000404244998,1.1102235391124E-15));
#12055=CARTESIAN_POINT('Ctrl Pts',(-20.3259363271281,0.0921136712005854,
1.1102235391124E-15));
#12056=CARTESIAN_POINT('Ctrl Pts',(-20.6795018191025,1.13250303183748,1.1102235391124E-15));
#12057=CARTESIAN_POINT('Ctrl Pts',(-20.9,1.5,1.1102235391124E-15));
#12058=CARTESIAN_POINT('',(-20.8999982167228,-1.5000010699315,1.00000000000005));
#12059=CARTESIAN_POINT('',(-20.9000000000016,-1.50000000000002,5.16253706450698E-14));
#12060=CARTESIAN_POINT('',(-20.8999997806149,1.50000013163007,1.00000000000005));
#12061=CARTESIAN_POINT('Origin',(-23.4000205066806,-3.54474274391614E-6,
1.00000000000005));
#12062=CARTESIAN_POINT('',(-20.9000000000016,1.49999999999998,4.71844785465692E-14));
#12063=CARTESIAN_POINT('Origin',(-68.0000000000016,1.49999999999999,1.00000000000005));
#12064=CARTESIAN_POINT('',(-61.0000000000016,1.49999999999999,1.00000000000005));
#12065=CARTESIAN_POINT('',(-68.0000000000016,1.49999999999999,1.00000000000005));
#12066=CARTESIAN_POINT('',(-50.0000000000016,1.49999999999998,1.00000000000005));
#12067=CARTESIAN_POINT('',(-61.0000000000016,1.49999999999999,1.40000000000005));
#12068=CARTESIAN_POINT('',(-61.0000000000016,1.49999999999999,1.00000000000005));
#12069=CARTESIAN_POINT('',(-68.0000000000016,1.49999999999999,1.40000000000005));
#12070=CARTESIAN_POINT('',(-68.0000000000016,1.49999999999999,1.40000000000005));
#12071=CARTESIAN_POINT('',(-68.0000000000016,1.49999999999999,1.00000000000005));
#12072=CARTESIAN_POINT('Origin',(-61.0000000000016,1.49999999999999,1.00000000000005));
#12073=CARTESIAN_POINT('',(-61.0000000000016,-1.50000000000001,1.00000000000006));
#12074=CARTESIAN_POINT('',(-61.0000000000016,0.749999999999981,1.00000000000005));
#12075=CARTESIAN_POINT('',(-61.0000000000016,-1.50000000000001,1.40000000000006));
#12076=CARTESIAN_POINT('',(-61.0000000000016,-1.50000000000001,1.00000000000006));
#12077=CARTESIAN_POINT('',(-61.0000000000016,1.49999999999999,1.40000000000005));
#12078=CARTESIAN_POINT('Origin',(-61.0000000000016,-1.50000000000001,1.00000000000006));
#12079=CARTESIAN_POINT('',(-68.0000000000016,-1.50000000000002,1.00000000000006));
#12080=CARTESIAN_POINT('',(-46.5000000000016,-1.50000000000001,1.00000000000006));
#12081=CARTESIAN_POINT('',(-68.0000000000016,-1.50000000000002,1.40000000000006));
#12082=CARTESIAN_POINT('',(-68.0000000000016,-1.50000000000002,1.00000000000006));
#12083=CARTESIAN_POINT('',(-61.0000000000016,-1.50000000000001,1.40000000000006));
#12084=CARTESIAN_POINT('Origin',(-68.0000000000016,-1.50000000000002,1.00000000000006));
#12085=CARTESIAN_POINT('',(-68.0000000000016,-3.49000000000002,1.00000000000006));
#12086=CARTESIAN_POINT('',(-68.0000000000016,-0.75000000000002,1.00000000000006));
#12087=CARTESIAN_POINT('',(-68.0000000000016,-2.50000000000002,2.00000000000006));
#12088=CARTESIAN_POINT('',(-68.0000000000016,-2.74999987374377,1.74747487500637));
#12089=CARTESIAN_POINT('',(-68.0000000000016,2.49999999999999,2.00000000000005));
#12090=CARTESIAN_POINT('',(-68.0000000000016,1.49999999999999,2.00000000000005));
#12091=CARTESIAN_POINT('',(-68.0000000000016,3.48999999999999,1.00000000000005));
#12092=CARTESIAN_POINT('',(-68.0000000000016,2.00753737184989,2.49743699813146));
#12093=CARTESIAN_POINT('',(-68.0000000000016,1.24999999999998,1.00000000000005));
#12094=CARTESIAN_POINT('',(-68.0000000000016,1.49999999999999,1.40000000000005));
#12095=CARTESIAN_POINT('Origin',(-64.0000000000016,-1.45716771982052E-14,
1.40000000000006));
#12096=CARTESIAN_POINT('Origin',(-64.0000000000016,-1.37390099297363E-14,
2.00000000000006));
#12097=CARTESIAN_POINT('',(-60.0000000000016,-2.50000000000001,2.00000000000006));
#12098=CARTESIAN_POINT('',(-68.0000000000016,-2.50000000000002,2.00000000000006));
#12099=CARTESIAN_POINT('',(-60.0000000000016,2.49999999999998,2.00000000000005));
#12100=CARTESIAN_POINT('',(-60.0000000000016,-2.50000000000001,2.00000000000006));
#12101=CARTESIAN_POINT('',(-60.0000000000016,2.49999999999998,2.00000000000005));
#12102=CARTESIAN_POINT('Origin',(-50.0000000000016,-2.99500000000001,1.50000000000006));
#12103=CARTESIAN_POINT('',(-59.0100000000016,-3.49000000000001,1.00000000000006));
#12104=CARTESIAN_POINT('',(-50.0000000000016,-3.49000000000001,1.00000000000006));
#12105=CARTESIAN_POINT('',(-60.0000000000016,-2.50000000000001,2.00000000000006));
#12106=CARTESIAN_POINT('Origin',(-59.5050000000016,-1.25000000000002,1.50000000000006));
#12107=CARTESIAN_POINT('',(-59.0100000000016,3.48999999999998,1.00000000000005));
#12108=CARTESIAN_POINT('',(-59.0100000000016,-1.25000000000002,1.00000000000006));
#12109=CARTESIAN_POINT('',(-60.0000000000016,2.49999999999998,2.00000000000005));
#12110=CARTESIAN_POINT('Origin',(-46.0000000000016,2.99499999999998,1.50000000000005));
#12111=CARTESIAN_POINT('',(-46.0000000000016,3.48999999999998,1.00000000000005));
#12112=CARTESIAN_POINT('Origin',(-55.6712927295553,3.49999999999998,4.9960036108132E-14));
#12113=CARTESIAN_POINT('',(-55.6712927295553,3.49999999999999,1.00000000000005));
#12114=CARTESIAN_POINT('',(-70.0000000000016,3.49999999999998,1.00000000000005));
#12115=CARTESIAN_POINT('',(-55.6712927295553,3.49999999999998,1.00000000000005));
#12116=CARTESIAN_POINT('',(-55.6712927295553,3.49999999999998,4.9960036108132E-14));
#12117=CARTESIAN_POINT('',(-55.6712927295553,3.49999999999998,4.9960036108132E-14));
#12118=CARTESIAN_POINT('',(-70.0000000000016,3.49999999999998,5.16253706450698E-14));
#12119=CARTESIAN_POINT('',(-40.8356463647784,3.49999999999999,4.77395900588817E-14));
#12120=CARTESIAN_POINT('',(-70.0000000000016,3.49999999999998,5.16253706450698E-14));
#12121=CARTESIAN_POINT('Origin',(-50.9999997638806,-8.34027950403918,6.49480469405717E-14));
#12122=CARTESIAN_POINT('',(-50.0000000000002,-9.00693909433024,1.92830179657112E-24));
#12123=CARTESIAN_POINT('',(-52.0000000000002,-9.00693909433023,1.92830179657112E-24));
#12124=CARTESIAN_POINT('Ctrl Pts',(-50.0000000000002,-9.00693909433024,
3.85660359314224E-24));
#12125=CARTESIAN_POINT('Ctrl Pts',(-50.1056571802335,-9.1654248646803,3.85660359314224E-24));
#12126=CARTESIAN_POINT('Ctrl Pts',(-50.4290610206505,-9.48104755432472,
3.85660359314224E-24));
#12127=CARTESIAN_POINT('Ctrl Pts',(-51.0701076557836,-9.58654498683303,
3.85660359314224E-24));
#12128=CARTESIAN_POINT('Ctrl Pts',(-51.6516627483039,-9.39762747402436,
3.85660359314224E-24));
#12129=CARTESIAN_POINT('Ctrl Pts',(-51.8943428197668,-9.16542486468029,
3.85660359314224E-24));
#12130=CARTESIAN_POINT('Ctrl Pts',(-52.0000000000002,-9.00693909433023,
3.85660359314224E-24));
#12131=CARTESIAN_POINT('',(-50.000001450878,-9.0069381271112,1.00000000000007));
#12132=CARTESIAN_POINT('',(-50.0000000000018,-9.00693909433025,6.55031584528842E-14));
#12133=CARTESIAN_POINT('',(-51.999998385679,-9.00693801815201,1.00000000000007));
#12134=CARTESIAN_POINT('Origin',(-50.9999997638806,-8.34027950403918,1.00000000000006));
#12135=CARTESIAN_POINT('',(-52.0000000000018,-9.00693909433025,6.60582699651968E-14));
#12136=CARTESIAN_POINT('Origin',(-51.000000236123,8.34027950403926,4.27435864480685E-14));
#12137=CARTESIAN_POINT('',(-52.0000000000002,9.00693909433023,-2.5881528231575E-24));
#12138=CARTESIAN_POINT('',(-50.0000000000002,9.00693909433023,-2.5881528231575E-24));
#12139=CARTESIAN_POINT('Ctrl Pts',(-52.0000000000002,9.00693909433023,-5.176305646315E-24));
#12140=CARTESIAN_POINT('Ctrl Pts',(-51.8943428197668,9.16542486468029,-5.17630564631502E-24));
#12141=CARTESIAN_POINT('Ctrl Pts',(-51.57093897935,9.48104755432473,-5.17630564631498E-24));
#12142=CARTESIAN_POINT('Ctrl Pts',(-50.9298923442168,9.58654498683304,-5.17630564631502E-24));
#12143=CARTESIAN_POINT('Ctrl Pts',(-50.3483372516963,9.39762747402435,-5.17630564631499E-24));
#12144=CARTESIAN_POINT('Ctrl Pts',(-50.1056571802335,9.1654248646803,-5.17630564631502E-24));
#12145=CARTESIAN_POINT('Ctrl Pts',(-50.0000000000002,9.00693909433023,-5.176305646315E-24));
#12146=CARTESIAN_POINT('',(-51.9999985491255,9.00693812711112,1.00000000000004));
#12147=CARTESIAN_POINT('',(-52.0000000000018,9.0069390943302,4.21884749357559E-14));
#12148=CARTESIAN_POINT('',(-50.0000016143246,9.00693801815198,1.00000000000004));
#12149=CARTESIAN_POINT('Origin',(-51.000000236123,8.34027950403926,1.00000000000004));
#12150=CARTESIAN_POINT('',(-50.0000000000018,9.00693909433021,4.16333634234434E-14));
#12151=CARTESIAN_POINT('Origin',(-51.0000002361228,-3.83334040970909,5.88418203051333E-14));
#12152=CARTESIAN_POINT('',(-52.,-4.50000000000001,-6.84583037059122E-26));
#12153=CARTESIAN_POINT('',(-50.,-4.50000000000001,-6.84583037059122E-26));
#12154=CARTESIAN_POINT('Ctrl Pts',(-52.,-4.50000000000001,-1.36916607411824E-25));
#12155=CARTESIAN_POINT('Ctrl Pts',(-51.8943428197666,-4.65848577035008,
-1.36916607411824E-25));
#12156=CARTESIAN_POINT('Ctrl Pts',(-51.5709443833926,-4.97409478432658,
-1.36916607411826E-25));
#12157=CARTESIAN_POINT('Ctrl Pts',(-50.9298912551319,-5.07960022878625,
-1.36916607411824E-25));
#12158=CARTESIAN_POINT('Ctrl Pts',(-50.3483321630603,-4.89067893457515,
-1.36916607411824E-25));
#12159=CARTESIAN_POINT('Ctrl Pts',(-50.1056571802334,-4.65848577035008,
-1.36916607411824E-25));
#12160=CARTESIAN_POINT('Ctrl Pts',(-50.,-4.50000000000001,-1.36916607411824E-25));
#12161=CARTESIAN_POINT('',(-51.9999985491253,-4.49999903278095,1.00000000000006));
#12162=CARTESIAN_POINT('',(-52.0000000000016,-4.50000000000003,5.99520433297585E-14));
#12163=CARTESIAN_POINT('',(-50.0000016143245,-4.49999892382177,1.00000000000006));
#12164=CARTESIAN_POINT('Origin',(-51.0000002361228,-3.83334040970909,1.00000000000006));
#12165=CARTESIAN_POINT('',(-50.0000000000016,-4.50000000000003,5.93969318174459E-14));
#12166=CARTESIAN_POINT('Origin',(-51.7499980634783,6.6016576455441E-7,5.27355936696949E-14));
#12167=CARTESIAN_POINT('',(-54.,1.5,-3.55652843919768E-25));
#12168=CARTESIAN_POINT('',(-54.,-1.5,-3.55652843919768E-25));
#12169=CARTESIAN_POINT('Ctrl Pts',(-54.,1.5,-1.11022353984172E-15));
#12170=CARTESIAN_POINT('Ctrl Pts',(-54.1584857703501,1.2622713444749,-1.11022353984172E-15));
#12171=CARTESIAN_POINT('Ctrl Pts',(-54.4141696043433,0.711816010864235,
-1.11022353984172E-15));
#12172=CARTESIAN_POINT('Ctrl Pts',(-54.5136590746429,-0.40018560493562,
-1.11022353984172E-15));
#12173=CARTESIAN_POINT('Ctrl Pts',(-54.2377286555251,-1.14340701671235,
-1.11022353984172E-15));
#12174=CARTESIAN_POINT('Ctrl Pts',(-54.,-1.5,-1.11022353984172E-15));
#12175=CARTESIAN_POINT('',(-54.0000000000015,1.50000000000009,1.00000000000005));
#12176=CARTESIAN_POINT('',(-54.0000000000016,1.49999999999998,5.21804821573824E-14));
#12177=CARTESIAN_POINT('',(-54.0000000000017,-1.49999999999996,1.00000000000006));
#12178=CARTESIAN_POINT('Origin',(-51.7499928648255,-1.84574577843932E-14,
1.00000000000006));
#12179=CARTESIAN_POINT('',(-54.0000000000016,-1.50000000000002,5.60662627435704E-14));
#12180=CARTESIAN_POINT('Origin',(-50.9999997638804,3.83334040970891,4.88498130835069E-14));
#12181=CARTESIAN_POINT('',(-50.,4.50000000000001,4.52547104890632E-25));
#12182=CARTESIAN_POINT('',(-52.,4.50000000000001,4.52547104890632E-25));
#12183=CARTESIAN_POINT('Ctrl Pts',(-50.,4.50000000000001,9.05094209781264E-25));
#12184=CARTESIAN_POINT('Ctrl Pts',(-50.1056571802334,4.65848577035007,9.05094209781264E-25));
#12185=CARTESIAN_POINT('Ctrl Pts',(-50.4290556166076,4.97409478432657,9.05094209781264E-25));
#12186=CARTESIAN_POINT('Ctrl Pts',(-51.0701087448682,5.07960022878625,9.05094209781264E-25));
#12187=CARTESIAN_POINT('Ctrl Pts',(-51.6516678369397,4.89067893457514,9.05094209781264E-25));
#12188=CARTESIAN_POINT('Ctrl Pts',(-51.8943428197666,4.65848577035007,9.05094209781264E-25));
#12189=CARTESIAN_POINT('Ctrl Pts',(-52.,4.50000000000001,9.05094209781264E-25));
#12190=CARTESIAN_POINT('',(-50.0000014508779,4.49999903278094,1.00000000000005));
#12191=CARTESIAN_POINT('',(-50.0000000000016,4.49999999999999,4.77395900588817E-14));
#12192=CARTESIAN_POINT('',(-51.9999983856788,4.49999892382175,1.00000000000005));
#12193=CARTESIAN_POINT('Origin',(-50.9999997638804,3.83334040970891,1.00000000000005));
#12194=CARTESIAN_POINT('',(-52.0000000000016,4.49999999999999,4.77395900588817E-14));
#12195=CARTESIAN_POINT('Origin',(-50.2500019365242,-6.60165865029594E-7,
5.27355936696949E-14));
#12196=CARTESIAN_POINT('',(-48.,-1.5,4.48580615489738E-24));
#12197=CARTESIAN_POINT('',(-48.,1.5,4.48580615489738E-24));
#12198=CARTESIAN_POINT('Ctrl Pts',(-48.,-1.5,-1.1102235301588E-15));
#12199=CARTESIAN_POINT('Ctrl Pts',(-47.8415142296499,-1.2622713444749,-1.1102235301588E-15));
#12200=CARTESIAN_POINT('Ctrl Pts',(-47.5858229005659,-0.711808457228411,
-1.1102235301588E-15));
#12201=CARTESIAN_POINT('Ctrl Pts',(-47.4863206154977,0.400212035141181,
-1.1102235301588E-15));
#12202=CARTESIAN_POINT('Ctrl Pts',(-47.7622713444749,1.14340701671235,-1.1102235301588E-15));
#12203=CARTESIAN_POINT('Ctrl Pts',(-48.,1.5,-1.1102235301588E-15));
#12204=CARTESIAN_POINT('',(-48.0000000000017,-1.50000000000013,1.00000000000006));
#12205=CARTESIAN_POINT('',(-48.0000000000016,-1.50000000000002,5.55111512312578E-14));
#12206=CARTESIAN_POINT('',(-48.0000000000016,1.49999999999992,1.00000000000005));
#12207=CARTESIAN_POINT('Origin',(-50.2500071351777,-2.06779038336435E-14,
1.00000000000006));
#12208=CARTESIAN_POINT('',(-48.0000000000016,1.49999999999998,5.10702591327572E-14));
#12209=CARTESIAN_POINT('Origin',(-76.0000000000016,-3.50000000000002,6.21724893790088E-14));
#12210=CARTESIAN_POINT('',(-55.6712927295553,-3.50000000000002,5.88418203051333E-14));
#12211=CARTESIAN_POINT('',(-70.0000000000016,-3.50000000000002,6.10622663543836E-14));
#12212=CARTESIAN_POINT('',(-51.0000000000016,-3.50000000000002,5.82867087928207E-14));
#12213=CARTESIAN_POINT('',(-55.6712927295553,-3.50000000000002,1.00000000000006));
#12214=CARTESIAN_POINT('',(-55.6712927295553,-3.50000000000002,5.88418203051333E-14));
#12215=CARTESIAN_POINT('',(-70.0000000000016,-3.50000000000002,1.00000000000006));
#12216=CARTESIAN_POINT('',(-49.6712927295553,-3.50000000000002,1.00000000000006));
#12217=CARTESIAN_POINT('',(-70.0000000000016,-3.50000000000002,6.10622663543836E-14));
#12218=CARTESIAN_POINT('Origin',(-32.6269716572446,3.49999999999997,4.66293670342566E-14));
#12219=CARTESIAN_POINT('',(-46.3287072704483,3.49999999999998,4.82947015711943E-14));
#12220=CARTESIAN_POINT('',(-36.0000000000016,3.49999999999998,4.71844785465692E-14));
#12221=CARTESIAN_POINT('',(-46.3287072704483,3.49999999999998,1.00000000000005));
#12222=CARTESIAN_POINT('',(-46.3287072704483,3.49999999999998,4.82947015711943E-14));
#12223=CARTESIAN_POINT('',(-36.0000000000016,3.49999999999997,1.00000000000005));
#12224=CARTESIAN_POINT('Origin',(-44.0000000000016,-2.12330153459561E-14,
1.00000000000005));
#12225=CARTESIAN_POINT('',(-49.1093299493534,7.67093401835766,1.00000000000004));
#12226=CARTESIAN_POINT('',(-52.0000000000018,9.00693909433021,1.00000000000004));
#12227=CARTESIAN_POINT('',(-70.0000000000016,3.49999999999998,1.00000000000005));
#12228=CARTESIAN_POINT('',(-52.2308579844825,-8.66065211760922,1.00000000000007));
#12229=CARTESIAN_POINT('',(-46.3287072704483,-3.50000000000002,1.00000000000006));
#12230=CARTESIAN_POINT('',(-50.0000000000018,-9.00693909433026,1.00000000000007));
#12231=CARTESIAN_POINT('',(-36.0000000000016,-3.50000000000001,1.00000000000006));
#12232=CARTESIAN_POINT('',(-22.0000000000034,-8.19245991237089,1.00000000000006));
#12233=CARTESIAN_POINT('',(-6.0000000000016,-3.50000000000002,1.00000000000005));
#12234=CARTESIAN_POINT('',(-21.5242718451352,7.39957965425765,1.00000000000004));
#12235=CARTESIAN_POINT('',(-24.0000000000016,-3.33333333333335,1.00000000000005));
#12236=CARTESIAN_POINT('',(-25.1000000000016,1.49999999999998,1.00000000000005));
#12237=CARTESIAN_POINT('',(-22.0000000000016,3.33333333333331,1.00000000000004));
#12238=CARTESIAN_POINT('',(-20.9000000000016,-1.50000000000002,1.00000000000005));
#12239=CARTESIAN_POINT('',(-52.0000000000016,-4.50000000000003,1.00000000000006));
#12240=CARTESIAN_POINT('',(-54.0000000000016,1.49999999999998,1.00000000000005));
#12241=CARTESIAN_POINT('',(-50.0000000000016,4.49999999999999,1.00000000000005));
#12242=CARTESIAN_POINT('',(-48.0000000000016,-1.50000000000002,1.00000000000006));
#12243=CARTESIAN_POINT('Origin',(-52.3287072704483,-3.50000000000002,5.88418203051333E-14));
#12244=CARTESIAN_POINT('',(-46.3287072704483,-3.50000000000002,5.77315972805081E-14));
#12245=CARTESIAN_POINT('',(-46.3287072704483,-3.50000000000002,5.77315972805081E-14));
#12246=CARTESIAN_POINT('',(-36.0000000000016,-3.50000000000002,5.60662627435704E-14));
#12247=CARTESIAN_POINT('Origin',(-38.,-18.0000000000002,0.));
#12248=CARTESIAN_POINT('',(-21.5242718451336,-7.39957965425767,0.));
#12249=CARTESIAN_POINT('',(-21.6460959309444,-7.60261979727292,5.93969318174459E-14));
#12250=CARTESIAN_POINT('',(-19.5357078802288,-7.18600681543658,0.));
#12251=CARTESIAN_POINT('Ctrl Pts',(-19.5357078802288,-7.18600681543658,
-5.55111769548538E-16));
#12252=CARTESIAN_POINT('Ctrl Pts',(-19.6661558483658,-7.0472101773388,-5.55111769548539E-16));
#12253=CARTESIAN_POINT('Ctrl Pts',(-20.028299604849,-6.79282030414014,-5.55111769548537E-16));
#12254=CARTESIAN_POINT('Ctrl Pts',(-20.7176898794261,-6.76342916394844,
-5.5511176954854E-16));
#12255=CARTESIAN_POINT('Ctrl Pts',(-21.2480535099574,-7.03526327222755,
-5.55111769548537E-16));
#12256=CARTESIAN_POINT('Ctrl Pts',(-21.450772451501,-7.27708066487018,-5.55111769548539E-16));
#12257=CARTESIAN_POINT('Ctrl Pts',(-21.5242718451336,-7.39957965425767,
-5.55111769548538E-16));
#12258=CARTESIAN_POINT('',(-11.9732756700269,-15.2324346870914,-4.62666706522332E-25));
#12259=CARTESIAN_POINT('',(-10.5,-16.8,0.));
#12260=CARTESIAN_POINT('',(-10.5,-18.9512327187284,-4.62666706522332E-25));
#12261=CARTESIAN_POINT('Ctrl Pts',(-10.5,-18.9512327187284,-9.25332855748115E-25));
#12262=CARTESIAN_POINT('Ctrl Pts',(-10.5,-18.1893279568236,-9.25332162413335E-25));
#12263=CARTESIAN_POINT('Ctrl Pts',(-10.7954796625081,-16.799992619445,-9.25334966567335E-25));
#12264=CARTESIAN_POINT('Ctrl Pts',(-11.5819317656158,-15.6488246013848,
-9.25331499893434E-25));
#12265=CARTESIAN_POINT('Ctrl Pts',(-11.9732756700269,-15.2324346870914,
-9.25332886562994E-25));
#12266=CARTESIAN_POINT('',(-10.4999999999999,-25.3,0.));
#12267=CARTESIAN_POINT('',(-10.5,-16.8,0.));
#12268=CARTESIAN_POINT('',(-8.99999999999989,-26.8,0.));
#12269=CARTESIAN_POINT('Origin',(-8.9999999999999,-25.3,0.));
#12270=CARTESIAN_POINT('',(-7.5,-26.8,0.));
#12271=CARTESIAN_POINT('',(-5.49999999999989,-26.8,0.));
#12272=CARTESIAN_POINT('',(-6.,-25.3,0.));
#12273=CARTESIAN_POINT('Origin',(-7.5,-25.3,0.));
#12274=CARTESIAN_POINT('',(-6.,-10.7499999999996,0.));
#12275=CARTESIAN_POINT('',(-6.60000000000009,-24.3,0.));
#12276=CARTESIAN_POINT('Origin',(-8.00000000000009,-24.3,0.));
#12277=CARTESIAN_POINT('',(-6.60000000000009,-20.7826958642663,0.));
#12278=CARTESIAN_POINT('Origin',(-8.00000000000009,-20.7826958642663,0.));
#12279=CARTESIAN_POINT('Origin',(-38.,-18.0000000000002,0.));
#12280=CARTESIAN_POINT('',(-49.1093299493518,-7.67093401835768,2.99635117452872E-24));
#12281=CARTESIAN_POINT('',(-45.1889220336126,-1.79032214474648,5.55111512312578E-14));
#12282=CARTESIAN_POINT('',(-47.1177937714313,-7.48713072123311,2.99635117452872E-24));
#12283=CARTESIAN_POINT('Ctrl Pts',(-47.1177937714313,-7.48713072123311,
-2.38734838198328E-23));
#12284=CARTESIAN_POINT('Ctrl Pts',(-47.2506731396512,-7.35066001873696,
-2.38734837909439E-23));
#12285=CARTESIAN_POINT('Ctrl Pts',(-47.6129298594448,-7.10404451244762,
-2.38734839064997E-23));
#12286=CARTESIAN_POINT('Ctrl Pts',(-48.2882921501661,-7.06961321646282,
-2.38734837078881E-23));
#12287=CARTESIAN_POINT('Ctrl Pts',(-48.8180542274641,-7.32095376869976,
-2.38734839063277E-23));
#12288=CARTESIAN_POINT('Ctrl Pts',(-49.0300870641768,-7.55206969059513,
-2.38734837350919E-23));
#12289=CARTESIAN_POINT('Ctrl Pts',(-49.1093299493518,-7.67093401835768,
-2.38734838217588E-23));
#12290=CARTESIAN_POINT('',(-34.0060645720429,-20.9532309800659,-2.09560802362354E-24));
#12291=CARTESIAN_POINT('',(-32.5000000000005,-22.5000000000015,0.));
#12292=CARTESIAN_POINT('',(-32.5000000000006,-24.6588712088035,-2.09560802362354E-24));
#12293=CARTESIAN_POINT('Ctrl Pts',(-32.5000000000006,-24.6588712088035,
-7.1198607720653E-24));
#12294=CARTESIAN_POINT('Ctrl Pts',(-32.5000000000005,-23.8969664468988,
-7.1198607142874E-24));
#12295=CARTESIAN_POINT('Ctrl Pts',(-32.8029416708738,-22.5049589547352,
-7.11986091651005E-24));
#12296=CARTESIAN_POINT('Ctrl Pts',(-33.6074264673831,-21.3626430875543,
-7.11986065843543E-24));
#12297=CARTESIAN_POINT('Ctrl Pts',(-34.0060645720429,-20.9532309800659,
-7.11986077399123E-24));
#12298=CARTESIAN_POINT('',(-32.5000000000009,-30.999999999999,0.));
#12299=CARTESIAN_POINT('',(-32.500000000001,-32.4999999999987,0.));
#12300=CARTESIAN_POINT('',(-31.0000000000013,-32.4999999999991,0.));
#12301=CARTESIAN_POINT('Origin',(-31.0000000000009,-30.9999999999991,0.));
#12302=CARTESIAN_POINT('',(-29.0000000000014,-32.4999999999996,0.));
#12303=CARTESIAN_POINT('',(-27.500000000001,-32.5,0.));
#12304=CARTESIAN_POINT('',(-27.500000000001,-30.9999999999996,0.));
#12305=CARTESIAN_POINT('Origin',(-29.000000000001,-30.9999999999996,0.));
#12306=CARTESIAN_POINT('',(-27.5000000000009,-24.5135972742796,-9.01930547807986E-26));
#12307=CARTESIAN_POINT('',(-27.5000000000009,-22.5,0.));
#12308=CARTESIAN_POINT('',(-27.0359335176086,-20.5406081854549,-9.01930557437635E-26));
#12309=CARTESIAN_POINT('Origin',(-18.8040288802631,-23.5157361720183,4.44089415619764E-15));
#12310=CARTESIAN_POINT('',(-24.5420279576197,-10.0107847099487,0.));
#12311=CARTESIAN_POINT('',(-24.0798516832334,-8.05937377365114,0.));
#12312=CARTESIAN_POINT('Ctrl Pts',(-22.9825940639959,-8.75852038824305,
2.54601493761961E-42));
#12313=CARTESIAN_POINT('Ctrl Pts',(-23.1730490371413,-8.76136333433646,
2.76400401791821E-32));
#12314=CARTESIAN_POINT('Ctrl Pts',(-23.5771503887971,-8.8358749859175,7.36754504080689E-32));
#12315=CARTESIAN_POINT('Ctrl Pts',(-24.2213282942771,-9.25307047112529,
9.21077931571291E-32));
#12316=CARTESIAN_POINT('Ctrl Pts',(-24.4761804193685,-9.73276177066588,
4.1460060265528E-32));
#12317=CARTESIAN_POINT('Ctrl Pts',(-24.5420279576197,-10.0107847099487,
0.));
#12318=CARTESIAN_POINT('',(-28.5744280120479,-29.9933745303929,0.));
#12319=CARTESIAN_POINT('Origin',(-29.9744280120479,-29.9933745303929,0.));
#12320=CARTESIAN_POINT('',(-28.5740000000009,-26.4763745303929,0.));
#12321=CARTESIAN_POINT('Origin',(-29.9740000000009,-26.4763745303929,0.));
#12322=CARTESIAN_POINT('Origin',(-38.,-18.0000000000002,0.));
#12323=CARTESIAN_POINT('',(-70.0000000000026,-34.5000000000003,0.));
#12324=CARTESIAN_POINT('',(-70.0000000000026,36.0000000000004,0.));
#12325=CARTESIAN_POINT('',(-68.5000000000025,-36.0000000000003,0.));
#12326=CARTESIAN_POINT('Origin',(-68.5000000000026,-34.5000000000003,0.));
#12327=CARTESIAN_POINT('',(-66.5000000000023,-36.0000000000001,0.));
#12328=CARTESIAN_POINT('',(-65.0000000000026,-36.,0.));
#12329=CARTESIAN_POINT('',(-65.0000000000024,-34.5000000000003,0.));
#12330=CARTESIAN_POINT('Origin',(-66.5000000000024,-34.5000000000001,0.));
#12331=CARTESIAN_POINT('',(-65.0000000000014,-28.0800313969372,6.7210917980688E-25));
#12332=CARTESIAN_POINT('',(-65.0000000000011,-26.,0.));
#12333=CARTESIAN_POINT('',(-63.9011154884115,-24.233935606374,6.7210917980688E-25));
#12334=CARTESIAN_POINT('Ctrl Pts',(-63.9011154884115,-24.233935606374,1.20274216822814E-15));
#12335=CARTESIAN_POINT('Ctrl Pts',(-64.6055180041349,-25.3660110780721,
1.20274216822814E-15));
#12336=CARTESIAN_POINT('Ctrl Pts',(-65.0000000000012,-26.7466980636039,
1.20274216822814E-15));
#12337=CARTESIAN_POINT('Ctrl Pts',(-65.0000000000014,-28.0800313969372,
1.20274216822814E-15));
#12338=CARTESIAN_POINT('',(-54.2306114479604,-8.6920541127931,-1.24608300337551E-24));
#12339=CARTESIAN_POINT('',(-53.255106834957,-7.12427884189493,0.));
#12340=CARTESIAN_POINT('',(-52.2308579844809,-8.66065211760919,-1.24608300337551E-24));
#12341=CARTESIAN_POINT('Ctrl Pts',(-52.2308579844809,-8.66065211760919,
-2.49216600675101E-24));
#12342=CARTESIAN_POINT('Ctrl Pts',(-52.3365151647142,-8.50216634725913,
-2.49216600675102E-24));
#12343=CARTESIAN_POINT('Ctrl Pts',(-52.6619484099534,-8.18514497338505,
-2.492166006751E-24));
#12344=CARTESIAN_POINT('Ctrl Pts',(-53.3110295873253,-8.08643416240474,
-2.49216600675101E-24));
#12345=CARTESIAN_POINT('Ctrl Pts',(-53.8932464177941,-8.28983021801289,
-2.49216600675101E-24));
#12346=CARTESIAN_POINT('Ctrl Pts',(-54.1299825171428,-8.53032904540766,
-2.49216600675101E-24));
#12347=CARTESIAN_POINT('Ctrl Pts',(-54.2306114479604,-8.6920541127931,-2.49216600675101E-24));
#12348=CARTESIAN_POINT('',(-51.4246782525395,-9.86992171552364,6.7168492989822E-14));
#12349=CARTESIAN_POINT('',(-65.9940000000017,-29.9666406831996,0.));
#12350=CARTESIAN_POINT('Origin',(-67.3940000000017,-29.9666406831996,0.));
#12351=CARTESIAN_POINT('',(-65.9941978967802,-33.4836406831996,0.));
#12352=CARTESIAN_POINT('Origin',(-67.3941978967802,-33.4836406831996,0.));
#12353=CARTESIAN_POINT('Origin',(-38.,-18.0000000000002,0.));
#12354=CARTESIAN_POINT('',(-52.2308579844809,8.66065211760919,-1.49882269942417E-24));
#12355=CARTESIAN_POINT('',(-51.4246782525395,9.86992171552361,4.05231403988182E-14));
#12356=CARTESIAN_POINT('',(-54.2306114479604,8.6920541127931,-1.49882269942417E-24));
#12357=CARTESIAN_POINT('Ctrl Pts',(-54.2306114479604,8.6920541127931,-2.99764539884834E-24));
#12358=CARTESIAN_POINT('Ctrl Pts',(-54.1299825171428,8.53032904540766,-2.99764539884835E-24));
#12359=CARTESIAN_POINT('Ctrl Pts',(-53.8146636008808,8.203245983102,-2.99764539884833E-24));
#12360=CARTESIAN_POINT('Ctrl Pts',(-53.1690017825276,8.08420390926418,-2.99764539884836E-24));
#12361=CARTESIAN_POINT('Ctrl Pts',(-52.580685755149,8.26921916552083,-2.99764539884833E-24));
#12362=CARTESIAN_POINT('Ctrl Pts',(-52.3365151647142,8.50216634725913,-2.99764539884835E-24));
#12363=CARTESIAN_POINT('Ctrl Pts',(-52.2308579844809,8.66065211760919,-2.99764539884834E-24));
#12364=CARTESIAN_POINT('',(-63.9011154884115,24.233935606374,-5.73896042617688E-25));
#12365=CARTESIAN_POINT('',(-53.255106834957,7.12427884189493,0.));
#12366=CARTESIAN_POINT('',(-65.0000000000014,28.0800313969372,-5.73896042617688E-25));
#12367=CARTESIAN_POINT('Ctrl Pts',(-65.0000000000014,28.0800313969372,-7.62038648367366E-25));
#12368=CARTESIAN_POINT('Ctrl Pts',(-65.0000000000012,26.7466980636039,-7.62038648367366E-25));
#12369=CARTESIAN_POINT('Ctrl Pts',(-64.6055180041349,25.3660110780721,-7.62038648367366E-25));
#12370=CARTESIAN_POINT('Ctrl Pts',(-63.9011154884115,24.233935606374,-7.62038648367366E-25));
#12371=CARTESIAN_POINT('',(-65.0000000000024,34.5000000000003,0.));
#12372=CARTESIAN_POINT('',(-65.0000000000011,26.,0.));
#12373=CARTESIAN_POINT('',(-66.5000000000023,36.0000000000001,0.));
#12374=CARTESIAN_POINT('Origin',(-66.5000000000024,34.5000000000001,0.));
#12375=CARTESIAN_POINT('',(-68.5000000000025,36.0000000000003,0.));
#12376=CARTESIAN_POINT('',(-65.0000000000026,36.,0.));
#12377=CARTESIAN_POINT('',(-70.0000000000026,34.5000000000003,0.));
#12378=CARTESIAN_POINT('Origin',(-68.5000000000026,34.5000000000003,0.));
#12379=CARTESIAN_POINT('',(-70.0000000000026,36.0000000000004,0.));
#12380=CARTESIAN_POINT('Origin',(-38.,-18.0000000000002,0.));
#12381=CARTESIAN_POINT('',(-24.5420279576197,10.0107847099487,0.));
#12382=CARTESIAN_POINT('Ctrl Pts',(-24.5420279576197,10.0107847099487,2.73691106313441E-47));
#12383=CARTESIAN_POINT('Ctrl Pts',(-24.4981295987856,9.82543608376017,-5.52800803538507E-32));
#12384=CARTESIAN_POINT('Ctrl Pts',(-24.3381231839854,9.44695512538301,-1.47350900813019E-31));
#12385=CARTESIAN_POINT('Ctrl Pts',(-23.7916796424926,8.90805188476599,-1.84215586314077E-31));
#12386=CARTESIAN_POINT('Ctrl Pts',(-23.268276523714,8.76278480738316,-8.29201205327958E-32));
#12387=CARTESIAN_POINT('Ctrl Pts',(-22.9825940639958,8.75852038824305,-2.60622355986974E-42));
#12388=CARTESIAN_POINT('',(-27.0359335176086,20.5406081854549,-6.8182202519255E-25));
#12389=CARTESIAN_POINT('',(-24.0798516832334,8.05937377365114,0.));
#12390=CARTESIAN_POINT('',(-27.5000000000009,24.5135972742796,-6.8182202519255E-25));
#12391=CARTESIAN_POINT('Origin',(-18.8040288803898,23.5157361720073,-1.3636440503851E-24));
#12392=CARTESIAN_POINT('',(-27.500000000001,30.9999999999996,0.));
#12393=CARTESIAN_POINT('',(-27.5000000000009,22.5,0.));
#12394=CARTESIAN_POINT('',(-29.0000000000014,32.4999999999996,0.));
#12395=CARTESIAN_POINT('Origin',(-29.000000000001,30.9999999999996,0.));
#12396=CARTESIAN_POINT('',(-31.0000000000013,32.4999999999991,0.));
#12397=CARTESIAN_POINT('',(-27.500000000001,32.5,0.));
#12398=CARTESIAN_POINT('',(-32.5000000000009,30.999999999999,0.));
#12399=CARTESIAN_POINT('Origin',(-31.0000000000009,30.9999999999991,0.));
#12400=CARTESIAN_POINT('',(-32.5000000000006,24.6588712088035,-2.09560802362354E-24));
#12401=CARTESIAN_POINT('',(-32.500000000001,32.4999999999987,0.));
#12402=CARTESIAN_POINT('',(-34.0060645720429,20.9532309800659,-2.09560802362354E-24));
#12403=CARTESIAN_POINT('Ctrl Pts',(-34.0060645720429,20.9532309800659,-7.1198607720653E-24));
#12404=CARTESIAN_POINT('Ctrl Pts',(-33.4745470991632,21.4991137900505,-7.1198607142874E-24));
#12405=CARTESIAN_POINT('Ctrl Pts',(-32.7205084284107,22.7077842154356,-7.11986091651005E-24));
#12406=CARTESIAN_POINT('Ctrl Pts',(-32.5000000000005,24.087442637375,-7.11986065843543E-24));
#12407=CARTESIAN_POINT('Ctrl Pts',(-32.5000000000006,24.6588712088035,-7.11986077399123E-24));
#12408=CARTESIAN_POINT('',(-47.1177937714313,7.48713072123311,2.99635117452872E-24));
#12409=CARTESIAN_POINT('',(-32.5000000000005,22.5000000000015,0.));
#12410=CARTESIAN_POINT('',(-49.1093299493518,7.67093401835768,2.99635117452872E-24));
#12411=CARTESIAN_POINT('Ctrl Pts',(-49.1093299493518,7.67093401835768,-5.55111763534889E-16));
#12412=CARTESIAN_POINT('Ctrl Pts',(-49.0036727691184,7.51244824800762,-5.55111763534887E-16));
#12413=CARTESIAN_POINT('Ctrl Pts',(-48.6926721427784,7.20369632591794,-5.55111763534891E-16));
#12414=CARTESIAN_POINT('Ctrl Pts',(-48.035019758085,7.04623814487173,-5.55111763534887E-16));
#12415=CARTESIAN_POINT('Ctrl Pts',(-47.4682046099593,7.19637314944193,-5.55111763534891E-16));
#12416=CARTESIAN_POINT('Ctrl Pts',(-47.2174532975963,7.384777694361,-5.55111763534888E-16));
#12417=CARTESIAN_POINT('Ctrl Pts',(-47.1177937714313,7.48713072123311,-5.55111763534889E-16));
#12418=CARTESIAN_POINT('',(-45.1889220336126,1.79032214474644,5.05151476204446E-14));
#12419=CARTESIAN_POINT('Origin',(-38.,-18.0000000000002,0.));
#12420=CARTESIAN_POINT('',(-21.5242718451336,7.39957965425767,0.));
#12421=CARTESIAN_POINT('',(-21.6460959309444,7.60261979727288,3.94129173741931E-14));
#12422=CARTESIAN_POINT('',(-6.,25.3,0.));
#12423=CARTESIAN_POINT('',(-6.,-10.7499999999996,0.));
#12424=CARTESIAN_POINT('',(-7.5,26.8,0.));
#12425=CARTESIAN_POINT('Origin',(-7.5,25.3,0.));
#12426=CARTESIAN_POINT('',(-8.99999999999989,26.8,0.));
#12427=CARTESIAN_POINT('',(-5.49999999999989,26.8,0.));
#12428=CARTESIAN_POINT('',(-10.4999999999999,25.3,0.));
#12429=CARTESIAN_POINT('Origin',(-8.9999999999999,25.3,0.));
#12430=CARTESIAN_POINT('',(-10.5,18.9512327187284,-4.62666706522332E-25));
#12431=CARTESIAN_POINT('',(-10.5,16.8,0.));
#12432=CARTESIAN_POINT('',(-11.9732756700269,15.2324346870914,-4.62666706522332E-25));
#12433=CARTESIAN_POINT('Ctrl Pts',(-11.9732756700269,15.2324346870914,-9.25333102267148E-25));
#12434=CARTESIAN_POINT('Ctrl Pts',(-11.4514837974788,15.7876212394825,-9.25332408932368E-25));
#12435=CARTESIAN_POINT('Ctrl Pts',(-10.7153057602709,17.0023651664801,-9.25335213086367E-25));
#12436=CARTESIAN_POINT('Ctrl Pts',(-10.5,18.3798041472998,-9.25331515300874E-25));
#12437=CARTESIAN_POINT('Ctrl Pts',(-10.5,18.9512327187284,-9.25332901970434E-25));
#12438=CARTESIAN_POINT('',(-19.5357078802288,7.18600681543658,0.));
#12439=CARTESIAN_POINT('',(-10.5,16.8,0.));
#12440=CARTESIAN_POINT('Ctrl Pts',(-21.5242718451336,7.39957965425767,-5.55111769548538E-16));
#12441=CARTESIAN_POINT('Ctrl Pts',(-21.4262726536235,7.23624766840769,-5.55111769548539E-16));
#12442=CARTESIAN_POINT('Ctrl Pts',(-21.1264082965577,6.91075776793883,-5.55111769548537E-16));
#12443=CARTESIAN_POINT('Ctrl Pts',(-20.4589819808973,6.73564379657309,-5.5511176954854E-16));
#12444=CARTESIAN_POINT('Ctrl Pts',(-19.8829897685221,6.8886546925815,-5.55111769548537E-16));
#12445=CARTESIAN_POINT('Ctrl Pts',(-19.6335438563315,7.08190933686324,-5.55111769548539E-16));
#12446=CARTESIAN_POINT('Ctrl Pts',(-19.5357078802288,7.18600681543658,-5.55111769548538E-16));
#12447=CARTESIAN_POINT('Origin',(-38.,-18.0000000000002,-1.));
#12448=CARTESIAN_POINT('',(-70.0000000000026,-34.5000000000003,-1.));
#12449=CARTESIAN_POINT('',(-70.0000000000026,34.5000000000003,-1.));
#12450=CARTESIAN_POINT('',(-70.0000000000026,-36.0000000000004,-1.));
#12451=CARTESIAN_POINT('',(-68.5000000000025,36.0000000000003,-1.));
#12452=CARTESIAN_POINT('Origin',(-68.5000000000026,34.5000000000003,-1.));
#12453=CARTESIAN_POINT('',(-66.5000000000023,36.0000000000001,-1.));
#12454=CARTESIAN_POINT('',(-65.0000000000026,36.,-1.));
#12455=CARTESIAN_POINT('',(-65.0000000000024,34.5000000000003,-1.));
#12456=CARTESIAN_POINT('Origin',(-66.5000000000024,34.5000000000001,-1.));
#12457=CARTESIAN_POINT('',(-65.0000000000014,28.0800313969372,-1.));
#12458=CARTESIAN_POINT('',(-65.0000000000011,26.,-1.));
#12459=CARTESIAN_POINT('',(-63.9011154884115,24.233935606374,-1.));
#12460=CARTESIAN_POINT('Ctrl Pts',(-63.9011154884115,24.233935606374,-0.999999999999996));
#12461=CARTESIAN_POINT('Ctrl Pts',(-64.6055180041349,25.3660110780721,-0.999999999999996));
#12462=CARTESIAN_POINT('Ctrl Pts',(-65.0000000000012,26.7466980636039,-0.999999999999996));
#12463=CARTESIAN_POINT('Ctrl Pts',(-65.0000000000014,28.0800313969372,-0.999999999999996));
#12464=CARTESIAN_POINT('',(-54.2306114479604,8.6920541127931,-1.));
#12465=CARTESIAN_POINT('',(-53.255106834957,7.12427884189493,-1.));
#12466=CARTESIAN_POINT('',(-52.2308579844809,8.66065211760919,-1.));
#12467=CARTESIAN_POINT('Ctrl Pts',(-52.2308579844809,8.66065211760919,-1.));
#12468=CARTESIAN_POINT('Ctrl Pts',(-52.3365151647142,8.50216634725913,-1.));
#12469=CARTESIAN_POINT('Ctrl Pts',(-52.580685755149,8.26921916552084,-1.));
#12470=CARTESIAN_POINT('Ctrl Pts',(-53.1690017825275,8.08420390926417,-1.));
#12471=CARTESIAN_POINT('Ctrl Pts',(-53.8146636008808,8.203245983102,-1.));
#12472=CARTESIAN_POINT('Ctrl Pts',(-54.1299825171428,8.53032904540766,-1.));
#12473=CARTESIAN_POINT('Ctrl Pts',(-54.2306114479604,8.6920541127931,-1.));
#12474=CARTESIAN_POINT('',(-52.0000000000002,9.00693909433023,-1.));
#12475=CARTESIAN_POINT('',(-51.0000000000002,10.5069390943302,-1.));
#12476=CARTESIAN_POINT('',(-50.0000000000002,9.00693909433024,-1.));
#12477=CARTESIAN_POINT('Ctrl Pts',(-50.0000000000002,9.00693909433024,-1.));
#12478=CARTESIAN_POINT('Ctrl Pts',(-50.1056571802335,9.1654248646803,-1.));
#12479=CARTESIAN_POINT('Ctrl Pts',(-50.3483372516964,9.39762747402436,-1.));
#12480=CARTESIAN_POINT('Ctrl Pts',(-50.9298923442167,9.58654498683304,-1.));
#12481=CARTESIAN_POINT('Ctrl Pts',(-51.57093897935,9.48104755432473,-1.));
#12482=CARTESIAN_POINT('Ctrl Pts',(-51.8943428197668,9.16542486468029,-1.));
#12483=CARTESIAN_POINT('Ctrl Pts',(-52.0000000000002,9.00693909433023,-1.));
#12484=CARTESIAN_POINT('',(-49.1093299493518,7.67093401835768,-1.));
#12485=CARTESIAN_POINT('',(-48.2272005722973,6.347739952776,-1.));
#12486=CARTESIAN_POINT('',(-47.1177937714313,7.48713072123311,-1.));
#12487=CARTESIAN_POINT('Ctrl Pts',(-47.1177937714313,7.48713072123311,-1.));
#12488=CARTESIAN_POINT('Ctrl Pts',(-47.2174532975963,7.384777694361,-1.));
#12489=CARTESIAN_POINT('Ctrl Pts',(-47.4682046099593,7.19637314944192,-1.));
#12490=CARTESIAN_POINT('Ctrl Pts',(-48.035019758085,7.04623814487174,-1.));
#12491=CARTESIAN_POINT('Ctrl Pts',(-48.6926721427784,7.20369632591794,-1.));
#12492=CARTESIAN_POINT('Ctrl Pts',(-49.0036727691184,7.51244824800762,-1.));
#12493=CARTESIAN_POINT('Ctrl Pts',(-49.1093299493518,7.67093401835768,-1.));
#12494=CARTESIAN_POINT('',(-34.0060645720429,20.9532309800659,-1.));
#12495=CARTESIAN_POINT('',(-32.5000000000005,22.5000000000015,-1.));
#12496=CARTESIAN_POINT('',(-32.5000000000006,24.6588712088035,-1.));
#12497=CARTESIAN_POINT('Ctrl Pts',(-32.5000000000006,24.6588712088035,-1.));
#12498=CARTESIAN_POINT('Ctrl Pts',(-32.5000000000005,24.087442637375,-1.));
#12499=CARTESIAN_POINT('Ctrl Pts',(-32.7205084284107,22.7077842154355,-1.));
#12500=CARTESIAN_POINT('Ctrl Pts',(-33.4745470991632,21.4991137900505,-1.));
#12501=CARTESIAN_POINT('Ctrl Pts',(-34.0060645720429,20.9532309800659,-1.));
#12502=CARTESIAN_POINT('',(-32.5000000000009,30.999999999999,-1.));
#12503=CARTESIAN_POINT('',(-32.500000000001,32.4999999999987,-1.));
#12504=CARTESIAN_POINT('',(-31.0000000000013,32.4999999999991,-1.));
#12505=CARTESIAN_POINT('Origin',(-31.0000000000009,30.9999999999991,-1.));
#12506=CARTESIAN_POINT('',(-29.0000000000014,32.4999999999996,-1.));
#12507=CARTESIAN_POINT('',(-27.500000000001,32.5,-1.));
#12508=CARTESIAN_POINT('',(-27.500000000001,30.9999999999996,-1.));
#12509=CARTESIAN_POINT('Origin',(-29.000000000001,30.9999999999996,-1.));
#12510=CARTESIAN_POINT('',(-27.5000000000009,24.5135972742796,-1.));
#12511=CARTESIAN_POINT('',(-27.5000000000009,22.5,-1.));
#12512=CARTESIAN_POINT('',(-27.0359335176086,20.5406081854549,-1.));
#12513=CARTESIAN_POINT('Origin',(-18.8040288803847,23.5157361720006,-1.00000000000001));
#12514=CARTESIAN_POINT('',(-24.5420279576197,10.0107847099487,-1.));
#12515=CARTESIAN_POINT('',(-24.0798516832334,8.05937377365114,-1.));
#12516=CARTESIAN_POINT('',(-22.9825940639958,8.75852038824305,-1.));
#12517=CARTESIAN_POINT('Ctrl Pts',(-22.9825940639958,8.75852038824305,-0.999999999999999));
#12518=CARTESIAN_POINT('Ctrl Pts',(-23.268276523714,8.76278480738316,-0.999999999999999));
#12519=CARTESIAN_POINT('Ctrl Pts',(-23.7916796424927,8.90805188476601,-0.999999999999999));
#12520=CARTESIAN_POINT('Ctrl Pts',(-24.3381231839852,9.44695512538301,-1.));
#12521=CARTESIAN_POINT('Ctrl Pts',(-24.4981295987856,9.82543608376017,-1.));
#12522=CARTESIAN_POINT('Ctrl Pts',(-24.5420279576197,10.0107847099487,-1.));
#12523=CARTESIAN_POINT('',(-22.0000000000018,8.19245991237087,-1.));
#12524=CARTESIAN_POINT('Ctrl Pts',(-22.0000000000018,8.19245991237087,-1.));
#12525=CARTESIAN_POINT('Ctrl Pts',(-22.0725305729723,8.313344200655,-1.));
#12526=CARTESIAN_POINT('Ctrl Pts',(-22.244695685223,8.51534907320635,-1.));
#12527=CARTESIAN_POINT('Ctrl Pts',(-22.6116390487899,8.71242767557295,-1.));
#12528=CARTESIAN_POINT('Ctrl Pts',(-22.8585038824113,8.75666807800332,-1.));
#12529=CARTESIAN_POINT('Ctrl Pts',(-22.9825940639959,8.75852038824305,-1.));
#12530=CARTESIAN_POINT('',(-21.5242718451336,7.39957965425767,-1.));
#12531=CARTESIAN_POINT('',(-20.6712182938101,5.97782373538603,-1.));
#12532=CARTESIAN_POINT('',(-19.5357078802288,7.18600681543658,-1.));
#12533=CARTESIAN_POINT('Ctrl Pts',(-19.5357078802288,7.18600681543658,-1.));
#12534=CARTESIAN_POINT('Ctrl Pts',(-19.6335438563315,7.08190933686324,-1.));
#12535=CARTESIAN_POINT('Ctrl Pts',(-19.8829897685223,6.8886546925815,-1.));
#12536=CARTESIAN_POINT('Ctrl Pts',(-20.4589819808973,6.7356437965731,-1.));
#12537=CARTESIAN_POINT('Ctrl Pts',(-21.1264082965576,6.91075776793883,-1.));
#12538=CARTESIAN_POINT('Ctrl Pts',(-21.4262726536235,7.23624766840769,-1.));
#12539=CARTESIAN_POINT('Ctrl Pts',(-21.5242718451336,7.39957965425767,-1.));
#12540=CARTESIAN_POINT('',(-11.9732756700269,15.2324346870914,-1.));
#12541=CARTESIAN_POINT('',(-10.5,16.8,-1.));
#12542=CARTESIAN_POINT('',(-10.5,18.9512327187284,-1.));
#12543=CARTESIAN_POINT('Ctrl Pts',(-10.5,18.9512327187284,-0.999999999999996));
#12544=CARTESIAN_POINT('Ctrl Pts',(-10.5,18.3798041472998,-0.999999999999996));
#12545=CARTESIAN_POINT('Ctrl Pts',(-10.715305760271,17.00236516648,-0.999999999999998));
#12546=CARTESIAN_POINT('Ctrl Pts',(-11.4514837974788,15.7876212394825,-0.999999999999996));
#12547=CARTESIAN_POINT('Ctrl Pts',(-11.9732756700269,15.2324346870914,-0.999999999999996));
#12548=CARTESIAN_POINT('',(-10.4999999999999,25.3,-1.));
#12549=CARTESIAN_POINT('',(-10.5,16.8,-1.));
#12550=CARTESIAN_POINT('',(-8.99999999999989,26.8,-1.));
#12551=CARTESIAN_POINT('Origin',(-8.9999999999999,25.3,-1.));
#12552=CARTESIAN_POINT('',(-7.5,26.8,-1.));
#12553=CARTESIAN_POINT('',(-5.49999999999989,26.8,-1.));
#12554=CARTESIAN_POINT('',(-6.,25.3,-1.));
#12555=CARTESIAN_POINT('Origin',(-7.5,25.3,-1.));
#12556=CARTESIAN_POINT('',(-6.,-25.3,-1.));
#12557=CARTESIAN_POINT('',(-6.,-10.7499999999996,-1.));
#12558=CARTESIAN_POINT('',(-7.5,-26.8,-1.));
#12559=CARTESIAN_POINT('Origin',(-7.5,-25.3,-1.));
#12560=CARTESIAN_POINT('',(-8.99999999999989,-26.8,-1.));
#12561=CARTESIAN_POINT('',(-5.49999999999989,-26.8,-1.));
#12562=CARTESIAN_POINT('',(-10.4999999999999,-25.3,-1.));
#12563=CARTESIAN_POINT('Origin',(-8.9999999999999,-25.3,-1.));
#12564=CARTESIAN_POINT('',(-10.5,-18.9512327187284,-1.));
#12565=CARTESIAN_POINT('',(-10.5,-16.8,-1.));
#12566=CARTESIAN_POINT('',(-11.9732756700269,-15.2324346870914,-1.));
#12567=CARTESIAN_POINT('Ctrl Pts',(-11.9732756700269,-15.2324346870914,
-0.999999999999996));
#12568=CARTESIAN_POINT('Ctrl Pts',(-11.5819317656158,-15.6488246013848,
-0.999999999999996));
#12569=CARTESIAN_POINT('Ctrl Pts',(-10.795479662508,-16.799992619445,-0.999999999999998));
#12570=CARTESIAN_POINT('Ctrl Pts',(-10.5,-18.1893279568236,-0.999999999999996));
#12571=CARTESIAN_POINT('Ctrl Pts',(-10.5,-18.9512327187284,-0.999999999999996));
#12572=CARTESIAN_POINT('',(-19.5357078802288,-7.18600681543658,-1.));
#12573=CARTESIAN_POINT('',(-10.5,-16.8,-1.));
#12574=CARTESIAN_POINT('',(-21.5242718451336,-7.39957965425767,-1.));
#12575=CARTESIAN_POINT('Ctrl Pts',(-21.5242718451336,-7.39957965425767,
-1.));
#12576=CARTESIAN_POINT('Ctrl Pts',(-21.450772451501,-7.27708066487018,-1.));
#12577=CARTESIAN_POINT('Ctrl Pts',(-21.2480535099574,-7.03526327222756,
-1.));
#12578=CARTESIAN_POINT('Ctrl Pts',(-20.7176898794261,-6.76342916394844,
-1.));
#12579=CARTESIAN_POINT('Ctrl Pts',(-20.028299604849,-6.79282030414013,-1.));
#12580=CARTESIAN_POINT('Ctrl Pts',(-19.6661558483658,-7.0472101773388,-1.));
#12581=CARTESIAN_POINT('Ctrl Pts',(-19.5357078802288,-7.18600681543658,
-1.));
#12582=CARTESIAN_POINT('',(-22.0000000000018,-8.19245991237087,-1.));
#12583=CARTESIAN_POINT('',(-20.6712182938101,-5.97782373538603,-1.));
#12584=CARTESIAN_POINT('',(-22.9825940639958,-8.75852038824305,-1.));
#12585=CARTESIAN_POINT('Ctrl Pts',(-22.9825940639959,-8.75852038824305,
-1.));
#12586=CARTESIAN_POINT('Ctrl Pts',(-22.8585038824113,-8.75666807800332,
-1.));
#12587=CARTESIAN_POINT('Ctrl Pts',(-22.6116390487901,-8.71242767557296,
-1.));
#12588=CARTESIAN_POINT('Ctrl Pts',(-22.2446956852229,-8.51534907320635,
-1.));
#12589=CARTESIAN_POINT('Ctrl Pts',(-22.0725305729723,-8.31334420065501,
-1.));
#12590=CARTESIAN_POINT('Ctrl Pts',(-22.0000000000018,-8.19245991237087,
-1.));
#12591=CARTESIAN_POINT('',(-24.5420279576197,-10.0107847099487,-1.));
#12592=CARTESIAN_POINT('Ctrl Pts',(-24.5420279576197,-10.0107847099487,
-1.));
#12593=CARTESIAN_POINT('Ctrl Pts',(-24.4761804193685,-9.73276177066588,
-1.));
#12594=CARTESIAN_POINT('Ctrl Pts',(-24.2213282942773,-9.2530704711253,-1.));
#12595=CARTESIAN_POINT('Ctrl Pts',(-23.5771503887969,-8.8358749859175,-0.999999999999999));
#12596=CARTESIAN_POINT('Ctrl Pts',(-23.1730490371413,-8.76136333433646,
-0.999999999999999));
#12597=CARTESIAN_POINT('Ctrl Pts',(-22.9825940639959,-8.75852038824305,
-0.999999999999999));
#12598=CARTESIAN_POINT('',(-27.0359335176086,-20.5406081854549,-1.));
#12599=CARTESIAN_POINT('',(-24.0798516832334,-8.05937377365114,-1.));
#12600=CARTESIAN_POINT('',(-27.5000000000009,-24.5135972742796,-1.));
#12601=CARTESIAN_POINT('Origin',(-18.8040288803898,-23.5157361720073,-1.));
#12602=CARTESIAN_POINT('',(-27.500000000001,-30.9999999999996,-1.));
#12603=CARTESIAN_POINT('',(-27.5000000000009,-22.5,-1.));
#12604=CARTESIAN_POINT('',(-29.0000000000014,-32.4999999999996,-1.));
#12605=CARTESIAN_POINT('Origin',(-29.000000000001,-30.9999999999996,-1.));
#12606=CARTESIAN_POINT('',(-31.0000000000013,-32.4999999999991,-1.));
#12607=CARTESIAN_POINT('',(-27.500000000001,-32.5,-1.));
#12608=CARTESIAN_POINT('',(-32.5000000000009,-30.999999999999,-1.));
#12609=CARTESIAN_POINT('Origin',(-31.0000000000009,-30.9999999999991,-1.));
#12610=CARTESIAN_POINT('',(-32.5000000000006,-24.6588712088035,-1.));
#12611=CARTESIAN_POINT('',(-32.500000000001,-32.4999999999987,-1.));
#12612=CARTESIAN_POINT('',(-34.0060645720429,-20.9532309800659,-1.));
#12613=CARTESIAN_POINT('Ctrl Pts',(-34.0060645720429,-20.9532309800659,
-1.));
#12614=CARTESIAN_POINT('Ctrl Pts',(-33.6074264673831,-21.3626430875543,
-1.));
#12615=CARTESIAN_POINT('Ctrl Pts',(-32.8029416708738,-22.5049589547351,
-1.));
#12616=CARTESIAN_POINT('Ctrl Pts',(-32.5000000000005,-23.8969664468988,
-1.));
#12617=CARTESIAN_POINT('Ctrl Pts',(-32.5000000000006,-24.6588712088035,
-1.));
#12618=CARTESIAN_POINT('',(-47.1177937714313,-7.48713072123311,-1.));
#12619=CARTESIAN_POINT('',(-32.5000000000005,-22.5000000000015,-1.));
#12620=CARTESIAN_POINT('',(-49.1093299493518,-7.67093401835768,-1.));
#12621=CARTESIAN_POINT('Ctrl Pts',(-49.1093299493518,-7.67093401835768,
-1.));
#12622=CARTESIAN_POINT('Ctrl Pts',(-49.0300870641768,-7.55206969059513,
-1.));
#12623=CARTESIAN_POINT('Ctrl Pts',(-48.818054227464,-7.32095376869977,-1.));
#12624=CARTESIAN_POINT('Ctrl Pts',(-48.2882921501662,-7.0696132164628,-1.));
#12625=CARTESIAN_POINT('Ctrl Pts',(-47.6129298594447,-7.10404451244763,
-1.));
#12626=CARTESIAN_POINT('Ctrl Pts',(-47.2506731396512,-7.35066001873696,
-1.));
#12627=CARTESIAN_POINT('Ctrl Pts',(-47.1177937714313,-7.48713072123311,
-1.));
#12628=CARTESIAN_POINT('',(-50.0000000000002,-9.00693909433024,-1.));
#12629=CARTESIAN_POINT('',(-48.2272005722973,-6.347739952776,-1.));
#12630=CARTESIAN_POINT('',(-52.0000000000002,-9.00693909433023,-1.));
#12631=CARTESIAN_POINT('Ctrl Pts',(-52.0000000000002,-9.00693909433023,
-1.));
#12632=CARTESIAN_POINT('Ctrl Pts',(-51.8943428197668,-9.16542486468029,
-1.));
#12633=CARTESIAN_POINT('Ctrl Pts',(-51.6516627483039,-9.39762747402435,
-1.));
#12634=CARTESIAN_POINT('Ctrl Pts',(-51.0701076557837,-9.58654498683305,
-1.));
#12635=CARTESIAN_POINT('Ctrl Pts',(-50.4290610206504,-9.48104755432472,
-1.));
#12636=CARTESIAN_POINT('Ctrl Pts',(-50.1056571802335,-9.1654248646803,-1.));
#12637=CARTESIAN_POINT('Ctrl Pts',(-50.0000000000002,-9.00693909433024,
-1.));
#12638=CARTESIAN_POINT('',(-52.2308579844809,-8.66065211760919,-1.));
#12639=CARTESIAN_POINT('',(-51.0000000000002,-10.5069390943302,-1.));
#12640=CARTESIAN_POINT('',(-54.2306114479604,-8.6920541127931,-1.));
#12641=CARTESIAN_POINT('Ctrl Pts',(-54.2306114479604,-8.6920541127931,-0.999999999999999));
#12642=CARTESIAN_POINT('Ctrl Pts',(-54.1299825171428,-8.53032904540766,
-0.999999999999999));
#12643=CARTESIAN_POINT('Ctrl Pts',(-53.893246417794,-8.28983021801291,-1.));
#12644=CARTESIAN_POINT('Ctrl Pts',(-53.3110295873253,-8.08643416240473,
-1.));
#12645=CARTESIAN_POINT('Ctrl Pts',(-52.6619484099533,-8.18514497338505,
-1.));
#12646=CARTESIAN_POINT('Ctrl Pts',(-52.3365151647142,-8.50216634725913,
-1.));
#12647=CARTESIAN_POINT('Ctrl Pts',(-52.2308579844809,-8.66065211760919,
-1.));
#12648=CARTESIAN_POINT('',(-63.9011154884115,-24.233935606374,-1.));
#12649=CARTESIAN_POINT('',(-53.255106834957,-7.12427884189493,-1.));
#12650=CARTESIAN_POINT('',(-65.0000000000014,-28.0800313969372,-1.));
#12651=CARTESIAN_POINT('Ctrl Pts',(-65.0000000000014,-28.0800313969372,
-0.999999999999996));
#12652=CARTESIAN_POINT('Ctrl Pts',(-65.0000000000012,-26.7466980636039,
-0.999999999999996));
#12653=CARTESIAN_POINT('Ctrl Pts',(-64.6055180041349,-25.3660110780721,
-0.999999999999996));
#12654=CARTESIAN_POINT('Ctrl Pts',(-63.9011154884115,-24.233935606374,-0.999999999999996));
#12655=CARTESIAN_POINT('',(-65.0000000000024,-34.5000000000003,-1.));
#12656=CARTESIAN_POINT('',(-65.0000000000011,-26.,-1.));
#12657=CARTESIAN_POINT('',(-66.5000000000023,-36.0000000000001,-1.));
#12658=CARTESIAN_POINT('Origin',(-66.5000000000024,-34.5000000000001,-1.));
#12659=CARTESIAN_POINT('',(-68.5000000000025,-36.0000000000003,-1.));
#12660=CARTESIAN_POINT('',(-65.0000000000026,-36.,-1.));
#12661=CARTESIAN_POINT('Origin',(-68.5000000000026,-34.5000000000003,-1.));
#12662=CARTESIAN_POINT('',(-49.1679497056622,5.05470019622524,-1.));
#12663=CARTESIAN_POINT('',(-47.1679497056622,2.05470019622523,-1.));
#12664=CARTESIAN_POINT('',(-42.6294881672006,-4.75299211146714,-1.));
#12665=CARTESIAN_POINT('',(-52.8320502943378,5.05470019622524,-1.));
#12666=CARTESIAN_POINT('Ctrl Pts',(-52.8320502943378,5.05470019622524,-1.));
#12667=CARTESIAN_POINT('Ctrl Pts',(-52.5097400339512,5.53816558680525,-1.));
#12668=CARTESIAN_POINT('Ctrl Pts',(-51.9940630911838,5.88310077863704,-1.));
#12669=CARTESIAN_POINT('Ctrl Pts',(-50.999613588056,6.07698502145392,-1.));
#12670=CARTESIAN_POINT('Ctrl Pts',(-50.1052485298445,5.98644885609828,-1.));
#12671=CARTESIAN_POINT('Ctrl Pts',(-49.4079845064427,5.41475239739609,-1.));
#12672=CARTESIAN_POINT('Ctrl Pts',(-49.1679497056622,5.05470019622524,-1.));
#12673=CARTESIAN_POINT('',(-54.8320502943378,2.05470019622523,-1.));
#12674=CARTESIAN_POINT('',(-57.3705118327994,-1.75299211146714,-1.));
#12675=CARTESIAN_POINT('',(-54.8320502943378,-2.05470019622524,-1.));
#12676=CARTESIAN_POINT('Ctrl Pts',(-54.8320502943378,-2.05470019622524,
-1.));
#12677=CARTESIAN_POINT('Ctrl Pts',(-55.1783429240558,-1.53526125164839,
-1.));
#12678=CARTESIAN_POINT('Ctrl Pts',(-55.6721739364628,-0.119524254748378,
-1.));
#12679=CARTESIAN_POINT('Ctrl Pts',(-55.2937738006283,1.36211493678953,-1.));
#12680=CARTESIAN_POINT('Ctrl Pts',(-54.8320502943378,2.05470019622524,-1.));
#12681=CARTESIAN_POINT('',(-52.8320502943378,-5.05470019622524,-1.));
#12682=CARTESIAN_POINT('',(-49.062819525107,-10.7085463500715,-1.));
#12683=CARTESIAN_POINT('',(-49.1679497056622,-5.05470019622524,-1.));
#12684=CARTESIAN_POINT('Ctrl Pts',(-49.1679497056622,-5.05470019622525,
-1.));
#12685=CARTESIAN_POINT('Ctrl Pts',(-49.3286786926285,-5.29579367667474,
-1.));
#12686=CARTESIAN_POINT('Ctrl Pts',(-49.5353163479974,-5.50281189036344,
-1.));
#12687=CARTESIAN_POINT('Ctrl Pts',(-50.0182652197418,-5.82580474483642,
-1.));
#12688=CARTESIAN_POINT('Ctrl Pts',(-50.2901625220021,-5.93782769714572,
-1.));
#12689=CARTESIAN_POINT('Ctrl Pts',(-51.1313140132917,-6.10383666101374,
-1.));
#12690=CARTESIAN_POINT('Ctrl Pts',(-51.724108691049,-5.98915430945862,-1.));
#12691=CARTESIAN_POINT('Ctrl Pts',(-52.4494030323498,-5.51748480273954,
-1.));
#12692=CARTESIAN_POINT('Ctrl Pts',(-52.6661475730302,-5.30355427818668,
-1.));
#12693=CARTESIAN_POINT('Ctrl Pts',(-52.8320502943378,-5.05470019622524,
-1.));
#12694=CARTESIAN_POINT('',(-47.1679497056622,-2.05470019622522,-1.));
#12695=CARTESIAN_POINT('',(-50.937180474893,-7.70854635007145,-1.));
#12696=CARTESIAN_POINT('Ctrl Pts',(-47.1679497056622,2.05470019622522,-1.));
#12697=CARTESIAN_POINT('Ctrl Pts',(-46.6269307214249,1.24317171986937,-1.));
#12698=CARTESIAN_POINT('Ctrl Pts',(-46.4245955674798,0.221976557535859,
-1.));
#12699=CARTESIAN_POINT('Ctrl Pts',(-46.7150888628728,-1.20552755688152,
-1.));
#12700=CARTESIAN_POINT('Ctrl Pts',(-46.9009525538909,-1.65420446856836,
-1.));
#12701=CARTESIAN_POINT('Ctrl Pts',(-47.1679497056622,-2.05470019622522,
-1.));
#12702=CARTESIAN_POINT('',(-6.85000000000009,-24.3,-1.));
#12703=CARTESIAN_POINT('Origin',(-8.00000000000009,-24.3,-1.));
#12704=CARTESIAN_POINT('',(-28.824428012048,-29.9933745303929,-1.));
#12705=CARTESIAN_POINT('Origin',(-29.9744280120479,-29.9933745303929,-1.));
#12706=CARTESIAN_POINT('',(-66.2441978967802,-33.4836406831996,-1.));
#12707=CARTESIAN_POINT('Origin',(-67.3941978967802,-33.4836406831996,-1.));
#12708=CARTESIAN_POINT('',(-24.8574929257125,3.84782908876086,-1.));
#12709=CARTESIAN_POINT('',(-21.1425070742875,3.84782908876086,-1.));
#12710=CARTESIAN_POINT('Ctrl Pts',(-24.8574929257125,3.84782908876086,-1.));
#12711=CARTESIAN_POINT('Ctrl Pts',(-24.7109857819519,4.0920076616953,-1.));
#12712=CARTESIAN_POINT('Ctrl Pts',(-24.5178251943468,4.30489371966067,-1.));
#12713=CARTESIAN_POINT('Ctrl Pts',(-23.9566374720495,4.72023646531793,-1.));
#12714=CARTESIAN_POINT('Ctrl Pts',(-22.945728971736,5.09227829449023,-1.));
#12715=CARTESIAN_POINT('Ctrl Pts',(-21.8905977450668,4.6973441367592,-1.));
#12716=CARTESIAN_POINT('Ctrl Pts',(-21.3357391253173,4.13015840936205,-1.));
#12717=CARTESIAN_POINT('Ctrl Pts',(-21.2305534564623,3.99457305905227,-1.));
#12718=CARTESIAN_POINT('Ctrl Pts',(-21.1425070742875,3.84782908876086,-1.));
#12719=CARTESIAN_POINT('',(-25.9574929257126,2.01449575542753,-1.));
#12720=CARTESIAN_POINT('',(-32.4163164551244,-8.75021012692548,-1.));
#12721=CARTESIAN_POINT('',(-25.9574929257125,-2.01449575542752,-1.));
#12722=CARTESIAN_POINT('Ctrl Pts',(-25.9574929257125,-2.01449575542752,
-1.));
#12723=CARTESIAN_POINT('Ctrl Pts',(-26.2693937207066,-1.49466109710407,
-1.));
#12724=CARTESIAN_POINT('Ctrl Pts',(-26.7095868731049,-0.115287183723333,
-1.));
#12725=CARTESIAN_POINT('Ctrl Pts',(-26.3733606523713,1.32138287766297,-1.));
#12726=CARTESIAN_POINT('Ctrl Pts',(-25.9574929257126,2.01449575542753,-1.));
#12727=CARTESIAN_POINT('',(-24.8574929257125,-3.84782908876086,-1.));
#12728=CARTESIAN_POINT('',(-24.475139984536,-4.48508399072172,-1.));
#12729=CARTESIAN_POINT('',(-21.1425070742875,-3.84782908876086,-1.));
#12730=CARTESIAN_POINT('Ctrl Pts',(-21.1425070742875,-3.84782908876086,
-1.));
#12731=CARTESIAN_POINT('Ctrl Pts',(-21.3463870127598,-4.1876289862147,-1.));
#12732=CARTESIAN_POINT('Ctrl Pts',(-21.9419838429003,-4.74910994202737,
-1.));
#12733=CARTESIAN_POINT('Ctrl Pts',(-23.2795504668362,-5.03494077904815,
-1.));
#12734=CARTESIAN_POINT('Ctrl Pts',(-24.1741116093534,-4.62946484571291,
-1.));
#12735=CARTESIAN_POINT('Ctrl Pts',(-24.6642986289575,-4.13035919186143,
-1.));
#12736=CARTESIAN_POINT('Ctrl Pts',(-24.7694465435377,-3.99457305905227,
-1.));
#12737=CARTESIAN_POINT('Ctrl Pts',(-24.8574929257125,-3.84782908876086,
-1.));
#12738=CARTESIAN_POINT('',(-20.0425070742875,-2.01449575542753,-1.));
#12739=CARTESIAN_POINT('',(-26.9954482507581,-13.6027310495452,-1.));
#12740=CARTESIAN_POINT('',(-20.0425070742874,2.01449575542753,-1.));
#12741=CARTESIAN_POINT('Ctrl Pts',(-20.0425070742875,2.01449575542753,-1.));
#12742=CARTESIAN_POINT('Ctrl Pts',(-19.7306062792933,1.49466109710389,-1.));
#12743=CARTESIAN_POINT('Ctrl Pts',(-19.29040945167,0.115308625634882,-1.));
#12744=CARTESIAN_POINT('Ctrl Pts',(-19.6266393476287,-1.3213828776629,-1.));
#12745=CARTESIAN_POINT('Ctrl Pts',(-20.0425070742875,-2.01449575542753,
-1.));
#12746=CARTESIAN_POINT('',(-19.0542717801698,0.367436931898051,-1.));
#12747=CARTESIAN_POINT('',(-9.15000000000009,-20.7826958642663,-1.));
#12748=CARTESIAN_POINT('Origin',(-8.00000000000009,-20.7826958642663,-1.));
#12749=CARTESIAN_POINT('',(-68.5440000000026,-29.9666406831996,-1.));
#12750=CARTESIAN_POINT('Origin',(-67.3940000000026,-29.9666406831996,-1.));
#12751=CARTESIAN_POINT('',(-31.1240000000007,-26.4763745303929,-1.));
#12752=CARTESIAN_POINT('Origin',(-29.9740000000007,-26.4763745303929,-1.));
#12753=CARTESIAN_POINT('Origin',(-7.5,-25.3,0.));
#12754=CARTESIAN_POINT('',(-6.,-25.3,0.));
#12755=CARTESIAN_POINT('',(-7.5,-26.8,0.));
#12756=CARTESIAN_POINT('Origin',(-6.,-5.47489966252955E-35,0.));
#12757=CARTESIAN_POINT('',(-6.,25.3,0.));
#12758=CARTESIAN_POINT('Origin',(-7.5,25.3,0.));
#12759=CARTESIAN_POINT('',(-7.5,26.8,0.));
#12760=CARTESIAN_POINT('Origin',(-29.9740000000007,-26.4763745303929,-1.));
#12761=CARTESIAN_POINT('',(-31.1240000000007,-26.4763745303929,-0.8));
#12762=CARTESIAN_POINT('',(-31.1240000000007,-26.4763745303929,-1.));
#12763=CARTESIAN_POINT('Origin',(-29.9740000000007,-26.4763745303929,-0.8));
#12764=CARTESIAN_POINT('Origin',(-29.9740000000007,-26.4763745303929,-0.8));
#12765=CARTESIAN_POINT('',(-28.9740000000009,-26.4763745303929,-0.8));
#12766=CARTESIAN_POINT('Origin',(-29.9740000000009,-26.4763745303929,-0.8));
#12767=CARTESIAN_POINT('Origin',(-67.3940000000026,-29.9666406831996,-1.));
#12768=CARTESIAN_POINT('',(-68.5440000000026,-29.9666406831996,-0.8));
#12769=CARTESIAN_POINT('',(-68.5440000000026,-29.9666406831996,-1.));
#12770=CARTESIAN_POINT('Origin',(-67.3940000000026,-29.9666406831996,-0.8));
#12771=CARTESIAN_POINT('Origin',(-67.3940000000026,-29.9666406831996,-0.8));
#12772=CARTESIAN_POINT('',(-66.3940000000017,-29.9666406831996,-0.8));
#12773=CARTESIAN_POINT('Origin',(-67.3940000000017,-29.9666406831996,-0.8));
#12774=CARTESIAN_POINT('Origin',(-67.3940000000017,-29.9666406831996,0.));
#12775=CARTESIAN_POINT('',(-66.3940000000017,-29.9666406831996,-0.4));
#12776=CARTESIAN_POINT('Origin',(-67.3940000000017,-29.9666406831996,-0.4));
#12777=CARTESIAN_POINT('',(-66.3940000000017,-29.9666406831996,0.));
#12778=CARTESIAN_POINT('Origin',(-29.9740000000009,-26.4763745303929,0.));
#12779=CARTESIAN_POINT('',(-28.9740000000009,-26.4763745303929,-0.4));
#12780=CARTESIAN_POINT('Origin',(-29.9740000000009,-26.4763745303929,-0.4));
#12781=CARTESIAN_POINT('',(-28.9740000000009,-26.4763745303929,0.));
#12782=CARTESIAN_POINT('Origin',(-29.9740000000009,-26.4763745303929,0.));
#12783=CARTESIAN_POINT('',(-28.5740000000009,-26.4763745303929,-0.4));
#12784=CARTESIAN_POINT('',(-28.5740000000009,-26.4763745303929,0.));
#12785=CARTESIAN_POINT('Origin',(-29.9740000000009,-26.4763745303929,-0.4));
#12786=CARTESIAN_POINT('Origin',(-29.9740000000009,-26.4763745303929,-0.4));
#12787=CARTESIAN_POINT('Origin',(-67.3940000000017,-29.9666406831996,0.));
#12788=CARTESIAN_POINT('',(-65.9940000000017,-29.9666406831996,-0.4));
#12789=CARTESIAN_POINT('',(-65.9940000000017,-29.9666406831996,0.));
#12790=CARTESIAN_POINT('Origin',(-67.3940000000017,-29.9666406831996,-0.4));
#12791=CARTESIAN_POINT('Origin',(-67.3940000000017,-29.9666406831996,-0.4));
#12792=CARTESIAN_POINT('Origin',(-8.00000000000009,-20.7826958642663,-1.));
#12793=CARTESIAN_POINT('',(-9.15000000000009,-20.7826958642663,-0.8));
#12794=CARTESIAN_POINT('',(-9.15000000000009,-20.7826958642663,-1.));
#12795=CARTESIAN_POINT('Origin',(-8.00000000000009,-20.7826958642663,-0.8));
#12796=CARTESIAN_POINT('Origin',(-8.00000000000009,-20.7826958642663,-0.8));
#12797=CARTESIAN_POINT('',(-7.00000000000009,-20.7826958642663,-0.8));
#12798=CARTESIAN_POINT('Origin',(-8.00000000000009,-20.7826958642663,-0.8));
#12799=CARTESIAN_POINT('Origin',(-8.00000000000009,-20.7826958642663,0.));
#12800=CARTESIAN_POINT('',(-7.00000000000009,-20.7826958642663,-0.4));
#12801=CARTESIAN_POINT('Origin',(-8.00000000000009,-20.7826958642663,-0.4));
#12802=CARTESIAN_POINT('',(-7.00000000000009,-20.7826958642663,0.));
#12803=CARTESIAN_POINT('Origin',(-8.00000000000009,-20.7826958642663,0.));
#12804=CARTESIAN_POINT('',(-6.60000000000009,-20.7826958642663,-0.4));
#12805=CARTESIAN_POINT('',(-6.60000000000009,-20.7826958642663,0.));
#12806=CARTESIAN_POINT('Origin',(-8.00000000000009,-20.7826958642663,-0.4));
#12807=CARTESIAN_POINT('Origin',(-8.00000000000009,-20.7826958642663,-0.4));
#12808=CARTESIAN_POINT('Origin',(-43.0455133143695,-5.03034220957976,-0.6));
#12809=CARTESIAN_POINT('',(-48.,1.5,-0.199999999461486));
#12810=CARTESIAN_POINT('',(-47.1679497056622,2.05470019622523,-1.));
#12811=CARTESIAN_POINT('',(-50.,4.50000000000001,-0.19999999946148));
#12812=CARTESIAN_POINT('',(-43.4615384615384,-5.30769230769238,-0.2));
#12813=CARTESIAN_POINT('',(-50.,4.50000000000001,-0.2));
#12814=CARTESIAN_POINT('Ctrl Pts',(-52.0012669583258,4.49760842317558,-0.199784544457381));
#12815=CARTESIAN_POINT('Ctrl Pts',(-51.8254791134281,4.76261773233745,-0.199784544457381));
#12816=CARTESIAN_POINT('Ctrl Pts',(-51.5433549396878,4.95174893187279,-0.199784544457381));
#12817=CARTESIAN_POINT('Ctrl Pts',(-50.9997890443942,5.05772591495278,-0.199784544457381));
#12818=CARTESIAN_POINT('Ctrl Pts',(-50.5107938581302,5.00822517175996,-0.199784544457381));
#12819=CARTESIAN_POINT('Ctrl Pts',(-50.1297687911942,4.69514943381194,-0.199784544457381));
#12820=CARTESIAN_POINT('Ctrl Pts',(-49.9987330754008,4.49760848481212,-0.199784544457381));
#12821=CARTESIAN_POINT('Ctrl Pts',(-52.2791017209137,4.68193421104776,-0.466523029638254));
#12822=CARTESIAN_POINT('Ctrl Pts',(-52.0549841471463,5.02070547109016,-0.466523029638254));
#12823=CARTESIAN_POINT('Ctrl Pts',(-51.6939401418451,5.2621069752599,-0.466523029638254));
#12824=CARTESIAN_POINT('Ctrl Pts',(-50.9998359833509,5.39756326898088,-0.466523029638255));
#12825=CARTESIAN_POINT('Ctrl Pts',(-50.3750764703461,5.33429980527286,-0.466523029638255));
#12826=CARTESIAN_POINT('Ctrl Pts',(-49.8881467507567,4.93437928637155,-0.466523029638254));
#12827=CARTESIAN_POINT('Ctrl Pts',(-49.7208961919462,4.68193519091313,-0.466523029638255));
#12828=CARTESIAN_POINT('Ctrl Pts',(-52.5569478029364,4.86626568556381,-0.733261514819127));
#12829=CARTESIAN_POINT('Ctrl Pts',(-52.2831545634872,5.27812363532592,-0.733261514819127));
#12830=CARTESIAN_POINT('Ctrl Pts',(-51.8450909100256,5.5724282108011,-0.733261514819127));
#12831=CARTESIAN_POINT('Ctrl Pts',(-50.9995668192731,5.73714780353089,-0.733261514819127));
#12832=CARTESIAN_POINT('Ctrl Pts',(-50.2392663439373,5.66020226315536,-0.733261514819127));
#12833=CARTESIAN_POINT('Ctrl Pts',(-49.6469569081706,5.17334807927746,-0.733261514819127));
#12834=CARTESIAN_POINT('Ctrl Pts',(-49.4430543731463,4.86626488306782,-0.733261514819127));
#12835=CARTESIAN_POINT('Ctrl Pts',(-52.834782571618,5.05059147649738,-1.));
#12836=CARTESIAN_POINT('Ctrl Pts',(-52.5126588787158,5.53621101361394,-1.));
#12837=CARTESIAN_POINT('Ctrl Pts',(-51.9956764166547,5.88278623437274,-1.));
#12838=CARTESIAN_POINT('Ctrl Pts',(-50.999613588056,6.07698502145392,-1.));
#12839=CARTESIAN_POINT('Ctrl Pts',(-50.1035489062275,5.9862768039777,-1.));
#12840=CARTESIAN_POINT('Ctrl Pts',(-49.4053351004063,5.4125777912959,-1.));
#12841=CARTESIAN_POINT('Ctrl Pts',(-49.1652174870348,5.05059159077637,-1.));
#12842=CARTESIAN_POINT('',(-52.,4.50000000000001,-0.19999999946148));
#12843=CARTESIAN_POINT('Ctrl Pts',(-50.,4.50000000000001,-0.19999999784592));
#12844=CARTESIAN_POINT('Ctrl Pts',(-50.0166276867576,4.52494153013639,-0.19999999784592));
#12845=CARTESIAN_POINT('Ctrl Pts',(-50.0343133764173,4.54937156169905,-0.19999999784592));
#12846=CARTESIAN_POINT('Ctrl Pts',(-50.052908110586,4.57314095155895,-0.19999999784592));
#12847=CARTESIAN_POINT('Ctrl Pts',(-50.0724466429796,4.59811678555279,-0.19999999784592));
#12848=CARTESIAN_POINT('Ctrl Pts',(-50.0929888264799,4.6223637506263,-0.19999999784592));
#12849=CARTESIAN_POINT('Ctrl Pts',(-50.1143994504006,4.6457559537861,-0.19999999784592));
#12850=CARTESIAN_POINT('Ctrl Pts',(-50.1369795268373,4.67042584371209,-0.19999999784592));
#12851=CARTESIAN_POINT('Ctrl Pts',(-50.1605254722256,4.69414569537465,-0.19999999784592));
#12852=CARTESIAN_POINT('Ctrl Pts',(-50.1849198829844,4.71680957546705,-0.19999999784592));
#12853=CARTESIAN_POINT('Ctrl Pts',(-50.2114076749739,4.74141833308354,-0.19999999784592));
#12854=CARTESIAN_POINT('Ctrl Pts',(-50.2388955452597,4.76478285497859,-0.19999999784592));
#12855=CARTESIAN_POINT('Ctrl Pts',(-50.2672830856547,4.78680444639807,-0.19999999784592));
#12856=CARTESIAN_POINT('Ctrl Pts',(-50.2969351243583,4.80980697046317,-0.19999999784592));
#12857=CARTESIAN_POINT('Ctrl Pts',(-50.327568833698,4.83134547599996,-0.19999999784592));
#12858=CARTESIAN_POINT('Ctrl Pts',(-50.3591230972732,4.8513301103455,-0.19999999784592));
#12859=CARTESIAN_POINT('Ctrl Pts',(-50.3917745825908,4.87200966109318,-0.19999999784592));
#12860=CARTESIAN_POINT('Ctrl Pts',(-50.4254118932715,4.89102681292438,-0.19999999784592));
#12861=CARTESIAN_POINT('Ctrl Pts',(-50.4600214427877,4.90828506539204,-0.19999999784592));
#12862=CARTESIAN_POINT('Ctrl Pts',(-50.4654623549785,4.9109982077922,-0.19999999784592));
#12863=CARTESIAN_POINT('Ctrl Pts',(-50.4709273983844,4.91366786056949,-0.19999999784592));
#12864=CARTESIAN_POINT('Ctrl Pts',(-50.4764166331661,4.91629361972438,-0.19999999784592));
#12865=CARTESIAN_POINT('Ctrl Pts',(-50.4962586323383,4.92578498109806,-0.19999999784592));
#12866=CARTESIAN_POINT('Ctrl Pts',(-50.5164161279338,4.93470317884557,-0.19999999784592));
#12867=CARTESIAN_POINT('Ctrl Pts',(-50.5368498409638,4.94305776236481,-0.19999999784592));
#12868=CARTESIAN_POINT('Ctrl Pts',(-50.5491566045555,4.94808953921943,-0.19999999784592));
#12869=CARTESIAN_POINT('Ctrl Pts',(-50.5615548805583,4.95291312195471,-0.19999999784592));
#12870=CARTESIAN_POINT('Ctrl Pts',(-50.5740322979803,4.95752914792882,-0.19999999784592));
#12871=CARTESIAN_POINT('Ctrl Pts',(-50.6107227943848,4.9711028129492,-0.19999999784592));
#12872=CARTESIAN_POINT('Ctrl Pts',(-50.6481004872528,4.98288639667113,-0.19999999784592));
#12873=CARTESIAN_POINT('Ctrl Pts',(-50.685942033943,4.99290148131249,-0.19999999784592));
#12874=CARTESIAN_POINT('Ctrl Pts',(-50.7263207800842,5.00358805719762,-0.19999999784592));
#12875=CARTESIAN_POINT('Ctrl Pts',(-50.7672284835167,5.01226174116342,-0.19999999784592));
#12876=CARTESIAN_POINT('Ctrl Pts',(-50.8084414621638,5.01891136110834,-0.19999999784592));
#12877=CARTESIAN_POINT('Ctrl Pts',(-50.8500862759054,5.02563065665916,-0.19999999784592));
#12878=CARTESIAN_POINT('Ctrl Pts',(-50.8920441372145,5.03028370508546,-0.19999999784592));
#12879=CARTESIAN_POINT('Ctrl Pts',(-50.9341139844614,5.03281352097465,-0.19999999784592));
#12880=CARTESIAN_POINT('Ctrl Pts',(-50.9755294680012,5.03530398754808,-0.19999999784592));
#12881=CARTESIAN_POINT('Ctrl Pts',(-51.0170547915041,5.03573702900425,-0.19999999784592));
#12882=CARTESIAN_POINT('Ctrl Pts',(-51.0585069233881,5.0340093658259,-0.19999999784592));
#12883=CARTESIAN_POINT('Ctrl Pts',(-51.0999590552722,5.03228170264754,-0.19999999784592));
#12884=CARTESIAN_POINT('Ctrl Pts',(-51.1413392565262,5.02839377830794,-0.19999999784592));
#12885=CARTESIAN_POINT('Ctrl Pts',(-51.1824542942032,5.02218752069931,-0.19999999784592));
#12886=CARTESIAN_POINT('Ctrl Pts',(-51.1987458466613,5.01972833357187,-0.19999999784592));
#12887=CARTESIAN_POINT('Ctrl Pts',(-51.214995549725,5.01690445724897,-0.19999999784592));
#12888=CARTESIAN_POINT('Ctrl Pts',(-51.2311904152057,5.01372611266725,-0.19999999784592));
#12889=CARTESIAN_POINT('Ctrl Pts',(-51.2407554648352,5.01184891129746,-0.19999999784592));
#12890=CARTESIAN_POINT('Ctrl Pts',(-51.2502920009329,5.00984987956133,-0.19999999784592));
#12891=CARTESIAN_POINT('Ctrl Pts',(-51.2597971831511,5.00773172834784,-0.19999999784592));
#12892=CARTESIAN_POINT('Ctrl Pts',(-51.297099330418,4.99941925345936,-0.19999999784592));
#12893=CARTESIAN_POINT('Ctrl Pts',(-51.3339257753313,4.98927452702086,-0.19999999784592));
#12894=CARTESIAN_POINT('Ctrl Pts',(-51.3701439012398,4.97742251762465,-0.19999999784592));
#12895=CARTESIAN_POINT('Ctrl Pts',(-51.4049104080183,4.96604553566672,-0.19999999784592));
#12896=CARTESIAN_POINT('Ctrl Pts',(-51.4391172565101,4.95309436945249,-0.19999999784592));
#12897=CARTESIAN_POINT('Ctrl Pts',(-51.4726108109535,4.93865037087206,-0.19999999784592));
#12898=CARTESIAN_POINT('Ctrl Pts',(-51.4897871754583,4.93124311330722,-0.19999999784592));
#12899=CARTESIAN_POINT('Ctrl Pts',(-51.5067752755523,4.92344286582563,-0.19999999784592));
#12900=CARTESIAN_POINT('Ctrl Pts',(-51.5235492993681,4.91525870589532,-0.19999999784592));
#12901=CARTESIAN_POINT('Ctrl Pts',(-51.5586867183628,4.89811492097233,-0.19999999784592));
#12902=CARTESIAN_POINT('Ctrl Pts',(-51.5928874906762,4.87928693175378,-0.19999999784592));
#12903=CARTESIAN_POINT('Ctrl Pts',(-51.6261266031329,4.85883817493951,-0.19999999784592));
#12904=CARTESIAN_POINT('Ctrl Pts',(-51.658258506128,4.83907057521249,-0.19999999784592));
#12905=CARTESIAN_POINT('Ctrl Pts',(-51.6894918879473,4.81778727954149,-0.19999999784592));
#12906=CARTESIAN_POINT('Ctrl Pts',(-51.7197560577903,4.7950474047675,-0.19999999784592));
#12907=CARTESIAN_POINT('Ctrl Pts',(-51.7477497247876,4.77401353913405,-0.19999999784592));
#12908=CARTESIAN_POINT('Ctrl Pts',(-51.7749139591152,4.75173270328285,-0.19999999784592));
#12909=CARTESIAN_POINT('Ctrl Pts',(-51.8011519158397,4.72826591781707,-0.19999999784592));
#12910=CARTESIAN_POINT('Ctrl Pts',(-51.8262289392364,4.70583745151735,-0.19999999784592));
#12911=CARTESIAN_POINT('Ctrl Pts',(-51.8504598700529,4.68232500423252,-0.19999999784592));
#12912=CARTESIAN_POINT('Ctrl Pts',(-51.8737220839164,4.65780522743392,-0.19999999784592));
#12913=CARTESIAN_POINT('Ctrl Pts',(-51.8969200083261,4.63335321559821,-0.19999999784592));
#12914=CARTESIAN_POINT('Ctrl Pts',(-51.9191548921585,4.60789853281027,-0.19999999784592));
#12915=CARTESIAN_POINT('Ctrl Pts',(-51.9402633574457,4.58155264918557,-0.19999999784592));
#12916=CARTESIAN_POINT('Ctrl Pts',(-51.9593824122244,4.55768978727862,-0.19999999784592));
#12917=CARTESIAN_POINT('Ctrl Pts',(-51.9775770711622,4.53309563968133,-0.19999999784592));
#12918=CARTESIAN_POINT('Ctrl Pts',(-51.9946925487382,4.50788838223248,-0.19999999784592));
#12919=CARTESIAN_POINT('Ctrl Pts',(-51.9964734794034,4.50526547103538,-0.19999999784592));
#12920=CARTESIAN_POINT('Ctrl Pts',(-51.9982426951328,4.50263595730075,-0.19999999784592));
#12921=CARTESIAN_POINT('Ctrl Pts',(-52.,4.50000000000001,-0.19999999784592));
#12922=CARTESIAN_POINT('',(-52.,4.50000000000001,-0.2));
#12923=CARTESIAN_POINT('Ctrl Pts',(-48.0016588767107,1.50201744801545,-0.199792079700283));
#12924=CARTESIAN_POINT('Ctrl Pts',(-47.6056522534702,0.909283579178269,
-0.199792079700283));
#12925=CARTESIAN_POINT('Ctrl Pts',(-47.4574223279696,0.162883774628668,
-0.199792079700283));
#12926=CARTESIAN_POINT('Ctrl Pts',(-47.6698171466927,-0.880839887677181,
-0.199792079700283));
#12927=CARTESIAN_POINT('Ctrl Pts',(-47.8059875555743,-1.20912344872463,
-0.199792079700283));
#12928=CARTESIAN_POINT('Ctrl Pts',(-48.001658859012,-1.50201748581678,-0.199792079700283));
#12929=CARTESIAN_POINT('Ctrl Pts',(-47.724415488944,1.68723097268672,-0.466528053133522));
#12930=CARTESIAN_POINT('Ctrl Pts',(-47.2793290322919,1.02172212177565,-0.466528053133521));
#12931=CARTESIAN_POINT('Ctrl Pts',(-47.1129357495754,0.182817921508962,
-0.466528053133523));
#12932=CARTESIAN_POINT('Ctrl Pts',(-47.3517005896356,-0.989391412762778,
-0.466528053133523));
#12933=CARTESIAN_POINT('Ctrl Pts',(-47.5045501147323,-1.35826127949804,
-0.466528053133523));
#12934=CARTESIAN_POINT('Ctrl Pts',(-47.7244150449021,-1.68723186614105,
-0.466528053133523));
#12935=CARTESIAN_POINT('Ctrl Pts',(-47.4471693957481,1.87244793339811,-0.733264026566761));
#12936=CARTESIAN_POINT('Ctrl Pts',(-46.9537465134786,1.13321876925535,-0.733264026566762));
#12937=CARTESIAN_POINT('Ctrl Pts',(-46.7688452842262,0.203205118495637,
-0.733264026566761));
#12938=CARTESIAN_POINT('Ctrl Pts',(-47.0334421494974,-1.098138873215,-0.733264026566762));
#12939=CARTESIAN_POINT('Ctrl Pts',(-47.2033069118962,-1.50727893285718,
-0.733264026566762));
#12940=CARTESIAN_POINT('Ctrl Pts',(-47.4471697967322,-1.87244713176349,
-0.733264026566761));
#12941=CARTESIAN_POINT('Ctrl Pts',(-47.1699260065758,2.0576614598545,-1.));
#12942=CARTESIAN_POINT('Ctrl Pts',(-46.6274236771179,1.2456568225093,-1.));
#12943=CARTESIAN_POINT('Ctrl Pts',(-46.424358911625,0.223139500749368,-1.));
#12944=CARTESIAN_POINT('Ctrl Pts',(-46.7153255187276,-1.20669050009503,
-1.));
#12945=CARTESIAN_POINT('Ctrl Pts',(-46.9018695719667,-1.65641670119473,
-1.));
#12946=CARTESIAN_POINT('Ctrl Pts',(-47.1699259818772,-2.05766151254769,
-1.));
#12947=CARTESIAN_POINT('',(-48.,-1.5,-0.199999999461485));
#12948=CARTESIAN_POINT('',(-47.1679497056622,-2.05470019622522,-1.));
#12949=CARTESIAN_POINT('Ctrl Pts',(-48.,-1.5,-0.19999999784592));
#12950=CARTESIAN_POINT('Ctrl Pts',(-47.9643774973251,-1.44656624598764,
-0.19999999784592));
#12951=CARTESIAN_POINT('Ctrl Pts',(-47.9307285360231,-1.39188042106128,
-0.19999999784592));
#12952=CARTESIAN_POINT('Ctrl Pts',(-47.899091353883,-1.33613669228787,-0.19999999784592));
#12953=CARTESIAN_POINT('Ctrl Pts',(-47.8656286487402,-1.27717644888698,
-0.19999999784592));
#12954=CARTESIAN_POINT('Ctrl Pts',(-47.8344159380698,-1.21703250351233,
-0.19999999784592));
#12955=CARTESIAN_POINT('Ctrl Pts',(-47.8055016912926,-1.15587596653371,
-0.19999999784592));
#12956=CARTESIAN_POINT('Ctrl Pts',(-47.7758140327589,-1.09308358598422,
-0.19999999784592));
#12957=CARTESIAN_POINT('Ctrl Pts',(-47.7485487043889,-1.02922318885102,
-0.19999999784592));
#12958=CARTESIAN_POINT('Ctrl Pts',(-47.7237723139907,-0.964425926142485,
-0.19999999784592));
#12959=CARTESIAN_POINT('Ctrl Pts',(-47.6984809094413,-0.898281755885483,
-0.199999997845919));
#12960=CARTESIAN_POINT('Ctrl Pts',(-47.6757821875362,-0.831160759705065,
-0.199999997845919));
#12961=CARTESIAN_POINT('Ctrl Pts',(-47.65577338613,-0.763155681504867,-0.199999997845919));
#12962=CARTESIAN_POINT('Ctrl Pts',(-47.6486864166578,-0.739068785774771,
-0.199999997845919));
#12963=CARTESIAN_POINT('Ctrl Pts',(-47.6419371997144,-0.714870603098023,
-0.199999997845919));
#12964=CARTESIAN_POINT('Ctrl Pts',(-47.6355311206843,-0.690564108701518,
-0.199999997845919));
#12965=CARTESIAN_POINT('Ctrl Pts',(-47.624761961589,-0.649702841774781,
-0.199999997845919));
#12966=CARTESIAN_POINT('Ctrl Pts',(-47.6149621512602,-0.6085357292596,-0.199999997845919));
#12967=CARTESIAN_POINT('Ctrl Pts',(-47.6061272003274,-0.567107814323752,
-0.199999997845919));
#12968=CARTESIAN_POINT('Ctrl Pts',(-47.6015211928445,-0.545509812518401,
-0.199999997845919));
#12969=CARTESIAN_POINT('Ctrl Pts',(-47.5971767634068,-0.523836047079412,
-0.199999997845919));
#12970=CARTESIAN_POINT('Ctrl Pts',(-47.5930992436142,-0.502122750219634,
-0.199999997845919));
#12971=CARTESIAN_POINT('Ctrl Pts',(-47.5793364098685,-0.428833959495924,
-0.199999997845919));
#12972=CARTESIAN_POINT('Ctrl Pts',(-47.5685975691949,-0.355040558394179,
-0.199999997845919));
#12973=CARTESIAN_POINT('Ctrl Pts',(-47.5608690859499,-0.281016186767461,
-0.199999997845919));
#12974=CARTESIAN_POINT('Ctrl Pts',(-47.5530307399445,-0.205939535988613,
-0.199999997845919));
#12975=CARTESIAN_POINT('Ctrl Pts',(-47.5482886549578,-0.130624185849493,
-0.199999997845919));
#12976=CARTESIAN_POINT('Ctrl Pts',(-47.5466770332227,-0.0553322750296028,
-0.199999997845919));
#12977=CARTESIAN_POINT('Ctrl Pts',(-47.5450802418568,0.0192667890730612,
-0.199999997845919));
#12978=CARTESIAN_POINT('Ctrl Pts',(-47.5465564369931,0.0938439786523028,
-0.199999997845919));
#12979=CARTESIAN_POINT('Ctrl Pts',(-47.5511889362903,0.168150104865382,
-0.199999997845919));
#12980=CARTESIAN_POINT('Ctrl Pts',(-47.5525418044175,0.189850354203447,
-0.199999997845919));
#12981=CARTESIAN_POINT('Ctrl Pts',(-47.5541641977609,0.211527462935845,
-0.199999997845919));
#12982=CARTESIAN_POINT('Ctrl Pts',(-47.5560590340087,0.23317510558324,-0.199999997845919));
#12983=CARTESIAN_POINT('Ctrl Pts',(-47.5626915937077,0.308949084664431,
-0.199999997845919));
#12984=CARTESIAN_POINT('Ctrl Pts',(-47.5726585333706,0.38436361107165,-0.199999997845919));
#12985=CARTESIAN_POINT('Ctrl Pts',(-47.5858036705461,0.459259078604085,
-0.199999997845919));
#12986=CARTESIAN_POINT('Ctrl Pts',(-47.5988929321272,0.533836190480023,
-0.199999997845919));
#12987=CARTESIAN_POINT('Ctrl Pts',(-47.6151340627384,0.607899544705456,
-0.199999997845919));
#12988=CARTESIAN_POINT('Ctrl Pts',(-47.6344156852993,0.681263566174357,
-0.19999999784592));
#12989=CARTESIAN_POINT('Ctrl Pts',(-47.6534094417506,0.753532295202081,
-0.19999999784592));
#12990=CARTESIAN_POINT('Ctrl Pts',(-47.6753542328815,0.825123241385144,
-0.19999999784592));
#12991=CARTESIAN_POINT('Ctrl Pts',(-47.700175643663,0.89581915561246,-0.19999999784592));
#12992=CARTESIAN_POINT('Ctrl Pts',(-47.7234531649137,0.962117790297179,
-0.19999999784592));
#12993=CARTESIAN_POINT('Ctrl Pts',(-47.7492612534015,1.02762958776103,-0.19999999784592));
#12994=CARTESIAN_POINT('Ctrl Pts',(-47.7775572548255,1.09213260956665,-0.19999999784592));
#12995=CARTESIAN_POINT('Ctrl Pts',(-47.8048715499119,1.15439775244531,-0.19999999784592));
#12996=CARTESIAN_POINT('Ctrl Pts',(-47.8345045765051,1.21572332082374,-0.19999999784592));
#12997=CARTESIAN_POINT('Ctrl Pts',(-47.8664282023064,1.2758630612683,-0.19999999784592));
#12998=CARTESIAN_POINT('Ctrl Pts',(-47.8967978404123,1.33307530164648,-0.19999999784592));
#12999=CARTESIAN_POINT('Ctrl Pts',(-47.9292408723641,1.38921456674758,-0.19999999784592));
#13000=CARTESIAN_POINT('Ctrl Pts',(-47.9637366346684,1.4440216294543,-0.19999999784592));
#13001=CARTESIAN_POINT('Ctrl Pts',(-47.9755826282735,1.46284261124948,-0.19999999784592));
#13002=CARTESIAN_POINT('Ctrl Pts',(-47.9876707006455,1.48150605096828,-0.19999999784592));
#13003=CARTESIAN_POINT('Ctrl Pts',(-48.,1.5,-0.19999999784592));
#13004=CARTESIAN_POINT('Origin',(-56.9544866856305,-2.03034220957975,-0.6));
#13005=CARTESIAN_POINT('',(-54.,1.5,-0.19999999946148));
#13006=CARTESIAN_POINT('',(-56.5384615384616,-2.30769230769237,-0.2));
#13007=CARTESIAN_POINT('',(-54.,1.5,-0.2));
#13008=CARTESIAN_POINT('Origin',(-51.3532056220619,-7.43119625195884,-0.6));
#13009=CARTESIAN_POINT('',(-50.,-4.50000000000001,-0.199999999461485));
#13010=CARTESIAN_POINT('',(-49.1679497056622,-5.05470019622524,-1.));
#13011=CARTESIAN_POINT('',(-51.7692307692308,-7.15384615384622,-0.2));
#13012=CARTESIAN_POINT('Ctrl Pts',(-53.9994915930813,-1.50061873958563,
-0.199936251372724));
#13013=CARTESIAN_POINT('Ctrl Pts',(-54.2525513410766,-1.12127542750813,
-0.199936251372724));
#13014=CARTESIAN_POINT('Ctrl Pts',(-54.6133931205965,-0.0872661598722446,
-0.199936251372724));
#13015=CARTESIAN_POINT('Ctrl Pts',(-54.3368593617042,0.994900579409202,
-0.199936251372724));
#13016=CARTESIAN_POINT('Ctrl Pts',(-53.9994915905209,1.50061874006451,-0.199936251372724));
#13017=CARTESIAN_POINT('Ctrl Pts',(-54.2768092893579,-1.68561526641473,
-0.466624167581816));
#13018=CARTESIAN_POINT('Ctrl Pts',(-54.5610662850114,-1.25950644797718,
-0.466624167581816));
#13019=CARTESIAN_POINT('Ctrl Pts',(-54.9663926988926,-0.0980243465189942,
-0.466624167581815));
#13020=CARTESIAN_POINT('Ctrl Pts',(-54.6557678123894,1.11755208766769,-0.466624167581816));
#13021=CARTESIAN_POINT('Ctrl Pts',(-54.2768092864819,1.68561526695265,-0.466624167581816));
#13022=CARTESIAN_POINT('Ctrl Pts',(-54.5541269856344,-1.87061179324384,
-0.733312083790908));
#13023=CARTESIAN_POINT('Ctrl Pts',(-54.8695812289461,-1.39773746844623,
-0.733312083790908));
#13024=CARTESIAN_POINT('Ctrl Pts',(-55.3193922771885,-0.108782533165743,
-0.733312083790908));
#13025=CARTESIAN_POINT('Ctrl Pts',(-54.9746762630747,1.24020359592617,-0.733312083790908));
#13026=CARTESIAN_POINT('Ctrl Pts',(-54.5541269824427,1.8706117938408,-0.733312083790908));
#13027=CARTESIAN_POINT('Ctrl Pts',(-54.8314446819109,-2.05560832007294,
-1.));
#13028=CARTESIAN_POINT('Ctrl Pts',(-55.1780961728809,-1.53596848891528,
-1.));
#13029=CARTESIAN_POINT('Ctrl Pts',(-55.6723918554844,-0.119540719812492,
-1.));
#13030=CARTESIAN_POINT('Ctrl Pts',(-55.29358471376,1.36285510418465,-1.));
#13031=CARTESIAN_POINT('Ctrl Pts',(-54.8314446784036,2.05560832072893,-1.));
#13032=CARTESIAN_POINT('',(-54.,-1.5,-0.19999999946148));
#13033=CARTESIAN_POINT('Ctrl Pts',(-54.,1.5,-0.19999999784592));
#13034=CARTESIAN_POINT('Ctrl Pts',(-54.037159345884,1.44426098117401,-0.19999999784592));
#13035=CARTESIAN_POINT('Ctrl Pts',(-54.0722070191809,1.38710452434174,-0.19999999784592));
#13036=CARTESIAN_POINT('Ctrl Pts',(-54.105072984341,1.32877209439989,-0.19999999784592));
#13037=CARTESIAN_POINT('Ctrl Pts',(-54.1399333226629,1.26689993476586,-0.19999999784592));
#13038=CARTESIAN_POINT('Ctrl Pts',(-54.1723396976561,1.20370463066273,-0.19999999784592));
#13039=CARTESIAN_POINT('Ctrl Pts',(-54.2022126305175,1.13941556461684,-0.19999999784592));
#13040=CARTESIAN_POINT('Ctrl Pts',(-54.2330767625153,1.07299335459584,-0.19999999784592));
#13041=CARTESIAN_POINT('Ctrl Pts',(-54.2612372384548,1.00540315165554,-0.19999999784592));
#13042=CARTESIAN_POINT('Ctrl Pts',(-54.2866007387916,0.936841829378477,
-0.19999999784592));
#13043=CARTESIAN_POINT('Ctrl Pts',(-54.3128651565074,0.86584519312864,-0.19999999784592));
#13044=CARTESIAN_POINT('Ctrl Pts',(-54.3361312074901,0.793806726877569,
-0.19999999784592));
#13045=CARTESIAN_POINT('Ctrl Pts',(-54.3562773453088,0.72089315051451,-0.19999999784592));
#13046=CARTESIAN_POINT('Ctrl Pts',(-54.3590652804457,0.710802962344041,
-0.19999999784592));
#13047=CARTESIAN_POINT('Ctrl Pts',(-54.3617934285101,0.700695943832559,
-0.19999999784592));
#13048=CARTESIAN_POINT('Ctrl Pts',(-54.3644614273164,0.690572470581206,
-0.19999999784592));
#13049=CARTESIAN_POINT('Ctrl Pts',(-54.3828095762266,0.620952126574182,
-0.19999999784592));
#13050=CARTESIAN_POINT('Ctrl Pts',(-54.3983160824464,0.550556645342522,
-0.19999999784592));
#13051=CARTESIAN_POINT('Ctrl Pts',(-54.4110141628132,0.479656596824272,
-0.19999999784592));
#13052=CARTESIAN_POINT('Ctrl Pts',(-54.4242498853986,0.40575460956522,-0.19999999784592));
#13053=CARTESIAN_POINT('Ctrl Pts',(-54.4344347901342,0.331303525158116,
-0.19999999784592));
#13054=CARTESIAN_POINT('Ctrl Pts',(-54.4415614122492,0.256576571963198,
-0.19999999784592));
#13055=CARTESIAN_POINT('Ctrl Pts',(-54.4487330537062,0.181377563676405,
-0.19999999784592));
#13056=CARTESIAN_POINT('Ctrl Pts',(-54.4528079015685,0.105898035118457,
-0.19999999784592));
#13057=CARTESIAN_POINT('Ctrl Pts',(-54.4537285735213,0.0303995298439708,
-0.19999999784592));
#13058=CARTESIAN_POINT('Ctrl Pts',(-54.4542765221938,-0.0145342879097479,
-0.19999999784592));
#13059=CARTESIAN_POINT('Ctrl Pts',(-54.4537062426084,-0.0594750661026145,
-0.19999999784592));
#13060=CARTESIAN_POINT('Ctrl Pts',(-54.4519967707663,-0.104367919142213,
-0.19999999784592));
#13061=CARTESIAN_POINT('Ctrl Pts',(-54.4507777749223,-0.136380263503032,
-0.19999999784592));
#13062=CARTESIAN_POINT('Ctrl Pts',(-54.4489793757057,-0.16836823992327,
-0.19999999784592));
#13063=CARTESIAN_POINT('Ctrl Pts',(-54.4465918233406,-0.200311550678677,
-0.19999999784592));
#13064=CARTESIAN_POINT('Ctrl Pts',(-54.4457730564486,-0.211265917857878,
-0.19999999784592));
#13065=CARTESIAN_POINT('Ctrl Pts',(-54.4448849344261,-0.222215628236889,
-0.19999999784592));
#13066=CARTESIAN_POINT('Ctrl Pts',(-54.4439272009356,-0.233157758185645,
-0.19999999784592));
#13067=CARTESIAN_POINT('Ctrl Pts',(-54.437353591841,-0.308261412446334,
-0.19999999784592));
#13068=CARTESIAN_POINT('Ctrl Pts',(-54.4275073301299,-0.38298313451797,
-0.19999999784592));
#13069=CARTESIAN_POINT('Ctrl Pts',(-54.4145464159694,-0.457174224668181,
-0.19999999784592));
#13070=CARTESIAN_POINT('Ctrl Pts',(-54.4016013599818,-0.531274539189025,
-0.19999999784592));
#13071=CARTESIAN_POINT('Ctrl Pts',(-54.3855486564358,-0.604846423843992,
-0.19999999784592));
#13072=CARTESIAN_POINT('Ctrl Pts',(-54.3665014745161,-0.677715309138025,
-0.19999999784592));
#13073=CARTESIAN_POINT('Ctrl Pts',(-54.3475187977154,-0.750337416922344,
-0.19999999784592));
#13074=CARTESIAN_POINT('Ctrl Pts',(-54.3255612767341,-0.822262212828249,
-0.19999999784592));
#13075=CARTESIAN_POINT('Ctrl Pts',(-54.3007061238157,-0.893276938240056,
-0.19999999784592));
#13076=CARTESIAN_POINT('Ctrl Pts',(-54.2775750817282,-0.959365632513117,
-0.19999999784592));
#13077=CARTESIAN_POINT('Ctrl Pts',(-54.2519337357712,-1.02466641420894,
-0.19999999784592));
#13078=CARTESIAN_POINT('Ctrl Pts',(-54.2238241314068,-1.08896541904571,
-0.19999999784592));
#13079=CARTESIAN_POINT('Ctrl Pts',(-54.1966835375862,-1.15104787138904,
-0.19999999784592));
#13080=CARTESIAN_POINT('Ctrl Pts',(-54.1672414596517,-1.21219685414764,
-0.19999999784592));
#13081=CARTESIAN_POINT('Ctrl Pts',(-54.1355244011493,-1.27217353606828,
-0.19999999784592));
#13082=CARTESIAN_POINT('Ctrl Pts',(-54.1053634102772,-1.32920770762651,
-0.19999999784592));
#13083=CARTESIAN_POINT('Ctrl Pts',(-54.0731448057993,-1.38518200456983,
-0.19999999784592));
#13084=CARTESIAN_POINT('Ctrl Pts',(-54.0388869668513,-1.43984403366775,
-0.19999999784592));
#13085=CARTESIAN_POINT('Ctrl Pts',(-54.0262038638818,-1.46008127468657,
-0.19999999784592));
#13086=CARTESIAN_POINT('Ctrl Pts',(-54.0132412331163,-1.48013815032553,
-0.19999999784592));
#13087=CARTESIAN_POINT('Ctrl Pts',(-54.,-1.5,-0.19999999784592));
#13088=CARTESIAN_POINT('',(-54.,-1.5,-0.2));
#13089=CARTESIAN_POINT('Ctrl Pts',(-49.998248024589,-4.49668974760932,-0.199701841085895));
#13090=CARTESIAN_POINT('Ctrl Pts',(-50.0862444643074,-4.62957389691615,
-0.199701841085895));
#13091=CARTESIAN_POINT('Ctrl Pts',(-50.199737765125,-4.74362282514006,-0.199701841085896));
#13092=CARTESIAN_POINT('Ctrl Pts',(-50.4642994471801,-4.92055974194272,
-0.199701841085896));
#13093=CARTESIAN_POINT('Ctrl Pts',(-50.6126648176233,-4.98168712771043,
-0.199701841085896));
#13094=CARTESIAN_POINT('Ctrl Pts',(-51.0716538214443,-5.07227254375747,
-0.199701841085896));
#13095=CARTESIAN_POINT('Ctrl Pts',(-51.3951222682568,-5.00969417592465,
-0.199701841085896));
#13096=CARTESIAN_POINT('Ctrl Pts',(-51.791932688995,-4.75164289011093,-0.199701841085896));
#13097=CARTESIAN_POINT('Ctrl Pts',(-51.9109610959956,-4.63380642896839,
-0.199701841085896));
#13098=CARTESIAN_POINT('Ctrl Pts',(-52.0017517932524,-4.49668988027182,
-0.199701841085896));
#13099=CARTESIAN_POINT('Ctrl Pts',(-49.720222550108,-4.68079682058033,-0.466467894057263));
#13100=CARTESIAN_POINT('Ctrl Pts',(-49.8326281669154,-4.8505859935842,-0.466467894057263));
#13101=CARTESIAN_POINT('Ctrl Pts',(-49.9776682027951,-4.99622974176852,
-0.466467894057264));
#13102=CARTESIAN_POINT('Ctrl Pts',(-50.3156287560124,-5.22234532407034,
-0.466467894057263));
#13103=CARTESIAN_POINT('Ctrl Pts',(-50.5052521875005,-5.30032473532015,
-0.466467894057264));
#13104=CARTESIAN_POINT('Ctrl Pts',(-51.091485629307,-5.41626915592199,-0.466467894057263));
#13105=CARTESIAN_POINT('Ctrl Pts',(-51.5049184077762,-5.33628814736015,
-0.466467894057263));
#13106=CARTESIAN_POINT('Ctrl Pts',(-52.0116576789026,-5.00645454819858,
-0.466467894057264));
#13107=CARTESIAN_POINT('Ctrl Pts',(-52.1638725996343,-4.85603576752038,
-0.466467894057264));
#13108=CARTESIAN_POINT('Ctrl Pts',(-52.2797756162881,-4.68079603954783,
-0.466467894057264));
#13109=CARTESIAN_POINT('Ctrl Pts',(-49.4421961763226,-4.86490555904247,
-0.733233947028631));
#13110=CARTESIAN_POINT('Ctrl Pts',(-49.5790508541679,-5.07152660300699,
-0.733233947028633));
#13111=CARTESIAN_POINT('Ctrl Pts',(-49.75549425746,-5.24893972065961,-0.733233947028631));
#13112=CARTESIAN_POINT('Ctrl Pts',(-50.1669359273985,-5.52401924587811,
-0.733233947028633));
#13113=CARTESIAN_POINT('Ctrl Pts',(-50.3975753489185,-5.61918992002699,
-0.733233947028631));
#13114=CARTESIAN_POINT('Ctrl Pts',(-51.111482082794,-5.75984036570682,-0.733233947028631));
#13115=CARTESIAN_POINT('Ctrl Pts',(-51.61431285073,-5.66256057752059,-0.733233947028631));
#13116=CARTESIAN_POINT('Ctrl Pts',(-52.2315852940294,-5.26143260898805,
-0.733233947028631));
#13117=CARTESIAN_POINT('Ctrl Pts',(-52.4165331001066,-5.07806616003453,
-0.733233947028631));
#13118=CARTESIAN_POINT('Ctrl Pts',(-52.5578051344491,-4.86490671179214,
-0.733233947028631));
#13119=CARTESIAN_POINT('Ctrl Pts',(-49.1641707011717,-5.04901263325402,
-1.));
#13120=CARTESIAN_POINT('Ctrl Pts',(-49.3254345858133,-5.29253864642832,
-1.));
#13121=CARTESIAN_POINT('Ctrl Pts',(-49.5334246173813,-5.50154671405318,
-1.));
#13122=CARTESIAN_POINT('Ctrl Pts',(-50.0182652197418,-5.82580474483642,
-1.));
#13123=CARTESIAN_POINT('Ctrl Pts',(-50.2901625220021,-5.93782769714572,
-1.));
#13124=CARTESIAN_POINT('Ctrl Pts',(-51.1313140132917,-6.10383666101374,
-1.));
#13125=CARTESIAN_POINT('Ctrl Pts',(-51.724108691049,-5.98915430945862,-1.));
#13126=CARTESIAN_POINT('Ctrl Pts',(-52.4513104348608,-5.51624439101945,
-1.));
#13127=CARTESIAN_POINT('Ctrl Pts',(-52.6694444167877,-5.30029535040313,
-1.));
#13128=CARTESIAN_POINT('Ctrl Pts',(-52.8358289617267,-5.0490128744296,-1.));
#13129=CARTESIAN_POINT('',(-52.,-4.50000000000001,-0.199999999461484));
#13130=CARTESIAN_POINT('',(-52.8320502943378,-5.05470019622524,-1.));
#13131=CARTESIAN_POINT('Ctrl Pts',(-52.,-4.50000000000001,-0.19999999784592));
#13132=CARTESIAN_POINT('Ctrl Pts',(-51.984105196182,-4.52384220572699,-0.19999999784592));
#13133=CARTESIAN_POINT('Ctrl Pts',(-51.9672826135392,-4.54715971727523,
-0.19999999784592));
#13134=CARTESIAN_POINT('Ctrl Pts',(-51.9496578653212,-4.56984927531896,
-0.19999999784592));
#13135=CARTESIAN_POINT('Ctrl Pts',(-51.9310644110372,-4.59378591571754,
-0.19999999784592));
#13136=CARTESIAN_POINT('Ctrl Pts',(-51.9115782099209,-4.61702440014334,
-0.19999999784592));
#13137=CARTESIAN_POINT('Ctrl Pts',(-51.8913011390098,-4.6394848238234,-0.19999999784592));
#13138=CARTESIAN_POINT('Ctrl Pts',(-51.8699088514098,-4.66318054620298,
-0.19999999784592));
#13139=CARTESIAN_POINT('Ctrl Pts',(-51.8476363295388,-4.68601117307524,
-0.19999999784592));
#13140=CARTESIAN_POINT('Ctrl Pts',(-51.8245534467885,-4.70791470386835,
-0.19999999784592));
#13141=CARTESIAN_POINT('Ctrl Pts',(-51.7999505343553,-4.73126060290139,
-0.19999999784592));
#13142=CARTESIAN_POINT('Ctrl Pts',(-51.7744271459938,-4.75355444467055,
-0.19999999784592));
#13143=CARTESIAN_POINT('Ctrl Pts',(-51.748011579331,-4.77473992224701,-0.19999999784592));
#13144=CARTESIAN_POINT('Ctrl Pts',(-51.729485260003,-4.78959816578613,-0.19999999784592));
#13145=CARTESIAN_POINT('Ctrl Pts',(-51.7105188897292,-4.80391163947966,
-0.19999999784592));
#13146=CARTESIAN_POINT('Ctrl Pts',(-51.6911069622968,-4.81766111859257,
-0.19999999784592));
#13147=CARTESIAN_POINT('Ctrl Pts',(-51.6822868489961,-4.82390840980171,
-0.19999999784592));
#13148=CARTESIAN_POINT('Ctrl Pts',(-51.6733745874353,-4.83003924156472,
-0.19999999784592));
#13149=CARTESIAN_POINT('Ctrl Pts',(-51.6643688658418,-4.83605160911373,
-0.19999999784592));
#13150=CARTESIAN_POINT('Ctrl Pts',(-51.6563733745162,-4.84138953035473,
-0.19999999784592));
#13151=CARTESIAN_POINT('Ctrl Pts',(-51.6483022795858,-4.84663511425783,
-0.19999999784592));
#13152=CARTESIAN_POINT('Ctrl Pts',(-51.6401755382412,-4.85177396171963,
-0.19999999784592));
#13153=CARTESIAN_POINT('Ctrl Pts',(-51.6052312641424,-4.87387055451645,
-0.19999999784592));
#13154=CARTESIAN_POINT('Ctrl Pts',(-51.5691862204971,-4.89404454053223,
-0.19999999784592));
#13155=CARTESIAN_POINT('Ctrl Pts',(-51.5321208130382,-4.91216488923035,
-0.19999999784592));
#13156=CARTESIAN_POINT('Ctrl Pts',(-51.5292810035108,-4.9135532009312,-0.19999999784592));
#13157=CARTESIAN_POINT('Ctrl Pts',(-51.5264351800368,-4.91492946334861,
-0.19999999784592));
#13158=CARTESIAN_POINT('Ctrl Pts',(-51.5235833668339,-4.91629361972438,
-0.19999999784592));
#13159=CARTESIAN_POINT('Ctrl Pts',(-51.490459691961,-4.93213823122324,-0.19999999784592));
#13160=CARTESIAN_POINT('Ctrl Pts',(-51.4565324028388,-4.94635132868679,
-0.19999999784592));
#13161=CARTESIAN_POINT('Ctrl Pts',(-51.4220276108604,-4.95897892988825,
-0.19999999784592));
#13162=CARTESIAN_POINT('Ctrl Pts',(-51.3858366823511,-4.97222360073315,
-0.19999999784592));
#13163=CARTESIAN_POINT('Ctrl Pts',(-51.3490097644078,-4.98372446075348,
-0.19999999784592));
#13164=CARTESIAN_POINT('Ctrl Pts',(-51.3117546817072,-4.99350872696452,
-0.19999999784592));
#13165=CARTESIAN_POINT('Ctrl Pts',(-51.2715160006255,-5.00407657272262,
-0.19999999784592));
#13166=CARTESIAN_POINT('Ctrl Pts',(-51.2307770742412,-5.01264267395606,
-0.19999999784592));
#13167=CARTESIAN_POINT('Ctrl Pts',(-51.1897502994326,-5.0192017835736,-0.19999999784592));
#13168=CARTESIAN_POINT('Ctrl Pts',(-51.1488566184917,-5.02573961495829,
-0.19999999784592));
#13169=CARTESIAN_POINT('Ctrl Pts',(-51.10767554031,-5.0302838045448,-0.19999999784592));
#13170=CARTESIAN_POINT('Ctrl Pts',(-51.0663878679131,-5.0327832415018,-0.19999999784592));
#13171=CARTESIAN_POINT('Ctrl Pts',(-51.0248986312692,-5.03529488057868,
-0.19999999784592));
#13172=CARTESIAN_POINT('Ctrl Pts',(-50.9833004072122,-5.03574221654877,
-0.19999999784592));
#13173=CARTESIAN_POINT('Ctrl Pts',(-50.941767446086,-5.03402076947707,-0.19999999784592));
#13174=CARTESIAN_POINT('Ctrl Pts',(-50.9027385226555,-5.03240310909049,
-0.19999999784592));
#13175=CARTESIAN_POINT('Ctrl Pts',(-50.8637662184803,-5.02887017482963,
-0.19999999784592));
#13176=CARTESIAN_POINT('Ctrl Pts',(-50.8250038579344,-5.02328746243499,
-0.19999999784592));
#13177=CARTESIAN_POINT('Ctrl Pts',(-50.8225169225169,-5.0229292839086,-0.19999999784592));
#13178=CARTESIAN_POINT('Ctrl Pts',(-50.8200308573842,-5.02256265086625,
-0.19999999784592));
#13179=CARTESIAN_POINT('Ctrl Pts',(-50.8175457057968,-5.02218752069931,
-0.19999999784592));
#13180=CARTESIAN_POINT('Ctrl Pts',(-50.8024863475556,-5.0199143315708,-0.19999999784592));
#13181=CARTESIAN_POINT('Ctrl Pts',(-50.7874604841525,-5.01732918501984,
-0.19999999784592));
#13182=CARTESIAN_POINT('Ctrl Pts',(-50.7724779712214,-5.01443980863665,
-0.19999999784592));
#13183=CARTESIAN_POINT('Ctrl Pts',(-50.7637861319785,-5.01276358815546,
-0.19999999784592));
#13184=CARTESIAN_POINT('Ctrl Pts',(-50.7551132383946,-5.0109857463658,-0.19999999784592));
#13185=CARTESIAN_POINT('Ctrl Pts',(-50.7464682102865,-5.00910965893102,
-0.19999999784592));
#13186=CARTESIAN_POINT('Ctrl Pts',(-50.7106919599509,-5.00134573117062,
-0.19999999784592));
#13187=CARTESIAN_POINT('Ctrl Pts',(-50.6753502148464,-4.99189496517482,
-0.19999999784592));
#13188=CARTESIAN_POINT('Ctrl Pts',(-50.6405356759184,-4.98086205390323,
-0.19999999784592));
#13189=CARTESIAN_POINT('Ctrl Pts',(-50.6069608313236,-4.97022200831372,
-0.19999999784592));
#13190=CARTESIAN_POINT('Ctrl Pts',(-50.5738754303063,-4.9581095070741,-0.19999999784592));
#13191=CARTESIAN_POINT('Ctrl Pts',(-50.5413968240049,-4.94458657973811,
-0.19999999784592));
#13192=CARTESIAN_POINT('Ctrl Pts',(-50.5194542234119,-4.93545046747306,
-0.19999999784592));
#13193=CARTESIAN_POINT('Ctrl Pts',(-50.4977892824076,-4.92566994459723,
-0.19999999784592));
#13194=CARTESIAN_POINT('Ctrl Pts',(-50.476450700632,-4.91525870589532,-0.19999999784592));
#13195=CARTESIAN_POINT('Ctrl Pts',(-50.4491665066297,-4.90194656268294,
-0.19999999784592));
#13196=CARTESIAN_POINT('Ctrl Pts',(-50.4224157271342,-4.88760324909312,
-0.19999999784592));
#13197=CARTESIAN_POINT('Ctrl Pts',(-50.3962037012523,-4.87224641710213,
-0.19999999784592));
#13198=CARTESIAN_POINT('Ctrl Pts',(-50.3821183550371,-4.8639942394057,-0.19999999784592));
#13199=CARTESIAN_POINT('Ctrl Pts',(-50.3681889400562,-4.85544930826648,
-0.19999999784592));
#13200=CARTESIAN_POINT('Ctrl Pts',(-50.3544189490888,-4.84661408660133,
-0.19999999784592));
#13201=CARTESIAN_POINT('Ctrl Pts',(-50.3480457126752,-4.84252483508529,
-0.19999999784592));
#13202=CARTESIAN_POINT('Ctrl Pts',(-50.3417066546665,-4.83837339851473,
-0.19999999784592));
#13203=CARTESIAN_POINT('Ctrl Pts',(-50.3354022651327,-4.83416002909105,
-0.19999999784592));
#13204=CARTESIAN_POINT('Ctrl Pts',(-50.3304207202468,-4.83083074735923,
-0.19999999784592));
#13205=CARTESIAN_POINT('Ctrl Pts',(-50.3254630098757,-4.82746420981628,
-0.19999999784592));
#13206=CARTESIAN_POINT('Ctrl Pts',(-50.3205360402776,-4.82406540168346,
-0.19999999784592));
#13207=CARTESIAN_POINT('Ctrl Pts',(-50.2926100918171,-4.80480103667079,
-0.19999999784592));
#13208=CARTESIAN_POINT('Ctrl Pts',(-50.2656008869444,-4.78445653962652,
-0.19999999784592));
#13209=CARTESIAN_POINT('Ctrl Pts',(-50.2394873934871,-4.7630605238797,-0.19999999784592));
#13210=CARTESIAN_POINT('Ctrl Pts',(-50.2144545395265,-4.74254992699597,
-0.19999999784592));
#13211=CARTESIAN_POINT('Ctrl Pts',(-50.1902447631813,-4.72107202691714,
-0.19999999784592));
#13212=CARTESIAN_POINT('Ctrl Pts',(-50.1668859484815,-4.69864970906273,
-0.19999999784592));
#13213=CARTESIAN_POINT('Ctrl Pts',(-50.1444231933155,-4.67708752610573,
-0.19999999784592));
#13214=CARTESIAN_POINT('Ctrl Pts',(-50.1227472848663,-4.65465113315276,
-0.199999997845919));
#13215=CARTESIAN_POINT('Ctrl Pts',(-50.1019277277259,-4.63137196265736,
-0.199999997845919));
#13216=CARTESIAN_POINT('Ctrl Pts',(-50.082534730469,-4.60968788520482,-0.199999997845919));
#13217=CARTESIAN_POINT('Ctrl Pts',(-50.063884887055,-4.58727199653298,-0.199999997845919));
#13218=CARTESIAN_POINT('Ctrl Pts',(-50.0460731527463,-4.56416925733345,
-0.199999997845919));
#13219=CARTESIAN_POINT('Ctrl Pts',(-50.0299995042996,-4.54332090525207,
-0.199999997845919));
#13220=CARTESIAN_POINT('Ctrl Pts',(-50.014608658682,-4.52191298802302,-0.199999997845919));
#13221=CARTESIAN_POINT('Ctrl Pts',(-50.,-4.50000000000001,-0.199999997845919));
#13222=CARTESIAN_POINT('Origin',(-48.6467943779381,-10.4311962519588,-0.6));
#13223=CARTESIAN_POINT('',(-48.2307692307692,-10.1538461538462,-0.2));
#13224=CARTESIAN_POINT('Ctrl Pts',(-54.,1.5,4.12754874613697E-31));
#13225=CARTESIAN_POINT('Ctrl Pts',(-54.,1.5,-0.24));
#13226=CARTESIAN_POINT('Ctrl Pts',(-54.1584857703501,1.2622713444749,4.1275487460726E-31));
#13227=CARTESIAN_POINT('Ctrl Pts',(-54.1584857703501,1.2622713444749,-0.24));
#13228=CARTESIAN_POINT('Ctrl Pts',(-54.4141696043434,0.711816010864233,
4.12754874592356E-31));
#13229=CARTESIAN_POINT('Ctrl Pts',(-54.4141696043434,0.711816010864233,
-0.24));
#13230=CARTESIAN_POINT('Ctrl Pts',(-54.5136590746428,-0.400185604935616,
4.12754874562246E-31));
#13231=CARTESIAN_POINT('Ctrl Pts',(-54.5136590746428,-0.400185604935616,
-0.24));
#13232=CARTESIAN_POINT('Ctrl Pts',(-54.2377286555251,-1.14340701671235,
4.12754874542122E-31));
#13233=CARTESIAN_POINT('Ctrl Pts',(-54.2377286555251,-1.14340701671235,
-0.24));
#13234=CARTESIAN_POINT('Ctrl Pts',(-54.,-1.5,4.12754874532466E-31));
#13235=CARTESIAN_POINT('Ctrl Pts',(-54.,-1.5,-0.24));
#13236=CARTESIAN_POINT('',(-54.,1.5,-0.2));
#13237=CARTESIAN_POINT('',(-54.,-1.5,4.12754874532466E-31));
#13238=CARTESIAN_POINT('Origin',(-55.,7.1764412067941E-16,0.));
#13239=CARTESIAN_POINT('',(-52.,4.50000000000001,9.05094209781264E-25));
#13240=CARTESIAN_POINT('Ctrl Pts',(-50.,4.50000000000001,9.05094209781264E-25));
#13241=CARTESIAN_POINT('Ctrl Pts',(-50.,4.50000000000001,-0.24));
#13242=CARTESIAN_POINT('Ctrl Pts',(-50.1056571802334,4.65848577035007,9.05094209781264E-25));
#13243=CARTESIAN_POINT('Ctrl Pts',(-50.1056571802334,4.65848577035007,-0.24));
#13244=CARTESIAN_POINT('Ctrl Pts',(-50.4290556166075,4.97409478432657,9.05094209781264E-25));
#13245=CARTESIAN_POINT('Ctrl Pts',(-50.4290556166075,4.97409478432657,-0.24));
#13246=CARTESIAN_POINT('Ctrl Pts',(-51.0701087448682,5.07960022878625,9.05094209781264E-25));
#13247=CARTESIAN_POINT('Ctrl Pts',(-51.0701087448682,5.07960022878625,-0.24));
#13248=CARTESIAN_POINT('Ctrl Pts',(-51.6516678369397,4.89067893457514,9.05094209781264E-25));
#13249=CARTESIAN_POINT('Ctrl Pts',(-51.6516678369397,4.89067893457514,-0.24));
#13250=CARTESIAN_POINT('Ctrl Pts',(-51.8943428197666,4.65848577035007,9.05094209781264E-25));
#13251=CARTESIAN_POINT('Ctrl Pts',(-51.8943428197666,4.65848577035007,-0.24));
#13252=CARTESIAN_POINT('Ctrl Pts',(-52.,4.50000000000001,9.05094209781264E-25));
#13253=CARTESIAN_POINT('Ctrl Pts',(-52.,4.50000000000001,-0.24));
#13254=CARTESIAN_POINT('',(-50.,4.50000000000001,-0.2));
#13255=CARTESIAN_POINT('Origin',(-51.,6.,0.));
#13256=CARTESIAN_POINT('',(-48.,1.5,8.97161230979476E-24));
#13257=CARTESIAN_POINT('Ctrl Pts',(-24.0005329317473,3.33220194803679,-0.199900444381672));
#13258=CARTESIAN_POINT('Ctrl Pts',(-23.9215906362904,3.46409094909464,-0.199900444381672));
#13259=CARTESIAN_POINT('Ctrl Pts',(-23.8173822203816,3.57906198421176,-0.199900444381672));
#13260=CARTESIAN_POINT('Ctrl Pts',(-23.5149603617544,3.80288849082439,-0.199900444381672));
#13261=CARTESIAN_POINT('Ctrl Pts',(-22.9707858078127,4.00315957768172,-0.199900444381672));
#13262=CARTESIAN_POINT('Ctrl Pts',(-22.4028059480821,3.79056528106074,-0.199900444381672));
#13263=CARTESIAN_POINT('Ctrl Pts',(-22.1038337218029,3.48495123917026,-0.199900444381672));
#13264=CARTESIAN_POINT('Ctrl Pts',(-22.0469926108453,3.41160454684143,-0.199900444381672));
#13265=CARTESIAN_POINT('Ctrl Pts',(-21.999467077786,3.33220195341168,-0.199900444381672));
#13266=CARTESIAN_POINT('Ctrl Pts',(-24.2865814888812,3.50341710750894,-0.466600296254447));
#13267=CARTESIAN_POINT('Ctrl Pts',(-24.1851770898678,3.67296450788962,-0.466600296254447));
#13268=CARTESIAN_POINT('Ctrl Pts',(-24.0508973008506,3.8209287067544,-0.466600296254447));
#13269=CARTESIAN_POINT('Ctrl Pts',(-23.6624168747385,4.10862824731058,-0.466600296254447));
#13270=CARTESIAN_POINT('Ctrl Pts',(-22.962315716992,4.36615829014269,-0.466600296254448));
#13271=CARTESIAN_POINT('Ctrl Pts',(-22.2318627660409,4.09334351445865,-0.466600296254447));
#13272=CARTESIAN_POINT('Ctrl Pts',(-21.847692842702,3.69970112743023,-0.466600296254448));
#13273=CARTESIAN_POINT('Ctrl Pts',(-21.7744752426608,3.60563578571848,-0.466600296254448));
#13274=CARTESIAN_POINT('Ctrl Pts',(-21.7134184069367,3.50341517548543,-0.466600296254448));
#13275=CARTESIAN_POINT('Ctrl Pts',(-24.5726326247144,3.67463110624777,-0.733300148127224));
#13276=CARTESIAN_POINT('Ctrl Pts',(-24.4484444781938,3.88198166887316,-0.733300148127224));
#13277=CARTESIAN_POINT('Ctrl Pts',(-24.2849283973988,4.06256935820985,-0.733300148127225));
#13278=CARTESIAN_POINT('Ctrl Pts',(-23.8091811313176,4.41449667681441,-0.733300148127225));
#13279=CARTESIAN_POINT('Ctrl Pts',(-22.954198974634,4.72927955153575,-0.733300148127224));
#13280=CARTESIAN_POINT('Ctrl Pts',(-22.0615407725395,4.3945662904013,-0.733300148127225));
#13281=CARTESIAN_POINT('Ctrl Pts',(-21.5913408071154,3.91485718985797,-0.733300148127224));
#13282=CARTESIAN_POINT('Ctrl Pts',(-21.5021238857882,3.79932069843395,-0.733300148127224));
#13283=CARTESIAN_POINT('Ctrl Pts',(-21.4273675065433,3.67463305084046,-0.733300148127224));
#13284=CARTESIAN_POINT('Ctrl Pts',(-24.8586811824899,3.8458462654311,-1.));
#13285=CARTESIAN_POINT('Ctrl Pts',(-24.7120308523791,4.09085526340025,-1.));
#13286=CARTESIAN_POINT('Ctrl Pts',(-24.5184436062668,4.30443602449987,-1.));
#13287=CARTESIAN_POINT('Ctrl Pts',(-23.9566374720495,4.72023646531793,-1.));
#13288=CARTESIAN_POINT('Ctrl Pts',(-22.945728971736,5.09227829449023,-1.));
#13289=CARTESIAN_POINT('Ctrl Pts',(-21.8905977450668,4.6973441367592,-1.));
#13290=CARTESIAN_POINT('Ctrl Pts',(-21.3351998754731,4.12960717918508,-1.));
#13291=CARTESIAN_POINT('Ctrl Pts',(-21.2296065589119,3.99335185113565,-1.));
#13292=CARTESIAN_POINT('Ctrl Pts',(-21.1413188351393,3.84584627407207,-1.));
#13293=CARTESIAN_POINT('',(-22.,3.33333333333334,-0.1999999994615));
#13294=CARTESIAN_POINT('',(-21.1425070742875,3.84782908876086,-1.));
#13295=CARTESIAN_POINT('',(-24.,3.33333333333333,-0.199999999461496));
#13296=CARTESIAN_POINT('Ctrl Pts',(-22.,3.33333333333334,-0.199999997845982));
#13297=CARTESIAN_POINT('Ctrl Pts',(-22.0156908074149,3.35948467902489,-0.199999997845982));
#13298=CARTESIAN_POINT('Ctrl Pts',(-22.0324042901036,3.38501222250269,-0.199999997845982));
#13299=CARTESIAN_POINT('Ctrl Pts',(-22.050071472471,3.40982645010263,-0.199999997845982));
#13300=CARTESIAN_POINT('Ctrl Pts',(-22.068663752898,3.43594001300816,-0.199999997845982));
#13301=CARTESIAN_POINT('Ctrl Pts',(-22.088311840882,3.46126456243808,-0.199999997845982));
#13302=CARTESIAN_POINT('Ctrl Pts',(-22.1089738353485,3.48574126622404,-0.199999997845982));
#13303=CARTESIAN_POINT('Ctrl Pts',(-22.1258780657595,3.50576643084082,-0.199999997845982));
#13304=CARTESIAN_POINT('Ctrl Pts',(-22.1434616583874,3.52522522518331,-0.199999997845982));
#13305=CARTESIAN_POINT('Ctrl Pts',(-22.1617217512577,3.54409947733883,-0.199999997845982));
#13306=CARTESIAN_POINT('Ctrl Pts',(-22.1707545441253,3.55343607882609,-0.199999997845982));
#13307=CARTESIAN_POINT('Ctrl Pts',(-22.1799530020446,3.56262943164407,-0.199999997845982));
#13308=CARTESIAN_POINT('Ctrl Pts',(-22.1893095104519,3.57166994869418,-0.199999997845982));
#13309=CARTESIAN_POINT('Ctrl Pts',(-22.2140287773078,3.59555438760552,-0.199999997845982));
#13310=CARTESIAN_POINT('Ctrl Pts',(-22.2398560535966,3.61837833024549,-0.199999997845982));
#13311=CARTESIAN_POINT('Ctrl Pts',(-22.2666174108049,3.64001765681818,-0.199999997845982));
#13312=CARTESIAN_POINT('Ctrl Pts',(-22.294609518669,3.6626521726543,-0.199999997845982));
#13313=CARTESIAN_POINT('Ctrl Pts',(-22.3236237307617,3.68399131079303,-0.199999997845982));
#13314=CARTESIAN_POINT('Ctrl Pts',(-22.353509728327,3.70392520478331,-0.199999997845982));
#13315=CARTESIAN_POINT('Ctrl Pts',(-22.3853690167533,3.72517527939469,-0.199999997845982));
#13316=CARTESIAN_POINT('Ctrl Pts',(-22.4182190280845,3.74482925517735,-0.199999997845982));
#13317=CARTESIAN_POINT('Ctrl Pts',(-22.4519308551728,3.76277759388802,-0.199999997845982));
#13318=CARTESIAN_POINT('Ctrl Pts',(-22.4564556355623,3.76518660870676,-0.199999997845982));
#13319=CARTESIAN_POINT('Ctrl Pts',(-22.4609960147678,3.76756491794997,-0.199999997845982));
#13320=CARTESIAN_POINT('Ctrl Pts',(-22.4655517476255,3.76991227319338,-0.199999997845982));
#13321=CARTESIAN_POINT('Ctrl Pts',(-22.4987878214423,3.78703726155003,-0.199999997845982));
#13322=CARTESIAN_POINT('Ctrl Pts',(-22.5328364599198,3.80251565347843,-0.199999997845982));
#13323=CARTESIAN_POINT('Ctrl Pts',(-22.5675008125865,3.81632761919227,-0.199999997845982));
#13324=CARTESIAN_POINT('Ctrl Pts',(-22.6034843644248,3.83066521808044,-0.199999997845982));
#13325=CARTESIAN_POINT('Ctrl Pts',(-22.6401320748108,3.84320784613568,-0.199999997845982));
#13326=CARTESIAN_POINT('Ctrl Pts',(-22.6772780692397,3.85391579877997,-0.199999997845982));
#13327=CARTESIAN_POINT('Ctrl Pts',(-22.7157513417641,3.86500636147981,-0.199999997845982));
#13328=CARTESIAN_POINT('Ctrl Pts',(-22.7547599677028,3.87412964402381,-0.199999997845982));
#13329=CARTESIAN_POINT('Ctrl Pts',(-22.7941649893317,3.8812109747042,-0.199999997845982));
#13330=CARTESIAN_POINT('Ctrl Pts',(-22.8002684891446,3.88230781207914,-0.199999997845982));
#13331=CARTESIAN_POINT('Ctrl Pts',(-22.8063815701163,3.88335558767361,-0.199999997845982));
#13332=CARTESIAN_POINT('Ctrl Pts',(-22.8125037886337,3.88435394062964,-0.199999997845982));
#13333=CARTESIAN_POINT('Ctrl Pts',(-22.8515445667045,3.89072033805271,-0.199999997845982));
#13334=CARTESIAN_POINT('Ctrl Pts',(-22.8909549236122,3.89508100922298,-0.199999997845982));
#13335=CARTESIAN_POINT('Ctrl Pts',(-22.9304921676904,3.89746474285112,-0.199999997845982));
#13336=CARTESIAN_POINT('Ctrl Pts',(-22.9703345919517,3.89986687604863,-0.199999997845982));
#13337=CARTESIAN_POINT('Ctrl Pts',(-23.010307417739,3.90026156549901,-0.199999997845982));
#13338=CARTESIAN_POINT('Ctrl Pts',(-23.0501734086328,3.89862698307354,-0.199999997845982));
#13339=CARTESIAN_POINT('Ctrl Pts',(-23.0703539191672,3.89779954326539,-0.199999997845982));
#13340=CARTESIAN_POINT('Ctrl Pts',(-23.0905058812451,3.89645160506485,-0.199999997845982));
#13341=CARTESIAN_POINT('Ctrl Pts',(-23.1106129638539,3.89457314488764,-0.199999997845982));
#13342=CARTESIAN_POINT('Ctrl Pts',(-23.1365027430753,3.89215444893802,-0.199999997845982));
#13343=CARTESIAN_POINT('Ctrl Pts',(-23.162310804865,3.88885652965037,-0.199999997845982));
#13344=CARTESIAN_POINT('Ctrl Pts',(-23.187953106762,3.88465308457857,-0.199999997845982));
#13345=CARTESIAN_POINT('Ctrl Pts',(-23.2323160942493,3.8773808286839,-0.199999997845982));
#13346=CARTESIAN_POINT('Ctrl Pts',(-23.2761850205192,3.86739885934014,-0.199999997845982));
#13347=CARTESIAN_POINT('Ctrl Pts',(-23.3193836022123,3.85488691254231,-0.199999997845982));
#13348=CARTESIAN_POINT('Ctrl Pts',(-23.3608897179371,3.84286516804562,-0.199999997845982));
#13349=CARTESIAN_POINT('Ctrl Pts',(-23.401777614003,3.82850670606532,-0.199999997845982));
#13350=CARTESIAN_POINT('Ctrl Pts',(-23.4418460434404,3.81195505256382,-0.199999997845982));
#13351=CARTESIAN_POINT('Ctrl Pts',(-23.478724490002,3.79672113204999,-0.199999997845982));
#13352=CARTESIAN_POINT('Ctrl Pts',(-23.5149088725668,3.7796285591371,-0.199999997845982));
#13353=CARTESIAN_POINT('Ctrl Pts',(-23.5501990448247,3.76078835283899,-0.199999997845982));
#13354=CARTESIAN_POINT('Ctrl Pts',(-23.5839249958676,3.74278323031919,-0.199999997845982));
#13355=CARTESIAN_POINT('Ctrl Pts',(-23.6168345366157,3.7231813952924,-0.199999997845982));
#13356=CARTESIAN_POINT('Ctrl Pts',(-23.6487086288248,3.70208818417807,-0.199999997845982));
#13357=CARTESIAN_POINT('Ctrl Pts',(-23.662967302681,3.69265226939542,-0.199999997845982));
#13358=CARTESIAN_POINT('Ctrl Pts',(-23.6770181330561,3.68291807166917,-0.199999997845982));
#13359=CARTESIAN_POINT('Ctrl Pts',(-23.6908381963147,3.67289606727955,-0.199999997845982));
#13360=CARTESIAN_POINT('Ctrl Pts',(-23.7032873917963,3.66386818589955,-0.199999997845982));
#13361=CARTESIAN_POINT('Ctrl Pts',(-23.7155554998801,3.65460247773283,-0.199999997845982));
#13362=CARTESIAN_POINT('Ctrl Pts',(-23.7276327739086,3.64509870439446,-0.199999997845982));
#13363=CARTESIAN_POINT('Ctrl Pts',(-23.7516968269752,3.62616236947255,-0.199999997845982));
#13364=CARTESIAN_POINT('Ctrl Pts',(-23.7750007347883,3.60628439448175,-0.199999997845982));
#13365=CARTESIAN_POINT('Ctrl Pts',(-23.7973965187057,3.58549321162104,-0.199999997845982));
#13366=CARTESIAN_POINT('Ctrl Pts',(-23.8021854759526,3.58104737100206,-0.199999997845982));
#13367=CARTESIAN_POINT('Ctrl Pts',(-23.8069327248593,3.57655980966204,-0.199999997845982));
#13368=CARTESIAN_POINT('Ctrl Pts',(-23.8116365055997,3.57203087359525,-0.199999997845982));
#13369=CARTESIAN_POINT('Ctrl Pts',(-23.8367778990343,3.54782401324602,-0.199999997845982));
#13370=CARTESIAN_POINT('Ctrl Pts',(-23.8606791767449,3.5224318943287,-0.199999997845982));
#13371=CARTESIAN_POINT('Ctrl Pts',(-23.8833628926563,3.49594636886336,-0.199999997845982));
#13372=CARTESIAN_POINT('Ctrl Pts',(-23.9050189689987,3.47066071620891,-0.199999997845982));
#13373=CARTESIAN_POINT('Ctrl Pts',(-23.9255646108877,3.44437738183326,-0.199999997845982));
#13374=CARTESIAN_POINT('Ctrl Pts',(-23.9450040492735,3.41722259478142,-0.199999997845982));
#13375=CARTESIAN_POINT('Ctrl Pts',(-23.9624062328955,3.3929136316769,-0.199999997845982));
#13376=CARTESIAN_POINT('Ctrl Pts',(-23.978921391838,3.36790606644545,-0.199999997845982));
#13377=CARTESIAN_POINT('Ctrl Pts',(-23.9945482625021,3.34233628343971,-0.199999997845982));
#13378=CARTESIAN_POINT('Ctrl Pts',(-23.9963776833033,3.33934285667392,-0.199999997845982));
#13379=CARTESIAN_POINT('Ctrl Pts',(-23.9981949296307,3.33634178394886,-0.199999997845982));
#13380=CARTESIAN_POINT('Ctrl Pts',(-24.,3.33333333333333,-0.199999997845982));
#13381=CARTESIAN_POINT('',(-24.,3.33333333333333,-0.2));
#13382=CARTESIAN_POINT('Origin',(-31.9875699922681,-9.00745800463925,-0.6));
#13383=CARTESIAN_POINT('',(-25.1,1.5,-0.2));
#13384=CARTESIAN_POINT('',(-31.5588235294118,-9.26470588235301,-0.2));
#13385=CARTESIAN_POINT('',(-25.1,1.5,-0.2));
#13386=CARTESIAN_POINT('Origin',(-19.483018243026,0.110189054184285,-0.6));
#13387=CARTESIAN_POINT('',(-20.9,1.5,-0.2));
#13388=CARTESIAN_POINT('',(-20.0425070742874,2.01449575542753,-1.));
#13389=CARTESIAN_POINT('',(-19.9117647058823,-0.147058823529482,-0.2));
#13390=CARTESIAN_POINT('Ctrl Pts',(-25.1,-1.5,-0.2));
#13391=CARTESIAN_POINT('Ctrl Pts',(-25.3322423322217,-1.11292944629719,
-0.2));
#13392=CARTESIAN_POINT('Ctrl Pts',(-25.6600115652014,-0.08584320672746,
-0.2));
#13393=CARTESIAN_POINT('Ctrl Pts',(-25.4096564429623,0.983905928396254,
-0.2));
#13394=CARTESIAN_POINT('Ctrl Pts',(-25.1,1.5,-0.2));
#13395=CARTESIAN_POINT('Ctrl Pts',(-25.3858309752375,-1.67149858514251,
-0.466666666666667));
#13396=CARTESIAN_POINT('Ctrl Pts',(-25.6446261283833,-1.24017332989949,
-0.466666666666667));
#13397=CARTESIAN_POINT('Ctrl Pts',(-26.0098700011692,-0.0956578657260862,
-0.466666666666666));
#13398=CARTESIAN_POINT('Ctrl Pts',(-25.7308911794319,1.0963982448185,-0.466666666666666));
#13399=CARTESIAN_POINT('Ctrl Pts',(-25.3858309752375,1.67149858514251,-0.466666666666666));
#13400=CARTESIAN_POINT('Ctrl Pts',(-25.671661950475,-1.84299717028502,-0.733333333333333));
#13401=CARTESIAN_POINT('Ctrl Pts',(-25.957009924545,-1.36741721350178,-0.733333333333333));
#13402=CARTESIAN_POINT('Ctrl Pts',(-26.3597284371371,-0.105472524724707,
-0.733333333333333));
#13403=CARTESIAN_POINT('Ctrl Pts',(-26.0521259159016,1.20889056124073,-0.733333333333333));
#13404=CARTESIAN_POINT('Ctrl Pts',(-25.671661950475,1.84299717028502,-0.733333333333333));
#13405=CARTESIAN_POINT('Ctrl Pts',(-25.9574929257125,-2.01449575542752,
-1.));
#13406=CARTESIAN_POINT('Ctrl Pts',(-26.2693937207066,-1.49466109710407,
-1.));
#13407=CARTESIAN_POINT('Ctrl Pts',(-26.7095868731049,-0.115287183723333,
-1.));
#13408=CARTESIAN_POINT('Ctrl Pts',(-26.3733606523713,1.32138287766297,-1.));
#13409=CARTESIAN_POINT('Ctrl Pts',(-25.9574929257126,2.01449575542753,-1.));
#13410=CARTESIAN_POINT('',(-25.1,-1.5,-0.2));
#13411=CARTESIAN_POINT('Ctrl Pts',(-25.1,1.5,-0.2));
#13412=CARTESIAN_POINT('Ctrl Pts',(-25.4096564429623,0.983905928396254,
-0.2));
#13413=CARTESIAN_POINT('Ctrl Pts',(-25.6600115652014,-0.08584320672746,
-0.2));
#13414=CARTESIAN_POINT('Ctrl Pts',(-25.3322423322217,-1.11292944629719,
-0.2));
#13415=CARTESIAN_POINT('Ctrl Pts',(-25.1,-1.5,-0.2));
#13416=CARTESIAN_POINT('',(-25.1,-1.5,-0.2));
#13417=CARTESIAN_POINT('Ctrl Pts',(-20.9,1.5,-0.2));
#13418=CARTESIAN_POINT('Ctrl Pts',(-20.6677576677783,1.11292944629719,-0.2));
#13419=CARTESIAN_POINT('Ctrl Pts',(-20.3399856982142,0.0858591724436611,
-0.2));
#13420=CARTESIAN_POINT('Ctrl Pts',(-20.5903435570378,-0.983905928396255,
-0.2));
#13421=CARTESIAN_POINT('Ctrl Pts',(-20.9,-1.5,-0.2));
#13422=CARTESIAN_POINT('Ctrl Pts',(-20.6141690247625,1.67149858514251,-0.466666666666666));
#13423=CARTESIAN_POINT('Ctrl Pts',(-20.3553738716166,1.24017332989942,-0.466666666666666));
#13424=CARTESIAN_POINT('Ctrl Pts',(-19.9901269493662,0.0956756568407354,
-0.466666666666667));
#13425=CARTESIAN_POINT('Ctrl Pts',(-20.2691088205681,-1.09639824481847,
-0.466666666666667));
#13426=CARTESIAN_POINT('Ctrl Pts',(-20.6141690247625,-1.67149858514251,
-0.466666666666667));
#13427=CARTESIAN_POINT('Ctrl Pts',(-20.328338049525,1.84299717028502,-0.733333333333333));
#13428=CARTESIAN_POINT('Ctrl Pts',(-20.042990075455,1.36741721350166,-0.733333333333333));
#13429=CARTESIAN_POINT('Ctrl Pts',(-19.6402682005181,0.105492141237808,
-0.733333333333334));
#13430=CARTESIAN_POINT('Ctrl Pts',(-19.9478740840984,-1.20889056124069,
-0.733333333333333));
#13431=CARTESIAN_POINT('Ctrl Pts',(-20.328338049525,-1.84299717028502,-0.733333333333333));
#13432=CARTESIAN_POINT('Ctrl Pts',(-20.0425070742875,2.01449575542753,-1.));
#13433=CARTESIAN_POINT('Ctrl Pts',(-19.7306062792933,1.49466109710389,-1.));
#13434=CARTESIAN_POINT('Ctrl Pts',(-19.29040945167,0.115308625634882,-1.));
#13435=CARTESIAN_POINT('Ctrl Pts',(-19.6266393476287,-1.3213828776629,-1.));
#13436=CARTESIAN_POINT('Ctrl Pts',(-20.0425070742875,-2.01449575542753,
-1.));
#13437=CARTESIAN_POINT('',(-20.9,-1.5,-0.2));
#13438=CARTESIAN_POINT('',(-20.0425070742875,-2.01449575542753,-1.));
#13439=CARTESIAN_POINT('Ctrl Pts',(-20.9,-1.5,-0.2));
#13440=CARTESIAN_POINT('Ctrl Pts',(-20.5903435570378,-0.983905928396255,
-0.2));
#13441=CARTESIAN_POINT('Ctrl Pts',(-20.3399856982142,0.0858591724436611,
-0.2));
#13442=CARTESIAN_POINT('Ctrl Pts',(-20.6677576677783,1.11292944629719,-0.2));
#13443=CARTESIAN_POINT('Ctrl Pts',(-20.9,1.5,-0.2));
#13444=CARTESIAN_POINT('Origin',(-24.0463935216798,-4.22783611300795,-0.6));
#13445=CARTESIAN_POINT('',(-24.,-3.33333333333333,-0.2));
#13446=CARTESIAN_POINT('',(-24.,-3.33333333333333,-0.2));
#13447=CARTESIAN_POINT('',(-23.6176470588235,-3.97058823529419,-0.2));
#13448=CARTESIAN_POINT('Origin',(-27.4241947136144,-13.3454831718315,-0.6));
#13449=CARTESIAN_POINT('',(-22.,-3.33333333333333,-0.2));
#13450=CARTESIAN_POINT('',(-21.1425070742875,-3.84782908876086,-1.));
#13451=CARTESIAN_POINT('',(-27.8529411764706,-13.0882352941177,-0.2));
#13452=CARTESIAN_POINT('Ctrl Pts',(-21.9995108870944,-3.33229506063632,
-0.1999086353855));
#13453=CARTESIAN_POINT('Ctrl Pts',(-22.1092760334515,-3.51565188815747,
-0.199908635385499));
#13454=CARTESIAN_POINT('Ctrl Pts',(-22.43007669648,-3.81835827504746,-0.199908635385499));
#13455=CARTESIAN_POINT('Ctrl Pts',(-23.1504841203714,-3.9723055302,-0.199908635385499));
#13456=CARTESIAN_POINT('Ctrl Pts',(-23.6320327920912,-3.75403471046791,
-0.199908635385499));
#13457=CARTESIAN_POINT('Ctrl Pts',(-23.8961709379793,-3.48509103413648,
-0.199908635385499));
#13458=CARTESIAN_POINT('Ctrl Pts',(-23.9529736632112,-3.41166372220607,
-0.199908635385499));
#13459=CARTESIAN_POINT('Ctrl Pts',(-24.0004891242601,-3.33229506272097,
-0.199908635385499));
#13460=CARTESIAN_POINT('Ctrl Pts',(-21.713480427744,-3.5035339398546,-0.466605756923667));
#13461=CARTESIAN_POINT('Ctrl Pts',(-21.854440718745,-3.73917148811946,-0.466605756923666));
#13462=CARTESIAN_POINT('Ctrl Pts',(-22.267122536973,-4.12863607977856,-0.466605756923667));
#13463=CARTESIAN_POINT('Ctrl Pts',(-23.193351028825,-4.32644968092636,-0.466605756923666));
#13464=CARTESIAN_POINT('Ctrl Pts',(-23.8130208096765,-4.04621526965966,
-0.466605756923667));
#13465=CARTESIAN_POINT('Ctrl Pts',(-24.1522995969241,-3.69991275100093,
-0.466605756923666));
#13466=CARTESIAN_POINT('Ctrl Pts',(-24.2254767351232,-3.60565982808206,
-0.466605756923666));
#13467=CARTESIAN_POINT('Ctrl Pts',(-24.2865198883368,-3.50353237254447,
-0.466605756923666));
#13468=CARTESIAN_POINT('Ctrl Pts',(-21.4274469989193,-3.67477059141837,
-0.733302878461833));
#13469=CARTESIAN_POINT('Ctrl Pts',(-21.6001595605498,-3.96310705334184,
-0.733302878461834));
#13470=CARTESIAN_POINT('Ctrl Pts',(-22.104221949103,-4.43867917674508,-0.733302878461833));
#13471=CARTESIAN_POINT('Ctrl Pts',(-23.2366834520779,-4.68079658202184,
-0.733302878461834));
#13472=CARTESIAN_POINT('Ctrl Pts',(-23.9931237938738,-4.33728454029432,
-0.733302878461833));
#13473=CARTESIAN_POINT('Ctrl Pts',(-24.408665448459,-3.91503285835134,-0.733302878461834));
#13474=CARTESIAN_POINT('Ctrl Pts',(-24.4978122078173,-3.79945461885379,
-0.733302878461832));
#13475=CARTESIAN_POINT('Ctrl Pts',(-24.5725527178456,-3.67477216261197,
-0.733302878461832));
#13476=CARTESIAN_POINT('Ctrl Pts',(-21.1414165388908,-3.84600947012795,
-1.));
#13477=CARTESIAN_POINT('Ctrl Pts',(-21.3453243723901,-4.1866267482934,-1.));
#13478=CARTESIAN_POINT('Ctrl Pts',(-21.9412678018297,-4.74895692787847,
-1.));
#13479=CARTESIAN_POINT('Ctrl Pts',(-23.2795504668362,-5.03494077904815,
-1.));
#13480=CARTESIAN_POINT('Ctrl Pts',(-24.1741116093534,-4.62946484571291,
-1.));
#13481=CARTESIAN_POINT('Ctrl Pts',(-24.6647941615691,-4.12985464335606,
-1.));
#13482=CARTESIAN_POINT('Ctrl Pts',(-24.7703152414565,-3.99345067875758,
-1.));
#13483=CARTESIAN_POINT('Ctrl Pts',(-24.858583482394,-3.84600947300186,-1.));
#13484=CARTESIAN_POINT('Ctrl Pts',(-24.,-3.33333333333333,-0.2));
#13485=CARTESIAN_POINT('Ctrl Pts',(-23.951000404245,-3.41499932625834,-0.2));
#13486=CARTESIAN_POINT('Ctrl Pts',(-23.8259139275337,-3.57805994660849,
-0.2));
#13487=CARTESIAN_POINT('Ctrl Pts',(-23.5469435845532,-3.78431088964783,
-0.2));
#13488=CARTESIAN_POINT('Ctrl Pts',(-23.1930012485003,-3.90417013396047,
-0.2));
#13489=CARTESIAN_POINT('Ctrl Pts',(-22.6770378366914,-3.90545291306398,
-0.2));
#13490=CARTESIAN_POINT('Ctrl Pts',(-22.2332928680151,-3.66098608765315,
-0.2));
#13491=CARTESIAN_POINT('Ctrl Pts',(-22.048999595755,-3.41499932625834,-0.2));
#13492=CARTESIAN_POINT('Ctrl Pts',(-22.,-3.33333333333333,-0.2));
#13493=CARTESIAN_POINT('Origin',(-26.,0.,0.));
#13494=CARTESIAN_POINT('',(-25.1,-1.5,1.11022353787203E-15));
#13495=CARTESIAN_POINT('',(-24.,-3.33333333333333,-0.2));
#13496=CARTESIAN_POINT('Ctrl Pts',(-25.1,1.5,1.11022353787203E-15));
#13497=CARTESIAN_POINT('Ctrl Pts',(-25.1,1.5,-0.24));
#13498=CARTESIAN_POINT('Ctrl Pts',(-25.39399757453,1.01000404244998,1.11022353787203E-15));
#13499=CARTESIAN_POINT('Ctrl Pts',(-25.39399757453,1.01000404244998,-0.24));
#13500=CARTESIAN_POINT('Ctrl Pts',(-25.6739578486402,-0.0921329599722561,
1.11022353787203E-15));
#13501=CARTESIAN_POINT('Ctrl Pts',(-25.6739578486402,-0.0921329599722561,
-0.24));
#13502=CARTESIAN_POINT('Ctrl Pts',(-25.3204981808975,-1.13250303183748,
1.11022353787203E-15));
#13503=CARTESIAN_POINT('Ctrl Pts',(-25.3204981808975,-1.13250303183748,
-0.24));
#13504=CARTESIAN_POINT('Ctrl Pts',(-25.1,-1.5,1.11022353787203E-15));
#13505=CARTESIAN_POINT('Ctrl Pts',(-25.1,-1.5,-0.24));
#13506=CARTESIAN_POINT('',(-25.1,1.5,-0.2));
#13507=CARTESIAN_POINT('Origin',(-26.,5.00991872378463E-17,0.));
#13508=CARTESIAN_POINT('',(-24.,3.33333333333333,2.14841554520504E-26));
#13509=CARTESIAN_POINT('Ctrl Pts',(-22.,3.33333333333333,2.14841554520504E-26));
#13510=CARTESIAN_POINT('Ctrl Pts',(-22.,3.33333333333333,-0.240000000000002));
#13511=CARTESIAN_POINT('Ctrl Pts',(-22.048999595755,3.41499932625834,2.14841554520504E-26));
#13512=CARTESIAN_POINT('Ctrl Pts',(-22.048999595755,3.41499932625834,-0.240000000000002));
#13513=CARTESIAN_POINT('Ctrl Pts',(-22.1740860724663,3.57805994660849,2.14841554520504E-26));
#13514=CARTESIAN_POINT('Ctrl Pts',(-22.1740860724663,3.57805994660849,-0.240000000000002));
#13515=CARTESIAN_POINT('Ctrl Pts',(-22.4530564154468,3.78431088964783,2.14841554520504E-26));
#13516=CARTESIAN_POINT('Ctrl Pts',(-22.4530564154468,3.78431088964783,-0.240000000000002));
#13517=CARTESIAN_POINT('Ctrl Pts',(-22.8069987514997,3.90417013396047,2.14841554520504E-26));
#13518=CARTESIAN_POINT('Ctrl Pts',(-22.8069987514997,3.90417013396047,-0.240000000000002));
#13519=CARTESIAN_POINT('Ctrl Pts',(-23.3229621633086,3.90545291306398,2.14841554520504E-26));
#13520=CARTESIAN_POINT('Ctrl Pts',(-23.3229621633086,3.90545291306398,-0.240000000000002));
#13521=CARTESIAN_POINT('Ctrl Pts',(-23.7667071319849,3.66098608765315,2.14841554520504E-26));
#13522=CARTESIAN_POINT('Ctrl Pts',(-23.7667071319849,3.66098608765315,-0.240000000000002));
#13523=CARTESIAN_POINT('Ctrl Pts',(-23.951000404245,3.41499932625834,2.14841554520504E-26));
#13524=CARTESIAN_POINT('Ctrl Pts',(-23.951000404245,3.41499932625834,-0.240000000000002));
#13525=CARTESIAN_POINT('Ctrl Pts',(-24.,3.33333333333333,2.14841554520504E-26));
#13526=CARTESIAN_POINT('Ctrl Pts',(-24.,3.33333333333333,-0.240000000000002));
#13527=CARTESIAN_POINT('',(-22.,3.33333333333333,-0.200000000000002));
#13528=CARTESIAN_POINT('Origin',(-68.5000000000026,-34.5000000000003,0.));
#13529=CARTESIAN_POINT('',(-68.5000000000025,-36.0000000000003,0.));
#13530=CARTESIAN_POINT('',(-70.0000000000026,-34.5000000000003,0.));
#13531=CARTESIAN_POINT('Origin',(-65.0000000000026,-36.,0.));
#13532=CARTESIAN_POINT('',(-66.5000000000023,-36.0000000000001,0.));
#13533=CARTESIAN_POINT('Origin',(-66.5000000000024,-34.5000000000001,0.));
#13534=CARTESIAN_POINT('',(-65.0000000000024,-34.5000000000003,0.));
#13535=CARTESIAN_POINT('Origin',(-32.500000000001,-32.4999999999987,0.));
#13536=CARTESIAN_POINT('',(-32.5000000000006,-24.6588712088035,-1.));
#13537=CARTESIAN_POINT('',(-32.5000000000009,-30.999999999999,0.));
#13538=CARTESIAN_POINT('Origin',(-31.0000000000009,-30.9999999999991,0.));
#13539=CARTESIAN_POINT('',(-31.0000000000013,-32.4999999999991,0.));
#13540=CARTESIAN_POINT('Origin',(-27.500000000001,-32.5,0.));
#13541=CARTESIAN_POINT('',(-29.0000000000014,-32.4999999999996,0.));
#13542=CARTESIAN_POINT('Origin',(-29.000000000001,-30.9999999999996,0.));
#13543=CARTESIAN_POINT('',(-27.500000000001,-30.9999999999996,0.));
#13544=CARTESIAN_POINT('Origin',(-10.4999999999999,-26.8,0.));
#13545=CARTESIAN_POINT('',(-10.5,-18.9512327187284,-1.));
#13546=CARTESIAN_POINT('',(-10.4999999999999,-25.3,0.));
#13547=CARTESIAN_POINT('Origin',(-8.9999999999999,-25.3,0.));
#13548=CARTESIAN_POINT('',(-8.99999999999989,-26.8,0.));
#13549=CARTESIAN_POINT('Origin',(-5.49999999999989,-26.8,0.));
#13550=CARTESIAN_POINT('Origin',(-10.5,-16.8,0.));
#13551=CARTESIAN_POINT('',(-19.5357078802288,-7.18600681543658,-1.));
#13552=CARTESIAN_POINT('',(-11.9732756700269,-15.2324346870914,1.11022353815327E-15));
#13553=CARTESIAN_POINT('Ctrl Pts',(-10.5,-18.9512327187284,1.11022353815327E-15));
#13554=CARTESIAN_POINT('Ctrl Pts',(-10.5,-18.9512327187284,-1.2));
#13555=CARTESIAN_POINT('Ctrl Pts',(-10.5,-18.1893279568236,1.11022353815327E-15));
#13556=CARTESIAN_POINT('Ctrl Pts',(-10.5,-18.1893279568236,-1.2));
#13557=CARTESIAN_POINT('Ctrl Pts',(-10.7954796625081,-16.799992619445,1.11022353815327E-15));
#13558=CARTESIAN_POINT('Ctrl Pts',(-10.7954796625081,-16.799992619445,-1.2));
#13559=CARTESIAN_POINT('Ctrl Pts',(-11.5819317656158,-15.6488246013848,
1.11022353815327E-15));
#13560=CARTESIAN_POINT('Ctrl Pts',(-11.5819317656158,-15.6488246013848,
-1.2));
#13561=CARTESIAN_POINT('Ctrl Pts',(-11.9732756700269,-15.2324346870914,
1.11022353815327E-15));
#13562=CARTESIAN_POINT('Ctrl Pts',(-11.9732756700269,-15.2324346870914,
-1.2));
#13563=CARTESIAN_POINT('Origin',(-27.5000000000009,-22.5,0.));
#13564=CARTESIAN_POINT('',(-27.5000000000009,-24.5135972742796,4.44089415619764E-15));
#13565=CARTESIAN_POINT('Ctrl Pts',(-27.0359335176086,-20.5406081854549,
4.44089415619764E-15));
#13566=CARTESIAN_POINT('Ctrl Pts',(-27.0359335176086,-20.5406081854549,
-1.2));
#13567=CARTESIAN_POINT('Ctrl Pts',(-27.3432220294476,-21.8380485687749,
4.44089415619764E-15));
#13568=CARTESIAN_POINT('Ctrl Pts',(-27.3432220294476,-21.8380485687749,
-1.2));
#13569=CARTESIAN_POINT('Ctrl Pts',(-27.5000000000009,-23.1802639409463,
4.44089415619764E-15));
#13570=CARTESIAN_POINT('Ctrl Pts',(-27.5000000000009,-23.1802639409463,
-1.2));
#13571=CARTESIAN_POINT('Ctrl Pts',(-27.5000000000009,-24.5135972742796,
4.44089415619764E-15));
#13572=CARTESIAN_POINT('Ctrl Pts',(-27.5000000000009,-24.5135972742796,
-1.2));
#13573=CARTESIAN_POINT('',(-27.0359335176086,-20.5406081854549,-1.));
#13574=CARTESIAN_POINT('Origin',(-32.5000000000005,-22.5000000000015,0.));
#13575=CARTESIAN_POINT('',(-47.1177937714313,-7.48713072123311,-1.));
#13576=CARTESIAN_POINT('',(-34.0060645720429,-20.9532309800659,1.38777935267377E-16));
#13577=CARTESIAN_POINT('Ctrl Pts',(-32.5000000000006,-24.6588712088035,
1.38777935267377E-16));
#13578=CARTESIAN_POINT('Ctrl Pts',(-32.5000000000006,-24.6588712088035,
-1.2));
#13579=CARTESIAN_POINT('Ctrl Pts',(-32.5000000000005,-23.8969664468988,
1.38777935267377E-16));
#13580=CARTESIAN_POINT('Ctrl Pts',(-32.5000000000005,-23.8969664468988,
-1.2));
#13581=CARTESIAN_POINT('Ctrl Pts',(-32.8029416708737,-22.5049589547352,
1.38777935267377E-16));
#13582=CARTESIAN_POINT('Ctrl Pts',(-32.8029416708737,-22.5049589547352,
-1.2));
#13583=CARTESIAN_POINT('Ctrl Pts',(-33.6074264673831,-21.3626430875543,
1.38777935267377E-16));
#13584=CARTESIAN_POINT('Ctrl Pts',(-33.6074264673831,-21.3626430875543,
-1.2));
#13585=CARTESIAN_POINT('Ctrl Pts',(-34.0060645720429,-20.9532309800659,
1.38777935267377E-16));
#13586=CARTESIAN_POINT('Ctrl Pts',(-34.0060645720429,-20.9532309800659,
-1.2));
#13587=CARTESIAN_POINT('Origin',(-65.0000000000011,-26.,0.));
#13588=CARTESIAN_POINT('',(-65.0000000000014,-28.0800313969372,3.60822650334495E-15));
#13589=CARTESIAN_POINT('Ctrl Pts',(-63.9011154884115,-24.233935606374,3.60822650334495E-15));
#13590=CARTESIAN_POINT('Ctrl Pts',(-63.9011154884115,-24.233935606374,-1.2));
#13591=CARTESIAN_POINT('Ctrl Pts',(-64.6055180041349,-25.3660110780721,
3.60822650334495E-15));
#13592=CARTESIAN_POINT('Ctrl Pts',(-64.6055180041349,-25.3660110780721,
-1.2));
#13593=CARTESIAN_POINT('Ctrl Pts',(-65.0000000000012,-26.7466980636039,
3.60822650334495E-15));
#13594=CARTESIAN_POINT('Ctrl Pts',(-65.0000000000012,-26.7466980636039,
-1.2));
#13595=CARTESIAN_POINT('Ctrl Pts',(-65.0000000000014,-28.0800313969372,
3.60822650334495E-15));
#13596=CARTESIAN_POINT('Ctrl Pts',(-65.0000000000014,-28.0800313969372,
-1.2));
#13597=CARTESIAN_POINT('',(-63.9011154884115,-24.233935606374,-1.));
#13598=CARTESIAN_POINT('Origin',(-51.,-6.,0.));
#13599=CARTESIAN_POINT('',(-50.,-4.50000000000001,2.78282957983988E-25));
#13600=CARTESIAN_POINT('',(-48.,-1.5,-0.2));
#13601=CARTESIAN_POINT('Ctrl Pts',(-52.,-4.50000000000001,2.78282957983988E-25));
#13602=CARTESIAN_POINT('Ctrl Pts',(-52.,-4.50000000000001,-0.240000000000001));
#13603=CARTESIAN_POINT('Ctrl Pts',(-51.8943428197666,-4.65848577035008,
2.78282957983988E-25));
#13604=CARTESIAN_POINT('Ctrl Pts',(-51.8943428197666,-4.65848577035008,
-0.240000000000001));
#13605=CARTESIAN_POINT('Ctrl Pts',(-51.5709443833925,-4.97409478432657,
2.78282957983988E-25));
#13606=CARTESIAN_POINT('Ctrl Pts',(-51.5709443833925,-4.97409478432657,
-0.240000000000001));
#13607=CARTESIAN_POINT('Ctrl Pts',(-50.9298912551319,-5.07960022878625,
2.78282957983988E-25));
#13608=CARTESIAN_POINT('Ctrl Pts',(-50.9298912551319,-5.07960022878625,
-0.240000000000001));
#13609=CARTESIAN_POINT('Ctrl Pts',(-50.3483321630603,-4.89067893457515,
2.78282957983988E-25));
#13610=CARTESIAN_POINT('Ctrl Pts',(-50.3483321630603,-4.89067893457515,
-0.240000000000001));
#13611=CARTESIAN_POINT('Ctrl Pts',(-50.1056571802334,-4.65848577035008,
2.78282957983988E-25));
#13612=CARTESIAN_POINT('Ctrl Pts',(-50.1056571802334,-4.65848577035008,
-0.240000000000001));
#13613=CARTESIAN_POINT('Ctrl Pts',(-50.,-4.50000000000001,2.78282957983988E-25));
#13614=CARTESIAN_POINT('Ctrl Pts',(-50.,-4.50000000000001,-0.240000000000001));
#13615=CARTESIAN_POINT('',(-52.,-4.50000000000001,-0.200000000000001));
#13616=CARTESIAN_POINT('Origin',(-23.,-5.,0.));
#13617=CARTESIAN_POINT('',(-22.,-3.33333333333333,3.00260042906184E-26));
#13618=CARTESIAN_POINT('',(-20.9,-1.5,-0.2));
#13619=CARTESIAN_POINT('Ctrl Pts',(-24.,-3.33333333333333,3.00260042906184E-26));
#13620=CARTESIAN_POINT('Ctrl Pts',(-24.,-3.33333333333333,-0.24));
#13621=CARTESIAN_POINT('Ctrl Pts',(-23.951000404245,-3.41499932625834,3.00260042906184E-26));
#13622=CARTESIAN_POINT('Ctrl Pts',(-23.951000404245,-3.41499932625834,-0.24));
#13623=CARTESIAN_POINT('Ctrl Pts',(-23.8259139275337,-3.57805994660849,
3.00260042906184E-26));
#13624=CARTESIAN_POINT('Ctrl Pts',(-23.8259139275337,-3.57805994660849,
-0.24));
#13625=CARTESIAN_POINT('Ctrl Pts',(-23.5469435845532,-3.78431088964783,
3.00260042906184E-26));
#13626=CARTESIAN_POINT('Ctrl Pts',(-23.5469435845532,-3.78431088964783,
-0.24));
#13627=CARTESIAN_POINT('Ctrl Pts',(-23.1930012485003,-3.90417013396047,
3.00260042906184E-26));
#13628=CARTESIAN_POINT('Ctrl Pts',(-23.1930012485003,-3.90417013396047,
-0.24));
#13629=CARTESIAN_POINT('Ctrl Pts',(-22.6770378366914,-3.90545291306398,
3.00260042906184E-26));
#13630=CARTESIAN_POINT('Ctrl Pts',(-22.6770378366914,-3.90545291306398,
-0.24));
#13631=CARTESIAN_POINT('Ctrl Pts',(-22.2332928680151,-3.66098608765315,
3.00260042906184E-26));
#13632=CARTESIAN_POINT('Ctrl Pts',(-22.2332928680151,-3.66098608765315,
-0.24));
#13633=CARTESIAN_POINT('Ctrl Pts',(-22.048999595755,-3.41499932625834,3.00260042906184E-26));
#13634=CARTESIAN_POINT('Ctrl Pts',(-22.048999595755,-3.41499932625834,-0.24));
#13635=CARTESIAN_POINT('Ctrl Pts',(-22.,-3.33333333333333,3.00260042906184E-26));
#13636=CARTESIAN_POINT('Ctrl Pts',(-22.,-3.33333333333333,-0.24));
#13637=CARTESIAN_POINT('Origin',(-51.0000000000002,-10.5069390943302,0.));
#13638=CARTESIAN_POINT('',(-52.2308579844809,-8.66065211760919,-1.));
#13639=CARTESIAN_POINT('',(-52.0000000000002,-9.00693909433023,3.85660359314224E-24));
#13640=CARTESIAN_POINT('Ctrl Pts',(-50.0000000000002,-9.00693909433024,
3.85660359314224E-24));
#13641=CARTESIAN_POINT('Ctrl Pts',(-50.0000000000002,-9.00693909433024,
-1.2));
#13642=CARTESIAN_POINT('Ctrl Pts',(-50.1056571802335,-9.1654248646803,3.85660359314224E-24));
#13643=CARTESIAN_POINT('Ctrl Pts',(-50.1056571802335,-9.1654248646803,-1.2));
#13644=CARTESIAN_POINT('Ctrl Pts',(-50.4290610206504,-9.48104755432472,
3.85660359314224E-24));
#13645=CARTESIAN_POINT('Ctrl Pts',(-50.4290610206504,-9.48104755432472,
-1.2));
#13646=CARTESIAN_POINT('Ctrl Pts',(-51.0701076557836,-9.58654498683304,
3.85660359314224E-24));
#13647=CARTESIAN_POINT('Ctrl Pts',(-51.0701076557836,-9.58654498683304,
-1.2));
#13648=CARTESIAN_POINT('Ctrl Pts',(-51.651662748304,-9.39762747402436,3.85660359314224E-24));
#13649=CARTESIAN_POINT('Ctrl Pts',(-51.651662748304,-9.39762747402436,-1.2));
#13650=CARTESIAN_POINT('Ctrl Pts',(-51.8943428197668,-9.16542486468029,
3.85660359314224E-24));
#13651=CARTESIAN_POINT('Ctrl Pts',(-51.8943428197668,-9.16542486468029,
-1.2));
#13652=CARTESIAN_POINT('Ctrl Pts',(-52.0000000000002,-9.00693909433023,
3.85660359314224E-24));
#13653=CARTESIAN_POINT('Ctrl Pts',(-52.0000000000002,-9.00693909433023,
-1.2));
#13654=CARTESIAN_POINT('',(-50.0000000000002,-9.00693909433024,-1.));
#13655=CARTESIAN_POINT('Ctrl Pts',(-22.0000000000018,-8.19245991237087,
1.79366120312342E-42));
#13656=CARTESIAN_POINT('Ctrl Pts',(-22.0000000000018,-8.19245991237087,
-1.2));
#13657=CARTESIAN_POINT('Ctrl Pts',(-22.0725305729723,-8.31334420065501,
1.79366120312342E-42));
#13658=CARTESIAN_POINT('Ctrl Pts',(-22.0725305729723,-8.31334420065501,
-1.2));
#13659=CARTESIAN_POINT('Ctrl Pts',(-22.244695685223,-8.51534907320635,1.79366120312342E-42));
#13660=CARTESIAN_POINT('Ctrl Pts',(-22.244695685223,-8.51534907320635,-1.2));
#13661=CARTESIAN_POINT('Ctrl Pts',(-22.61163904879,-8.71242767557296,1.79366120312342E-42));
#13662=CARTESIAN_POINT('Ctrl Pts',(-22.61163904879,-8.71242767557296,-1.2));
#13663=CARTESIAN_POINT('Ctrl Pts',(-22.8585038824113,-8.75666807800332,
1.79366120312342E-42));
#13664=CARTESIAN_POINT('Ctrl Pts',(-22.8585038824113,-8.75666807800332,
-1.2));
#13665=CARTESIAN_POINT('Ctrl Pts',(-22.9825940639959,-8.75852038824305,
1.79366120312342E-42));
#13666=CARTESIAN_POINT('Ctrl Pts',(-22.9825940639959,-8.75852038824305,
-1.2));
#13667=CARTESIAN_POINT('',(-22.9825940639959,-8.75852038824305,-1.));
#13668=CARTESIAN_POINT('',(-22.0000000000018,-8.19245991237087,-1.));
#13669=CARTESIAN_POINT('Origin',(-20.6712182938101,-5.97782373538603,0.));
#13670=CARTESIAN_POINT('',(-21.5242718451336,-7.39957965425767,2.77555884774269E-16));
#13671=CARTESIAN_POINT('Ctrl Pts',(-19.5357078802288,-7.18600681543658,
2.77555884774269E-16));
#13672=CARTESIAN_POINT('Ctrl Pts',(-19.5357078802288,-7.18600681543658,
-1.2));
#13673=CARTESIAN_POINT('Ctrl Pts',(-19.6661558483658,-7.0472101773388,2.77555884774269E-16));
#13674=CARTESIAN_POINT('Ctrl Pts',(-19.6661558483658,-7.0472101773388,-1.2));
#13675=CARTESIAN_POINT('Ctrl Pts',(-20.028299604849,-6.79282030414014,2.77555884774269E-16));
#13676=CARTESIAN_POINT('Ctrl Pts',(-20.028299604849,-6.79282030414014,-1.2));
#13677=CARTESIAN_POINT('Ctrl Pts',(-20.7176898794262,-6.76342916394844,
2.77555884774269E-16));
#13678=CARTESIAN_POINT('Ctrl Pts',(-20.7176898794262,-6.76342916394844,
-1.2));
#13679=CARTESIAN_POINT('Ctrl Pts',(-21.2480535099573,-7.03526327222756,
2.77555884774269E-16));
#13680=CARTESIAN_POINT('Ctrl Pts',(-21.2480535099573,-7.03526327222756,
-1.2));
#13681=CARTESIAN_POINT('Ctrl Pts',(-21.450772451501,-7.27708066487018,2.77555884774269E-16));
#13682=CARTESIAN_POINT('Ctrl Pts',(-21.450772451501,-7.27708066487018,-1.2));
#13683=CARTESIAN_POINT('Ctrl Pts',(-21.5242718451336,-7.39957965425767,
2.77555884774269E-16));
#13684=CARTESIAN_POINT('Ctrl Pts',(-21.5242718451336,-7.39957965425767,
-1.2));
#13685=CARTESIAN_POINT('Origin',(-48.2272005722973,-6.347739952776,0.));
#13686=CARTESIAN_POINT('',(-49.1093299493518,-7.67093401835768,1.38777918513221E-16));
#13687=CARTESIAN_POINT('Ctrl Pts',(-47.1177937714313,-7.48713072123311,
1.38777918513221E-16));
#13688=CARTESIAN_POINT('Ctrl Pts',(-47.1177937714313,-7.48713072123311,
-1.2));
#13689=CARTESIAN_POINT('Ctrl Pts',(-47.2506731396512,-7.35066001873696,
1.38777918513221E-16));
#13690=CARTESIAN_POINT('Ctrl Pts',(-47.2506731396512,-7.35066001873696,
-1.2));
#13691=CARTESIAN_POINT('Ctrl Pts',(-47.6129298594448,-7.10404451244763,
1.38777918513221E-16));
#13692=CARTESIAN_POINT('Ctrl Pts',(-47.6129298594448,-7.10404451244763,
-1.2));
#13693=CARTESIAN_POINT('Ctrl Pts',(-48.288292150166,-7.06961321646281,1.38777918513221E-16));
#13694=CARTESIAN_POINT('Ctrl Pts',(-48.288292150166,-7.06961321646281,-1.2));
#13695=CARTESIAN_POINT('Ctrl Pts',(-48.8180542274641,-7.32095376869976,
1.38777918513221E-16));
#13696=CARTESIAN_POINT('Ctrl Pts',(-48.8180542274641,-7.32095376869976,
-1.2));
#13697=CARTESIAN_POINT('Ctrl Pts',(-49.0300870641768,-7.55206969059513,
1.38777918513221E-16));
#13698=CARTESIAN_POINT('Ctrl Pts',(-49.0300870641768,-7.55206969059513,
-1.2));
#13699=CARTESIAN_POINT('Ctrl Pts',(-49.1093299493518,-7.67093401835768,
1.38777918513221E-16));
#13700=CARTESIAN_POINT('Ctrl Pts',(-49.1093299493518,-7.67093401835768,
-1.2));
#13701=CARTESIAN_POINT('Origin',(-53.255106834957,-7.12427884189493,0.));
#13702=CARTESIAN_POINT('',(-54.2306114479604,-8.6920541127931,0.));
#13703=CARTESIAN_POINT('Ctrl Pts',(-52.2308579844809,-8.66065211760919,
0.));
#13704=CARTESIAN_POINT('Ctrl Pts',(-52.2308579844809,-8.66065211760919,
-1.2));
#13705=CARTESIAN_POINT('Ctrl Pts',(-52.3365151647142,-8.50216634725913,
0.));
#13706=CARTESIAN_POINT('Ctrl Pts',(-52.3365151647142,-8.50216634725913,
-1.2));
#13707=CARTESIAN_POINT('Ctrl Pts',(-52.6619484099533,-8.18514497338506,
0.));
#13708=CARTESIAN_POINT('Ctrl Pts',(-52.6619484099533,-8.18514497338506,
-1.2));
#13709=CARTESIAN_POINT('Ctrl Pts',(-53.3110295873253,-8.08643416240473,
0.));
#13710=CARTESIAN_POINT('Ctrl Pts',(-53.3110295873253,-8.08643416240473,
-1.2));
#13711=CARTESIAN_POINT('Ctrl Pts',(-53.8932464177941,-8.28983021801291,
0.));
#13712=CARTESIAN_POINT('Ctrl Pts',(-53.8932464177941,-8.28983021801291,
-1.2));
#13713=CARTESIAN_POINT('Ctrl Pts',(-54.1299825171428,-8.53032904540766,
0.));
#13714=CARTESIAN_POINT('Ctrl Pts',(-54.1299825171428,-8.53032904540766,
-1.2));
#13715=CARTESIAN_POINT('Ctrl Pts',(-54.2306114479604,-8.6920541127931,0.));
#13716=CARTESIAN_POINT('Ctrl Pts',(-54.2306114479604,-8.6920541127931,-1.2));
#13717=CARTESIAN_POINT('Origin',(-24.0798516832334,-8.05937377365114,0.));
#13718=CARTESIAN_POINT('',(-24.5420279576197,-10.0107847099487,1.33737458437679E-32));
#13719=CARTESIAN_POINT('Ctrl Pts',(-22.9825940639959,-8.75852038824305,
1.33737458463139E-32));
#13720=CARTESIAN_POINT('Ctrl Pts',(-22.9825940639959,-8.75852038824305,
-1.2));
#13721=CARTESIAN_POINT('Ctrl Pts',(-23.1730490371413,-8.76136333433646,
4.10137860229499E-32));
#13722=CARTESIAN_POINT('Ctrl Pts',(-23.1730490371413,-8.76136333433646,
-1.2));
#13723=CARTESIAN_POINT('Ctrl Pts',(-23.577150388797,-8.8358749859175,8.70491962518367E-32));
#13724=CARTESIAN_POINT('Ctrl Pts',(-23.577150388797,-8.8358749859175,-1.2));
#13725=CARTESIAN_POINT('Ctrl Pts',(-24.2213282942772,-9.2530704711253,1.05481539000897E-31));
#13726=CARTESIAN_POINT('Ctrl Pts',(-24.2213282942772,-9.2530704711253,-1.2));
#13727=CARTESIAN_POINT('Ctrl Pts',(-24.4761804193685,-9.73276177066588,
5.48338061092959E-32));
#13728=CARTESIAN_POINT('Ctrl Pts',(-24.4761804193685,-9.73276177066588,
-1.2));
#13729=CARTESIAN_POINT('Ctrl Pts',(-24.5420279576197,-10.0107847099487,
1.33737458437679E-32));
#13730=CARTESIAN_POINT('Ctrl Pts',(-24.5420279576197,-10.0107847099487,
-1.2));
#13731=CARTESIAN_POINT('Origin',(-27.5000000000009,22.5,0.));
#13732=CARTESIAN_POINT('',(-27.5000000000009,24.5135972742796,-1.00000000000001));
#13733=CARTESIAN_POINT('',(-27.500000000001,30.9999999999996,0.));
#13734=CARTESIAN_POINT('Origin',(-65.0000000000011,26.,0.));
#13735=CARTESIAN_POINT('',(-65.0000000000014,28.0800313969372,-1.));
#13736=CARTESIAN_POINT('',(-65.0000000000024,34.5000000000003,0.));
#13737=CARTESIAN_POINT('Origin',(-68.5000000000026,34.5000000000003,0.));
#13738=CARTESIAN_POINT('',(-70.0000000000026,34.5000000000003,0.));
#13739=CARTESIAN_POINT('',(-68.5000000000025,36.0000000000003,0.));
#13740=CARTESIAN_POINT('Origin',(-65.0000000000026,36.,0.));
#13741=CARTESIAN_POINT('',(-66.5000000000023,36.0000000000001,0.));
#13742=CARTESIAN_POINT('Origin',(-66.5000000000024,34.5000000000001,0.));
#13743=CARTESIAN_POINT('Origin',(-31.0000000000009,30.9999999999991,0.));
#13744=CARTESIAN_POINT('',(-32.5000000000009,30.999999999999,0.));
#13745=CARTESIAN_POINT('',(-31.0000000000013,32.4999999999991,0.));
#13746=CARTESIAN_POINT('Origin',(-27.500000000001,32.5,0.));
#13747=CARTESIAN_POINT('',(-29.0000000000014,32.4999999999996,0.));
#13748=CARTESIAN_POINT('Origin',(-29.000000000001,30.9999999999996,0.));
#13749=CARTESIAN_POINT('Origin',(-8.9999999999999,25.3,0.));
#13750=CARTESIAN_POINT('',(-10.4999999999999,25.3,0.));
#13751=CARTESIAN_POINT('',(-8.99999999999989,26.8,0.));
#13752=CARTESIAN_POINT('Origin',(-5.49999999999989,26.8,0.));
#13753=CARTESIAN_POINT('Origin',(-10.4999999999999,26.8,0.));
#13754=CARTESIAN_POINT('',(-10.5,18.9512327187284,1.11022353815327E-15));
#13755=CARTESIAN_POINT('Ctrl Pts',(-11.9732756700269,15.2324346870914,1.11022353815327E-15));
#13756=CARTESIAN_POINT('Ctrl Pts',(-11.9732756700269,15.2324346870914,-1.2));
#13757=CARTESIAN_POINT('Ctrl Pts',(-11.4514837974788,15.7876212394825,1.11022353815327E-15));
#13758=CARTESIAN_POINT('Ctrl Pts',(-11.4514837974788,15.7876212394825,-1.2));
#13759=CARTESIAN_POINT('Ctrl Pts',(-10.7153057602709,17.0023651664801,1.11022353815327E-15));
#13760=CARTESIAN_POINT('Ctrl Pts',(-10.7153057602709,17.0023651664801,-1.2));
#13761=CARTESIAN_POINT('Ctrl Pts',(-10.5,18.3798041472998,1.11022353815327E-15));
#13762=CARTESIAN_POINT('Ctrl Pts',(-10.5,18.3798041472998,-1.2));
#13763=CARTESIAN_POINT('Ctrl Pts',(-10.5,18.9512327187284,1.11022353815327E-15));
#13764=CARTESIAN_POINT('Ctrl Pts',(-10.5,18.9512327187284,-1.2));
#13765=CARTESIAN_POINT('',(-11.9732756700269,15.2324346870914,-1.));
#13766=CARTESIAN_POINT('Origin',(-24.0798516832334,8.05937377365114,0.));
#13767=CARTESIAN_POINT('',(-24.5420279576197,10.0107847099487,-1.));
#13768=CARTESIAN_POINT('',(-27.0359335176086,20.5406081854549,-2.29588740394978E-40));
#13769=CARTESIAN_POINT('Ctrl Pts',(-27.5000000000009,24.5135972742796,-2.29588634005259E-40));
#13770=CARTESIAN_POINT('Ctrl Pts',(-27.5000000000009,24.5135972742796,-1.20000000000001));
#13771=CARTESIAN_POINT('Ctrl Pts',(-27.5000000000009,23.1802639409463,-2.29588669229025E-40));
#13772=CARTESIAN_POINT('Ctrl Pts',(-27.5000000000009,23.1802639409463,-1.20000000000001));
#13773=CARTESIAN_POINT('Ctrl Pts',(-27.3432220294476,21.8380485687749,-2.29588705171212E-40));
#13774=CARTESIAN_POINT('Ctrl Pts',(-27.3432220294476,21.8380485687749,-1.20000000000001));
#13775=CARTESIAN_POINT('Ctrl Pts',(-27.0359335176086,20.5406081854549,-2.29588740394978E-40));
#13776=CARTESIAN_POINT('Ctrl Pts',(-27.0359335176086,20.5406081854549,-1.20000000000001));
#13777=CARTESIAN_POINT('Origin',(-32.500000000001,32.4999999999987,0.));
#13778=CARTESIAN_POINT('',(-32.5000000000006,24.6588712088035,1.38777935267377E-16));
#13779=CARTESIAN_POINT('Ctrl Pts',(-34.0060645720429,20.9532309800659,1.38777935267377E-16));
#13780=CARTESIAN_POINT('Ctrl Pts',(-34.0060645720429,20.9532309800659,-1.2));
#13781=CARTESIAN_POINT('Ctrl Pts',(-33.4745470991632,21.4991137900505,1.38777935267377E-16));
#13782=CARTESIAN_POINT('Ctrl Pts',(-33.4745470991632,21.4991137900505,-1.2));
#13783=CARTESIAN_POINT('Ctrl Pts',(-32.7205084284107,22.7077842154357,1.38777935267377E-16));
#13784=CARTESIAN_POINT('Ctrl Pts',(-32.7205084284107,22.7077842154357,-1.2));
#13785=CARTESIAN_POINT('Ctrl Pts',(-32.5000000000005,24.087442637375,1.38777935267377E-16));
#13786=CARTESIAN_POINT('Ctrl Pts',(-32.5000000000005,24.087442637375,-1.2));
#13787=CARTESIAN_POINT('Ctrl Pts',(-32.5000000000006,24.6588712088035,1.38777935267377E-16));
#13788=CARTESIAN_POINT('Ctrl Pts',(-32.5000000000006,24.6588712088035,-1.2));
#13789=CARTESIAN_POINT('',(-34.0060645720429,20.9532309800659,-1.));
#13790=CARTESIAN_POINT('Origin',(-53.255106834957,7.12427884189493,0.));
#13791=CARTESIAN_POINT('',(-54.2306114479604,8.6920541127931,-1.));
#13792=CARTESIAN_POINT('',(-63.9011154884115,24.233935606374,3.6082265008624E-15));
#13793=CARTESIAN_POINT('Ctrl Pts',(-65.0000000000014,28.0800313969372,3.6082265008624E-15));
#13794=CARTESIAN_POINT('Ctrl Pts',(-65.0000000000014,28.0800313969372,-1.2));
#13795=CARTESIAN_POINT('Ctrl Pts',(-65.0000000000012,26.7466980636039,3.6082265008624E-15));
#13796=CARTESIAN_POINT('Ctrl Pts',(-65.0000000000012,26.7466980636039,-1.2));
#13797=CARTESIAN_POINT('Ctrl Pts',(-64.6055180041349,25.3660110780721,3.6082265008624E-15));
#13798=CARTESIAN_POINT('Ctrl Pts',(-64.6055180041349,25.3660110780721,-1.2));
#13799=CARTESIAN_POINT('Ctrl Pts',(-63.9011154884115,24.233935606374,3.6082265008624E-15));
#13800=CARTESIAN_POINT('Ctrl Pts',(-63.9011154884115,24.233935606374,-1.2));
#13801=CARTESIAN_POINT('Origin',(-70.0000000000026,36.0000000000004,0.));
#13802=CARTESIAN_POINT('Ctrl Pts',(-52.0000000000002,9.00693909433023,3.22841175868389E-25));
#13803=CARTESIAN_POINT('Ctrl Pts',(-52.0000000000002,9.00693909433023,-1.2));
#13804=CARTESIAN_POINT('Ctrl Pts',(-51.8943428197668,9.16542486468029,3.22841175868389E-25));
#13805=CARTESIAN_POINT('Ctrl Pts',(-51.8943428197668,9.16542486468029,-1.2));
#13806=CARTESIAN_POINT('Ctrl Pts',(-51.57093897935,9.48104755432472,3.22841175868389E-25));
#13807=CARTESIAN_POINT('Ctrl Pts',(-51.57093897935,9.48104755432472,-1.2));
#13808=CARTESIAN_POINT('Ctrl Pts',(-50.9298923442167,9.58654498683304,3.22841175868389E-25));
#13809=CARTESIAN_POINT('Ctrl Pts',(-50.9298923442167,9.58654498683304,-1.2));
#13810=CARTESIAN_POINT('Ctrl Pts',(-50.3483372516964,9.39762747402436,3.22841175868389E-25));
#13811=CARTESIAN_POINT('Ctrl Pts',(-50.3483372516964,9.39762747402436,-1.2));
#13812=CARTESIAN_POINT('Ctrl Pts',(-50.1056571802335,9.1654248646803,3.22841175868389E-25));
#13813=CARTESIAN_POINT('Ctrl Pts',(-50.1056571802335,9.1654248646803,-1.2));
#13814=CARTESIAN_POINT('Ctrl Pts',(-50.0000000000002,9.00693909433023,3.22841175868389E-25));
#13815=CARTESIAN_POINT('Ctrl Pts',(-50.0000000000002,9.00693909433023,-1.2));
#13816=CARTESIAN_POINT('',(-52.0000000000002,9.00693909433023,-1.));
#13817=CARTESIAN_POINT('',(-50.0000000000002,9.00693909433023,3.22841175868389E-25));
#13818=CARTESIAN_POINT('Origin',(-10.5,16.8,0.));
#13819=CARTESIAN_POINT('',(-19.5357078802288,7.18600681543658,2.77555884774269E-16));
#13820=CARTESIAN_POINT('Ctrl Pts',(-21.5242718451336,7.39957965425767,2.77555884774269E-16));
#13821=CARTESIAN_POINT('Ctrl Pts',(-21.5242718451336,7.39957965425767,-1.2));
#13822=CARTESIAN_POINT('Ctrl Pts',(-21.4262726536235,7.23624766840769,2.77555884774269E-16));
#13823=CARTESIAN_POINT('Ctrl Pts',(-21.4262726536235,7.23624766840769,-1.2));
#13824=CARTESIAN_POINT('Ctrl Pts',(-21.1264082965576,6.91075776793882,2.77555884774269E-16));
#13825=CARTESIAN_POINT('Ctrl Pts',(-21.1264082965576,6.91075776793882,-1.2));
#13826=CARTESIAN_POINT('Ctrl Pts',(-20.4589819808973,6.73564379657309,2.77555884774269E-16));
#13827=CARTESIAN_POINT('Ctrl Pts',(-20.4589819808973,6.73564379657309,-1.2));
#13828=CARTESIAN_POINT('Ctrl Pts',(-19.8829897685222,6.8886546925815,2.77555884774269E-16));
#13829=CARTESIAN_POINT('Ctrl Pts',(-19.8829897685222,6.8886546925815,-1.2));
#13830=CARTESIAN_POINT('Ctrl Pts',(-19.6335438563315,7.08190933686324,2.77555884774269E-16));
#13831=CARTESIAN_POINT('Ctrl Pts',(-19.6335438563315,7.08190933686324,-1.2));
#13832=CARTESIAN_POINT('Ctrl Pts',(-19.5357078802288,7.18600681543658,2.77555884774269E-16));
#13833=CARTESIAN_POINT('Ctrl Pts',(-19.5357078802288,7.18600681543658,-1.2));
#13834=CARTESIAN_POINT('',(-21.5242718451336,7.39957965425767,-1.));
#13835=CARTESIAN_POINT('Origin',(-32.5000000000005,22.5000000000015,0.));
#13836=CARTESIAN_POINT('',(-47.1177937714313,7.48713072123311,2.77555890785341E-16));
#13837=CARTESIAN_POINT('Ctrl Pts',(-49.1093299493518,7.67093401835768,2.77555890785341E-16));
#13838=CARTESIAN_POINT('Ctrl Pts',(-49.1093299493518,7.67093401835768,-1.2));
#13839=CARTESIAN_POINT('Ctrl Pts',(-49.0036727691184,7.51244824800762,2.77555890785341E-16));
#13840=CARTESIAN_POINT('Ctrl Pts',(-49.0036727691184,7.51244824800762,-1.2));
#13841=CARTESIAN_POINT('Ctrl Pts',(-48.6926721427784,7.20369632591795,2.77555890785341E-16));
#13842=CARTESIAN_POINT('Ctrl Pts',(-48.6926721427784,7.20369632591795,-1.2));
#13843=CARTESIAN_POINT('Ctrl Pts',(-48.0350197580849,7.04623814487172,2.77555890785341E-16));
#13844=CARTESIAN_POINT('Ctrl Pts',(-48.0350197580849,7.04623814487172,-1.2));
#13845=CARTESIAN_POINT('Ctrl Pts',(-47.4682046099593,7.19637314944193,2.77555890785341E-16));
#13846=CARTESIAN_POINT('Ctrl Pts',(-47.4682046099593,7.19637314944193,-1.2));
#13847=CARTESIAN_POINT('Ctrl Pts',(-47.2174532975963,7.384777694361,2.77555890785341E-16));
#13848=CARTESIAN_POINT('Ctrl Pts',(-47.2174532975963,7.384777694361,-1.2));
#13849=CARTESIAN_POINT('Ctrl Pts',(-47.1177937714313,7.48713072123311,2.77555890785341E-16));
#13850=CARTESIAN_POINT('Ctrl Pts',(-47.1177937714313,7.48713072123311,-1.2));
#13851=CARTESIAN_POINT('',(-49.1093299493518,7.67093401835768,-1.));
#13852=CARTESIAN_POINT('Ctrl Pts',(-54.2306114479604,8.6920541127931,0.));
#13853=CARTESIAN_POINT('Ctrl Pts',(-54.2306114479604,8.6920541127931,-1.2));
#13854=CARTESIAN_POINT('Ctrl Pts',(-54.1299825171428,8.53032904540766,0.));
#13855=CARTESIAN_POINT('Ctrl Pts',(-54.1299825171428,8.53032904540766,-1.2));
#13856=CARTESIAN_POINT('Ctrl Pts',(-53.8146636008809,8.203245983102,0.));
#13857=CARTESIAN_POINT('Ctrl Pts',(-53.8146636008809,8.203245983102,-1.2));
#13858=CARTESIAN_POINT('Ctrl Pts',(-53.1690017825275,8.08420390926418,0.));
#13859=CARTESIAN_POINT('Ctrl Pts',(-53.1690017825275,8.08420390926418,-1.2));
#13860=CARTESIAN_POINT('Ctrl Pts',(-52.580685755149,8.26921916552084,0.));
#13861=CARTESIAN_POINT('Ctrl Pts',(-52.580685755149,8.26921916552084,-1.2));
#13862=CARTESIAN_POINT('Ctrl Pts',(-52.3365151647142,8.50216634725913,0.));
#13863=CARTESIAN_POINT('Ctrl Pts',(-52.3365151647142,8.50216634725913,-1.2));
#13864=CARTESIAN_POINT('Ctrl Pts',(-52.2308579844809,8.66065211760919,0.));
#13865=CARTESIAN_POINT('Ctrl Pts',(-52.2308579844809,8.66065211760919,-1.2));
#13866=CARTESIAN_POINT('',(-52.2308579844809,8.66065211760919,0.));
#13867=CARTESIAN_POINT('Ctrl Pts',(-22.9825940639959,8.75852038824305,2.06558273900826E-26));
#13868=CARTESIAN_POINT('Ctrl Pts',(-22.9825940639959,8.75852038824305,-1.2));
#13869=CARTESIAN_POINT('Ctrl Pts',(-22.8585038824113,8.75666807800332,2.06558273900826E-26));
#13870=CARTESIAN_POINT('Ctrl Pts',(-22.8585038824113,8.75666807800332,-1.2));
#13871=CARTESIAN_POINT('Ctrl Pts',(-22.61163904879,8.71242767557295,2.06558273900826E-26));
#13872=CARTESIAN_POINT('Ctrl Pts',(-22.61163904879,8.71242767557295,-1.2));
#13873=CARTESIAN_POINT('Ctrl Pts',(-22.244695685223,8.51534907320635,2.06558273900826E-26));
#13874=CARTESIAN_POINT('Ctrl Pts',(-22.244695685223,8.51534907320635,-1.2));
#13875=CARTESIAN_POINT('Ctrl Pts',(-22.0725305729723,8.313344200655,2.06558273900826E-26));
#13876=CARTESIAN_POINT('Ctrl Pts',(-22.0725305729723,8.313344200655,-1.2));
#13877=CARTESIAN_POINT('Ctrl Pts',(-22.0000000000018,8.19245991237087,2.06558273900826E-26));
#13878=CARTESIAN_POINT('Ctrl Pts',(-22.0000000000018,8.19245991237087,-1.2));
#13879=CARTESIAN_POINT('',(-22.9825940639958,8.75852038824305,1.5794209965425E-31));
#13880=CARTESIAN_POINT('',(-22.0000000000018,8.19245991237087,2.06558273900826E-26));
#13881=CARTESIAN_POINT('Ctrl Pts',(-24.5420279576197,10.0107847099487,1.57942099656857E-31));
#13882=CARTESIAN_POINT('Ctrl Pts',(-24.5420279576197,10.0107847099487,-1.2));
#13883=CARTESIAN_POINT('Ctrl Pts',(-24.4981295987856,9.82543608376017,1.02662019303005E-31));
#13884=CARTESIAN_POINT('Ctrl Pts',(-24.4981295987856,9.82543608376017,-1.2));
#13885=CARTESIAN_POINT('Ctrl Pts',(-24.3381231839853,9.44695512538301,1.05911988438385E-32));
#13886=CARTESIAN_POINT('Ctrl Pts',(-24.3381231839853,9.44695512538301,-1.2));
#13887=CARTESIAN_POINT('Ctrl Pts',(-23.7916796424926,8.908051884766,-2.62734866572212E-32));
#13888=CARTESIAN_POINT('Ctrl Pts',(-23.7916796424926,8.908051884766,-1.2));
#13889=CARTESIAN_POINT('Ctrl Pts',(-23.268276523714,8.76278480738316,7.50219791240612E-32));
#13890=CARTESIAN_POINT('Ctrl Pts',(-23.268276523714,8.76278480738316,-1.2));
#13891=CARTESIAN_POINT('Ctrl Pts',(-22.9825940639958,8.75852038824305,1.5794209965425E-31));
#13892=CARTESIAN_POINT('Ctrl Pts',(-22.9825940639958,8.75852038824305,-1.2));
#13893=CARTESIAN_POINT('Ctrl Pts',(-48.,-1.5,8.97161230979476E-24));
#13894=CARTESIAN_POINT('Ctrl Pts',(-48.,-1.5,-0.240000000000001));
#13895=CARTESIAN_POINT('Ctrl Pts',(-47.8415142296499,-1.2622713444749,8.97161230979476E-24));
#13896=CARTESIAN_POINT('Ctrl Pts',(-47.8415142296499,-1.2622713444749,-0.240000000000001));
#13897=CARTESIAN_POINT('Ctrl Pts',(-47.5858229005659,-0.711808457228407,
8.97161230979477E-24));
#13898=CARTESIAN_POINT('Ctrl Pts',(-47.5858229005659,-0.711808457228407,
-0.240000000000001));
#13899=CARTESIAN_POINT('Ctrl Pts',(-47.4863206154976,0.400212035141175,
8.97161230979477E-24));
#13900=CARTESIAN_POINT('Ctrl Pts',(-47.4863206154976,0.400212035141175,
-0.240000000000001));
#13901=CARTESIAN_POINT('Ctrl Pts',(-47.7622713444749,1.14340701671235,8.97161230979476E-24));
#13902=CARTESIAN_POINT('Ctrl Pts',(-47.7622713444749,1.14340701671235,-0.240000000000001));
#13903=CARTESIAN_POINT('Ctrl Pts',(-48.,1.5,8.97161230979476E-24));
#13904=CARTESIAN_POINT('Ctrl Pts',(-48.,1.5,-0.240000000000001));
#13905=CARTESIAN_POINT('Origin',(-23.,5.,0.));
#13906=CARTESIAN_POINT('',(-20.9,1.5,1.1102235391124E-15));
#13907=CARTESIAN_POINT('Ctrl Pts',(-20.9,-1.5,1.1102235391124E-15));
#13908=CARTESIAN_POINT('Ctrl Pts',(-20.9,-1.5,-0.24));
#13909=CARTESIAN_POINT('Ctrl Pts',(-20.60600242547,-1.01000404244998,1.1102235391124E-15));
#13910=CARTESIAN_POINT('Ctrl Pts',(-20.60600242547,-1.01000404244998,-0.24));
#13911=CARTESIAN_POINT('Ctrl Pts',(-20.3259363271282,0.0921136712005803,
1.1102235391124E-15));
#13912=CARTESIAN_POINT('Ctrl Pts',(-20.3259363271282,0.0921136712005803,
-0.24));
#13913=CARTESIAN_POINT('Ctrl Pts',(-20.6795018191025,1.13250303183748,1.1102235391124E-15));
#13914=CARTESIAN_POINT('Ctrl Pts',(-20.6795018191025,1.13250303183748,-0.24));
#13915=CARTESIAN_POINT('Ctrl Pts',(-20.9,1.5,1.1102235391124E-15));
#13916=CARTESIAN_POINT('Ctrl Pts',(-20.9,1.5,-0.24));
#13917=CARTESIAN_POINT('Origin',(-9.40000000000008,-24.3,-0.4));
#13918=CARTESIAN_POINT('',(-6.60000000000009,-24.3,-0.4));
#13919=CARTESIAN_POINT('Origin',(-8.00000000000009,-24.3,-0.4));
#13920=CARTESIAN_POINT('',(-7.00000000000009,-24.3,-0.4));
#13921=CARTESIAN_POINT('Origin',(-8.00000000000009,-24.3,-0.4));
#13922=CARTESIAN_POINT('Origin',(-8.00000000000009,-24.3,-0.6));
#13923=CARTESIAN_POINT('',(-7.00000000000009,-24.3,-0.8));
#13924=CARTESIAN_POINT('Origin',(-8.00000000000009,-24.3,-0.8));
#13925=CARTESIAN_POINT('',(-7.0000000000001,-24.3,-0.6));
#13926=CARTESIAN_POINT('Origin',(-9.00000000000008,-24.3,-0.8));
#13927=CARTESIAN_POINT('',(-6.85000000000009,-24.3,-0.8));
#13928=CARTESIAN_POINT('Origin',(-8.00000000000009,-24.3,-0.8));
#13929=CARTESIAN_POINT('Origin',(-8.00000000000009,-24.3,-0.9));
#13930=CARTESIAN_POINT('',(-6.8500000000001,-24.3,-0.9));
#13931=CARTESIAN_POINT('Origin',(-8.00000000000009,-24.3,-0.2));
#13932=CARTESIAN_POINT('',(-6.60000000000009,-24.3,-0.2));
#13933=CARTESIAN_POINT('Origin',(-31.3744280120479,-29.9933745303929,-0.4));
#13934=CARTESIAN_POINT('',(-28.5744280120479,-29.9933745303929,-0.4));
#13935=CARTESIAN_POINT('Origin',(-29.9744280120479,-29.9933745303929,-0.4));
#13936=CARTESIAN_POINT('',(-28.9744280120479,-29.9933745303929,-0.4));
#13937=CARTESIAN_POINT('Origin',(-29.9744280120479,-29.9933745303929,-0.4));
#13938=CARTESIAN_POINT('Origin',(-29.9744280120479,-29.9933745303929,-0.6));
#13939=CARTESIAN_POINT('',(-28.9744280120479,-29.9933745303929,-0.8));
#13940=CARTESIAN_POINT('Origin',(-29.9744280120479,-29.9933745303929,-0.8));
#13941=CARTESIAN_POINT('',(-28.9744280120479,-29.9933745303929,-0.6));
#13942=CARTESIAN_POINT('Origin',(-30.9744280120479,-29.9933745303929,-0.8));
#13943=CARTESIAN_POINT('',(-28.824428012048,-29.9933745303929,-0.8));
#13944=CARTESIAN_POINT('Origin',(-29.9744280120479,-29.9933745303929,-0.8));
#13945=CARTESIAN_POINT('Origin',(-29.9744280120479,-29.9933745303929,-0.9));
#13946=CARTESIAN_POINT('',(-28.8244280120479,-29.9933745303929,-0.9));
#13947=CARTESIAN_POINT('Origin',(-29.9744280120479,-29.9933745303929,-0.2));
#13948=CARTESIAN_POINT('',(-28.5744280120479,-29.9933745303929,-0.2));
#13949=CARTESIAN_POINT('Origin',(-68.7941978967802,-33.4836406831996,-0.4));
#13950=CARTESIAN_POINT('',(-65.9941978967802,-33.4836406831996,-0.4));
#13951=CARTESIAN_POINT('Origin',(-67.3941978967802,-33.4836406831996,-0.4));
#13952=CARTESIAN_POINT('',(-66.3941978967802,-33.4836406831996,-0.4));
#13953=CARTESIAN_POINT('Origin',(-67.3941978967802,-33.4836406831996,-0.4));
#13954=CARTESIAN_POINT('Origin',(-67.3941978967802,-33.4836406831996,-0.6));
#13955=CARTESIAN_POINT('',(-66.3941978967802,-33.4836406831996,-0.8));
#13956=CARTESIAN_POINT('Origin',(-67.3941978967802,-33.4836406831996,-0.8));
#13957=CARTESIAN_POINT('',(-66.3941978967802,-33.4836406831996,-0.6));
#13958=CARTESIAN_POINT('Origin',(-68.3941978967802,-33.4836406831996,-0.8));
#13959=CARTESIAN_POINT('',(-66.2441978967802,-33.4836406831996,-0.8));
#13960=CARTESIAN_POINT('Origin',(-67.3941978967802,-33.4836406831996,-0.8));
#13961=CARTESIAN_POINT('Origin',(-67.3941978967802,-33.4836406831996,-0.9));
#13962=CARTESIAN_POINT('',(-66.2441978967802,-33.4836406831996,-0.9));
#13963=CARTESIAN_POINT('Origin',(-67.3941978967802,-33.4836406831996,-0.2));
#13964=CARTESIAN_POINT('',(-65.9941978967802,-33.4836406831996,-0.2));
#13965=CARTESIAN_POINT('Origin',(-20.6712182938101,5.97782373538603,0.));
#13966=CARTESIAN_POINT('Origin',(-48.2272005722973,6.347739952776,0.));
#13967=CARTESIAN_POINT('Origin',(-51.0000000000002,10.5069390943302,0.));
#13968=CARTESIAN_POINT('Origin',(-55.,-1.11022302462516E-15,0.));
#13969=CARTESIAN_POINT('Origin',(-38.,2.22044604925031E-15,0.));
#13970=CARTESIAN_POINT('',(-30.8744280120479,29.993374530393,-3.46944695195361E-17));
#13971=CARTESIAN_POINT('Origin',(-29.9744280120479,29.993374530393,0.));
#13972=CARTESIAN_POINT('Origin',(-29.9744280120479,29.993374530393,0.3));
#13973=CARTESIAN_POINT('',(-30.8744280120479,29.993374530393,0.6));
#13974=CARTESIAN_POINT('Origin',(-29.9744280120479,29.993374530393,0.6));
#13975=CARTESIAN_POINT('',(-30.8744280120479,29.993374530393,0.3));
#13976=CARTESIAN_POINT('Origin',(-28.9744280120479,29.993374530393,0.6));
#13977=CARTESIAN_POINT('',(-30.9744280120479,29.993374530393,0.6));
#13978=CARTESIAN_POINT('Origin',(-29.9744280120479,29.993374530393,0.6));
#13979=CARTESIAN_POINT('Origin',(-29.9744280120479,29.993374530393,0.7));
#13980=CARTESIAN_POINT('',(-30.9744280120479,29.993374530393,0.8));
#13981=CARTESIAN_POINT('Origin',(-29.9744280120479,29.993374530393,0.8));
#13982=CARTESIAN_POINT('',(-30.9744280120479,29.993374530393,0.7));
#13983=CARTESIAN_POINT('Origin',(-28.8744280120479,29.993374530393,0.8));
#13984=CARTESIAN_POINT('',(-31.0744280120479,29.993374530393,0.8));
#13985=CARTESIAN_POINT('Origin',(-29.9744280120479,29.993374530393,0.8));
#13986=CARTESIAN_POINT('Origin',(-29.9744280120479,29.993374530393,0.9));
#13987=CARTESIAN_POINT('',(-31.0744280120479,29.993374530393,1.));
#13988=CARTESIAN_POINT('Origin',(-29.9744280120479,29.993374530393,1.));
#13989=CARTESIAN_POINT('',(-31.0744280120479,29.993374530393,0.9));
#13990=CARTESIAN_POINT('Origin',(-28.7744280120479,29.993374530393,1.));
#13991=CARTESIAN_POINT('',(-31.1744280120479,29.993374530393,1.));
#13992=CARTESIAN_POINT('Origin',(-29.9744280120479,29.993374530393,1.));
#13993=CARTESIAN_POINT('Origin',(-29.9744280120479,29.993374530393,1.1));
#13994=CARTESIAN_POINT('',(-31.1744280120479,29.993374530393,1.2));
#13995=CARTESIAN_POINT('Origin',(-29.9744280120479,29.993374530393,1.2));
#13996=CARTESIAN_POINT('',(-31.1744280120479,29.993374530393,1.1));
#13997=CARTESIAN_POINT('Origin',(-29.9744280120479,29.993374530393,1.2));
#13998=CARTESIAN_POINT('Origin',(-38.,2.22044604925031E-15,0.));
#13999=CARTESIAN_POINT('',(-8.90000000000009,24.3,-3.46944695195361E-17));
#14000=CARTESIAN_POINT('Origin',(-8.00000000000009,24.3,0.));
#14001=CARTESIAN_POINT('Origin',(-8.00000000000009,24.3,0.3));
#14002=CARTESIAN_POINT('',(-8.90000000000009,24.3,0.6));
#14003=CARTESIAN_POINT('Origin',(-8.00000000000009,24.3,0.6));
#14004=CARTESIAN_POINT('',(-8.90000000000009,24.3,0.3));
#14005=CARTESIAN_POINT('Origin',(-7.00000000000009,24.3,0.6));
#14006=CARTESIAN_POINT('',(-9.00000000000009,24.3,0.6));
#14007=CARTESIAN_POINT('Origin',(-8.00000000000009,24.3,0.6));
#14008=CARTESIAN_POINT('Origin',(-8.00000000000009,24.3,0.7));
#14009=CARTESIAN_POINT('',(-9.00000000000009,24.3,0.8));
#14010=CARTESIAN_POINT('Origin',(-8.00000000000009,24.3,0.8));
#14011=CARTESIAN_POINT('',(-9.00000000000009,24.3,0.7));
#14012=CARTESIAN_POINT('Origin',(-6.90000000000009,24.3,0.8));
#14013=CARTESIAN_POINT('',(-9.10000000000009,24.3,0.8));
#14014=CARTESIAN_POINT('Origin',(-8.00000000000009,24.3,0.8));
#14015=CARTESIAN_POINT('Origin',(-8.00000000000009,24.3,0.9));
#14016=CARTESIAN_POINT('',(-9.10000000000009,24.3,1.));
#14017=CARTESIAN_POINT('Origin',(-8.00000000000009,24.3,1.));
#14018=CARTESIAN_POINT('',(-9.10000000000009,24.3,0.9));
#14019=CARTESIAN_POINT('Origin',(-6.80000000000009,24.3,1.));
#14020=CARTESIAN_POINT('',(-9.20000000000008,24.3,1.));
#14021=CARTESIAN_POINT('Origin',(-8.00000000000009,24.3,1.));
#14022=CARTESIAN_POINT('Origin',(-8.00000000000009,24.3,1.1));
#14023=CARTESIAN_POINT('',(-9.20000000000008,24.3,1.2));
#14024=CARTESIAN_POINT('Origin',(-8.00000000000009,24.3,1.2));
#14025=CARTESIAN_POINT('',(-9.20000000000009,24.3,1.1));
#14026=CARTESIAN_POINT('Origin',(-8.00000000000009,24.3,1.2));
#14027=CARTESIAN_POINT('Origin',(-38.,2.22044604925031E-15,0.));
#14028=CARTESIAN_POINT('',(-68.24478508655,33.4760003831303,-3.46944695195361E-17));
#14029=CARTESIAN_POINT('Origin',(-67.34478508655,33.4760003831303,0.));
#14030=CARTESIAN_POINT('Origin',(-67.34478508655,33.4760003831303,0.3));
#14031=CARTESIAN_POINT('',(-68.24478508655,33.4760003831303,0.6));
#14032=CARTESIAN_POINT('Origin',(-67.34478508655,33.4760003831303,0.6));
#14033=CARTESIAN_POINT('',(-68.24478508655,33.4760003831303,0.3));
#14034=CARTESIAN_POINT('Origin',(-66.34478508655,33.4760003831303,0.6));
#14035=CARTESIAN_POINT('',(-68.34478508655,33.4760003831303,0.6));
#14036=CARTESIAN_POINT('Origin',(-67.34478508655,33.4760003831303,0.6));
#14037=CARTESIAN_POINT('Origin',(-67.34478508655,33.4760003831303,0.7));
#14038=CARTESIAN_POINT('',(-68.34478508655,33.4760003831303,0.8));
#14039=CARTESIAN_POINT('Origin',(-67.34478508655,33.4760003831303,0.8));
#14040=CARTESIAN_POINT('',(-68.34478508655,33.4760003831303,0.7));
#14041=CARTESIAN_POINT('Origin',(-66.24478508655,33.4760003831303,0.8));
#14042=CARTESIAN_POINT('',(-68.44478508655,33.4760003831303,0.8));
#14043=CARTESIAN_POINT('Origin',(-67.34478508655,33.4760003831303,0.8));
#14044=CARTESIAN_POINT('Origin',(-67.34478508655,33.4760003831303,0.9));
#14045=CARTESIAN_POINT('',(-68.44478508655,33.4760003831303,1.));
#14046=CARTESIAN_POINT('Origin',(-67.34478508655,33.4760003831303,1.));
#14047=CARTESIAN_POINT('',(-68.44478508655,33.4760003831303,0.9));
#14048=CARTESIAN_POINT('Origin',(-66.14478508655,33.4760003831303,1.));
#14049=CARTESIAN_POINT('',(-68.54478508655,33.4760003831303,1.));
#14050=CARTESIAN_POINT('Origin',(-67.34478508655,33.4760003831303,1.));
#14051=CARTESIAN_POINT('Origin',(-67.34478508655,33.4760003831303,1.1));
#14052=CARTESIAN_POINT('',(-68.54478508655,33.4760003831303,1.2));
#14053=CARTESIAN_POINT('Origin',(-67.34478508655,33.4760003831303,1.2));
#14054=CARTESIAN_POINT('',(-68.54478508655,33.4760003831303,1.1));
#14055=CARTESIAN_POINT('Origin',(-67.34478508655,33.4760003831303,1.2));
#14056=CARTESIAN_POINT('Origin',(-38.,-3.517,0.));
#14057=CARTESIAN_POINT('',(-68.24478508655,29.9590003831303,-3.46944695195361E-17));
#14058=CARTESIAN_POINT('Origin',(-67.34478508655,29.9590003831303,0.));
#14059=CARTESIAN_POINT('Origin',(-67.34478508655,29.9590003831303,0.3));
#14060=CARTESIAN_POINT('',(-68.24478508655,29.9590003831303,0.6));
#14061=CARTESIAN_POINT('Origin',(-67.34478508655,29.9590003831303,0.6));
#14062=CARTESIAN_POINT('',(-68.24478508655,29.9590003831303,0.3));
#14063=CARTESIAN_POINT('Origin',(-66.34478508655,29.9590003831303,0.6));
#14064=CARTESIAN_POINT('',(-68.34478508655,29.9590003831303,0.6));
#14065=CARTESIAN_POINT('Origin',(-67.34478508655,29.9590003831303,0.6));
#14066=CARTESIAN_POINT('Origin',(-67.34478508655,29.9590003831303,0.7));
#14067=CARTESIAN_POINT('',(-68.34478508655,29.9590003831303,0.8));
#14068=CARTESIAN_POINT('Origin',(-67.34478508655,29.9590003831303,0.8));
#14069=CARTESIAN_POINT('',(-68.34478508655,29.9590003831303,0.7));
#14070=CARTESIAN_POINT('Origin',(-66.24478508655,29.9590003831303,0.8));
#14071=CARTESIAN_POINT('',(-68.44478508655,29.9590003831303,0.8));
#14072=CARTESIAN_POINT('Origin',(-67.34478508655,29.9590003831303,0.8));
#14073=CARTESIAN_POINT('Origin',(-67.34478508655,29.9590003831303,0.9));
#14074=CARTESIAN_POINT('',(-68.44478508655,29.9590003831303,1.));
#14075=CARTESIAN_POINT('Origin',(-67.34478508655,29.9590003831303,1.));
#14076=CARTESIAN_POINT('',(-68.44478508655,29.9590003831303,0.9));
#14077=CARTESIAN_POINT('Origin',(-66.14478508655,29.9590003831303,1.));
#14078=CARTESIAN_POINT('',(-68.54478508655,29.9590003831303,1.));
#14079=CARTESIAN_POINT('Origin',(-67.34478508655,29.9590003831303,1.));
#14080=CARTESIAN_POINT('Origin',(-67.34478508655,29.9590003831303,1.1));
#14081=CARTESIAN_POINT('',(-68.54478508655,29.9590003831303,1.2));
#14082=CARTESIAN_POINT('Origin',(-67.34478508655,29.9590003831303,1.2));
#14083=CARTESIAN_POINT('',(-68.54478508655,29.9590003831303,1.1));
#14084=CARTESIAN_POINT('Origin',(-67.34478508655,29.9590003831303,1.2));
#14085=CARTESIAN_POINT('Origin',(-38.,-3.517,0.));
#14086=CARTESIAN_POINT('',(-30.8744280120479,26.476374530393,-3.46944695195361E-17));
#14087=CARTESIAN_POINT('Origin',(-29.9744280120479,26.476374530393,0.));
#14088=CARTESIAN_POINT('Origin',(-29.9744280120479,26.476374530393,0.3));
#14089=CARTESIAN_POINT('',(-30.8744280120479,26.476374530393,0.6));
#14090=CARTESIAN_POINT('Origin',(-29.9744280120479,26.476374530393,0.6));
#14091=CARTESIAN_POINT('',(-30.8744280120479,26.476374530393,0.3));
#14092=CARTESIAN_POINT('Origin',(-28.9744280120479,26.476374530393,0.6));
#14093=CARTESIAN_POINT('',(-30.9744280120479,26.476374530393,0.6));
#14094=CARTESIAN_POINT('Origin',(-29.9744280120479,26.476374530393,0.6));
#14095=CARTESIAN_POINT('Origin',(-29.9744280120479,26.476374530393,0.7));
#14096=CARTESIAN_POINT('',(-30.9744280120479,26.476374530393,0.8));
#14097=CARTESIAN_POINT('Origin',(-29.9744280120479,26.476374530393,0.8));
#14098=CARTESIAN_POINT('',(-30.9744280120479,26.476374530393,0.7));
#14099=CARTESIAN_POINT('Origin',(-28.8744280120479,26.476374530393,0.8));
#14100=CARTESIAN_POINT('',(-31.0744280120479,26.476374530393,0.8));
#14101=CARTESIAN_POINT('Origin',(-29.9744280120479,26.476374530393,0.8));
#14102=CARTESIAN_POINT('Origin',(-29.9744280120479,26.476374530393,0.9));
#14103=CARTESIAN_POINT('',(-31.0744280120479,26.476374530393,1.));
#14104=CARTESIAN_POINT('Origin',(-29.9744280120479,26.476374530393,1.));
#14105=CARTESIAN_POINT('',(-31.0744280120479,26.476374530393,0.9));
#14106=CARTESIAN_POINT('Origin',(-28.7744280120479,26.476374530393,1.));
#14107=CARTESIAN_POINT('',(-31.1744280120479,26.476374530393,1.));
#14108=CARTESIAN_POINT('Origin',(-29.9744280120479,26.476374530393,1.));
#14109=CARTESIAN_POINT('Origin',(-29.9744280120479,26.476374530393,1.1));
#14110=CARTESIAN_POINT('',(-31.1744280120479,26.476374530393,1.2));
#14111=CARTESIAN_POINT('Origin',(-29.9744280120479,26.476374530393,1.2));
#14112=CARTESIAN_POINT('',(-31.1744280120479,26.476374530393,1.1));
#14113=CARTESIAN_POINT('Origin',(-29.9744280120479,26.476374530393,1.2));
#14114=CARTESIAN_POINT('Origin',(-38.,-3.517,0.));
#14115=CARTESIAN_POINT('',(-8.90000000000009,20.783,-3.46944695195361E-17));
#14116=CARTESIAN_POINT('Origin',(-8.00000000000009,20.783,0.));
#14117=CARTESIAN_POINT('Origin',(-8.00000000000009,20.783,0.3));
#14118=CARTESIAN_POINT('',(-8.90000000000009,20.783,0.6));
#14119=CARTESIAN_POINT('Origin',(-8.00000000000009,20.783,0.6));
#14120=CARTESIAN_POINT('',(-8.90000000000009,20.783,0.3));
#14121=CARTESIAN_POINT('Origin',(-7.00000000000009,20.783,0.6));
#14122=CARTESIAN_POINT('',(-9.00000000000009,20.783,0.6));
#14123=CARTESIAN_POINT('Origin',(-8.00000000000009,20.783,0.6));
#14124=CARTESIAN_POINT('Origin',(-8.00000000000009,20.783,0.7));
#14125=CARTESIAN_POINT('',(-9.00000000000009,20.783,0.8));
#14126=CARTESIAN_POINT('Origin',(-8.00000000000009,20.783,0.8));
#14127=CARTESIAN_POINT('',(-9.00000000000009,20.783,0.7));
#14128=CARTESIAN_POINT('Origin',(-6.90000000000009,20.783,0.8));
#14129=CARTESIAN_POINT('',(-9.10000000000009,20.783,0.8));
#14130=CARTESIAN_POINT('Origin',(-8.00000000000009,20.783,0.8));
#14131=CARTESIAN_POINT('Origin',(-8.00000000000009,20.783,0.9));
#14132=CARTESIAN_POINT('',(-9.10000000000009,20.783,1.));
#14133=CARTESIAN_POINT('Origin',(-8.00000000000009,20.783,1.));
#14134=CARTESIAN_POINT('',(-9.10000000000009,20.783,0.9));
#14135=CARTESIAN_POINT('Origin',(-6.80000000000009,20.783,1.));
#14136=CARTESIAN_POINT('',(-9.20000000000008,20.783,1.));
#14137=CARTESIAN_POINT('Origin',(-8.00000000000009,20.783,1.));
#14138=CARTESIAN_POINT('Origin',(-8.00000000000009,20.783,1.1));
#14139=CARTESIAN_POINT('',(-9.20000000000008,20.783,1.2));
#14140=CARTESIAN_POINT('Origin',(-8.00000000000009,20.783,1.2));
#14141=CARTESIAN_POINT('',(-9.20000000000009,20.783,1.1));
#14142=CARTESIAN_POINT('Origin',(-8.00000000000009,20.783,1.2));
#14143=CARTESIAN_POINT('',(-9.67713773999904,-0.83447147008564,2.73136472406297));
#14144=CARTESIAN_POINT('Origin',(-43.0455133143695,-5.03034220957976,-0.6));
#14145=CARTESIAN_POINT('',(-47.1679497056622,2.05470019622523,-1.));
#14146=CARTESIAN_POINT('',(-48.,1.5,-0.199999999461486));
#14147=CARTESIAN_POINT('',(-47.1679497056622,2.05470019622523,-1.));
#14148=CARTESIAN_POINT('',(-50.,4.50000000000001,-0.19999999946148));
#14149=CARTESIAN_POINT('',(-43.4615384615384,-5.30769230769238,-0.2));
#14150=CARTESIAN_POINT('',(-49.1679497056622,5.05470019622524,-1.));
#14151=CARTESIAN_POINT('',(-50.,4.50000000000001,-0.2));
#14152=CARTESIAN_POINT('',(-42.6294881672006,-4.75299211146714,-1.));
#14153=CARTESIAN_POINT('Ctrl Pts',(-52.0012669583258,4.49760842317558,-0.199784544457381));
#14154=CARTESIAN_POINT('Ctrl Pts',(-51.8254791134281,4.76261773233745,-0.199784544457381));
#14155=CARTESIAN_POINT('Ctrl Pts',(-51.5433549396878,4.95174893187279,-0.199784544457381));
#14156=CARTESIAN_POINT('Ctrl Pts',(-50.9997890443942,5.05772591495278,-0.199784544457381));
#14157=CARTESIAN_POINT('Ctrl Pts',(-50.5107938581302,5.00822517175996,-0.199784544457381));
#14158=CARTESIAN_POINT('Ctrl Pts',(-50.1297687911942,4.69514943381194,-0.199784544457381));
#14159=CARTESIAN_POINT('Ctrl Pts',(-49.9987330754008,4.49760848481212,-0.199784544457381));
#14160=CARTESIAN_POINT('Ctrl Pts',(-52.2791017209137,4.68193421104776,-0.466523029638254));
#14161=CARTESIAN_POINT('Ctrl Pts',(-52.0549841471463,5.02070547109016,-0.466523029638254));
#14162=CARTESIAN_POINT('Ctrl Pts',(-51.6939401418451,5.2621069752599,-0.466523029638254));
#14163=CARTESIAN_POINT('Ctrl Pts',(-50.9998359833509,5.39756326898088,-0.466523029638255));
#14164=CARTESIAN_POINT('Ctrl Pts',(-50.3750764703461,5.33429980527286,-0.466523029638255));
#14165=CARTESIAN_POINT('Ctrl Pts',(-49.8881467507567,4.93437928637155,-0.466523029638254));
#14166=CARTESIAN_POINT('Ctrl Pts',(-49.7208961919462,4.68193519091313,-0.466523029638255));
#14167=CARTESIAN_POINT('Ctrl Pts',(-52.5569478029364,4.86626568556381,-0.733261514819127));
#14168=CARTESIAN_POINT('Ctrl Pts',(-52.2831545634872,5.27812363532592,-0.733261514819127));
#14169=CARTESIAN_POINT('Ctrl Pts',(-51.8450909100256,5.5724282108011,-0.733261514819127));
#14170=CARTESIAN_POINT('Ctrl Pts',(-50.9995668192731,5.73714780353089,-0.733261514819127));
#14171=CARTESIAN_POINT('Ctrl Pts',(-50.2392663439373,5.66020226315536,-0.733261514819127));
#14172=CARTESIAN_POINT('Ctrl Pts',(-49.6469569081706,5.17334807927746,-0.733261514819127));
#14173=CARTESIAN_POINT('Ctrl Pts',(-49.4430543731463,4.86626488306782,-0.733261514819127));
#14174=CARTESIAN_POINT('Ctrl Pts',(-52.834782571618,5.05059147649738,-1.));
#14175=CARTESIAN_POINT('Ctrl Pts',(-52.5126588787158,5.53621101361394,-1.));
#14176=CARTESIAN_POINT('Ctrl Pts',(-51.9956764166547,5.88278623437274,-1.));
#14177=CARTESIAN_POINT('Ctrl Pts',(-50.999613588056,6.07698502145392,-1.));
#14178=CARTESIAN_POINT('Ctrl Pts',(-50.1035489062275,5.9862768039777,-1.));
#14179=CARTESIAN_POINT('Ctrl Pts',(-49.4053351004063,5.4125777912959,-1.));
#14180=CARTESIAN_POINT('Ctrl Pts',(-49.1652174870348,5.05059159077637,-1.));
#14181=CARTESIAN_POINT('',(-52.,4.50000000000001,-0.19999999946148));
#14182=CARTESIAN_POINT('Ctrl Pts',(-50.,4.50000000000001,-0.19999999784592));
#14183=CARTESIAN_POINT('Ctrl Pts',(-50.0166276867576,4.52494153013639,-0.19999999784592));
#14184=CARTESIAN_POINT('Ctrl Pts',(-50.0343133764173,4.54937156169905,-0.19999999784592));
#14185=CARTESIAN_POINT('Ctrl Pts',(-50.052908110586,4.57314095155895,-0.19999999784592));
#14186=CARTESIAN_POINT('Ctrl Pts',(-50.0724466429796,4.59811678555279,-0.19999999784592));
#14187=CARTESIAN_POINT('Ctrl Pts',(-50.0929888264799,4.6223637506263,-0.19999999784592));
#14188=CARTESIAN_POINT('Ctrl Pts',(-50.1143994504006,4.6457559537861,-0.19999999784592));
#14189=CARTESIAN_POINT('Ctrl Pts',(-50.1369795268373,4.67042584371209,-0.19999999784592));
#14190=CARTESIAN_POINT('Ctrl Pts',(-50.1605254722256,4.69414569537465,-0.19999999784592));
#14191=CARTESIAN_POINT('Ctrl Pts',(-50.1849198829844,4.71680957546705,-0.19999999784592));
#14192=CARTESIAN_POINT('Ctrl Pts',(-50.2114076749739,4.74141833308354,-0.19999999784592));
#14193=CARTESIAN_POINT('Ctrl Pts',(-50.2388955452597,4.76478285497859,-0.19999999784592));
#14194=CARTESIAN_POINT('Ctrl Pts',(-50.2672830856547,4.78680444639807,-0.19999999784592));
#14195=CARTESIAN_POINT('Ctrl Pts',(-50.2969351243583,4.80980697046317,-0.19999999784592));
#14196=CARTESIAN_POINT('Ctrl Pts',(-50.327568833698,4.83134547599996,-0.19999999784592));
#14197=CARTESIAN_POINT('Ctrl Pts',(-50.3591230972732,4.8513301103455,-0.19999999784592));
#14198=CARTESIAN_POINT('Ctrl Pts',(-50.3917745825908,4.87200966109318,-0.19999999784592));
#14199=CARTESIAN_POINT('Ctrl Pts',(-50.4254118932715,4.89102681292438,-0.19999999784592));
#14200=CARTESIAN_POINT('Ctrl Pts',(-50.4600214427877,4.90828506539204,-0.19999999784592));
#14201=CARTESIAN_POINT('Ctrl Pts',(-50.4654623549785,4.9109982077922,-0.19999999784592));
#14202=CARTESIAN_POINT('Ctrl Pts',(-50.4709273983844,4.91366786056949,-0.19999999784592));
#14203=CARTESIAN_POINT('Ctrl Pts',(-50.4764166331661,4.91629361972438,-0.19999999784592));
#14204=CARTESIAN_POINT('Ctrl Pts',(-50.4962586323383,4.92578498109806,-0.19999999784592));
#14205=CARTESIAN_POINT('Ctrl Pts',(-50.5164161279338,4.93470317884557,-0.19999999784592));
#14206=CARTESIAN_POINT('Ctrl Pts',(-50.5368498409638,4.94305776236481,-0.19999999784592));
#14207=CARTESIAN_POINT('Ctrl Pts',(-50.5491566045555,4.94808953921943,-0.19999999784592));
#14208=CARTESIAN_POINT('Ctrl Pts',(-50.5615548805583,4.95291312195471,-0.19999999784592));
#14209=CARTESIAN_POINT('Ctrl Pts',(-50.5740322979803,4.95752914792882,-0.19999999784592));
#14210=CARTESIAN_POINT('Ctrl Pts',(-50.6107227943848,4.9711028129492,-0.19999999784592));
#14211=CARTESIAN_POINT('Ctrl Pts',(-50.6481004872528,4.98288639667113,-0.19999999784592));
#14212=CARTESIAN_POINT('Ctrl Pts',(-50.685942033943,4.99290148131249,-0.19999999784592));
#14213=CARTESIAN_POINT('Ctrl Pts',(-50.7263207800842,5.00358805719762,-0.19999999784592));
#14214=CARTESIAN_POINT('Ctrl Pts',(-50.7672284835167,5.01226174116342,-0.19999999784592));
#14215=CARTESIAN_POINT('Ctrl Pts',(-50.8084414621638,5.01891136110834,-0.19999999784592));
#14216=CARTESIAN_POINT('Ctrl Pts',(-50.8500862759054,5.02563065665916,-0.19999999784592));
#14217=CARTESIAN_POINT('Ctrl Pts',(-50.8920441372145,5.03028370508546,-0.19999999784592));
#14218=CARTESIAN_POINT('Ctrl Pts',(-50.9341139844614,5.03281352097465,-0.19999999784592));
#14219=CARTESIAN_POINT('Ctrl Pts',(-50.9755294680012,5.03530398754808,-0.19999999784592));
#14220=CARTESIAN_POINT('Ctrl Pts',(-51.0170547915041,5.03573702900425,-0.19999999784592));
#14221=CARTESIAN_POINT('Ctrl Pts',(-51.0585069233881,5.0340093658259,-0.19999999784592));
#14222=CARTESIAN_POINT('Ctrl Pts',(-51.0999590552722,5.03228170264754,-0.19999999784592));
#14223=CARTESIAN_POINT('Ctrl Pts',(-51.1413392565262,5.02839377830794,-0.19999999784592));
#14224=CARTESIAN_POINT('Ctrl Pts',(-51.1824542942032,5.02218752069931,-0.19999999784592));
#14225=CARTESIAN_POINT('Ctrl Pts',(-51.1987458466613,5.01972833357187,-0.19999999784592));
#14226=CARTESIAN_POINT('Ctrl Pts',(-51.214995549725,5.01690445724897,-0.19999999784592));
#14227=CARTESIAN_POINT('Ctrl Pts',(-51.2311904152057,5.01372611266725,-0.19999999784592));
#14228=CARTESIAN_POINT('Ctrl Pts',(-51.2407554648352,5.01184891129746,-0.19999999784592));
#14229=CARTESIAN_POINT('Ctrl Pts',(-51.2502920009329,5.00984987956133,-0.19999999784592));
#14230=CARTESIAN_POINT('Ctrl Pts',(-51.2597971831511,5.00773172834784,-0.19999999784592));
#14231=CARTESIAN_POINT('Ctrl Pts',(-51.297099330418,4.99941925345936,-0.19999999784592));
#14232=CARTESIAN_POINT('Ctrl Pts',(-51.3339257753313,4.98927452702086,-0.19999999784592));
#14233=CARTESIAN_POINT('Ctrl Pts',(-51.3701439012398,4.97742251762465,-0.19999999784592));
#14234=CARTESIAN_POINT('Ctrl Pts',(-51.4049104080183,4.96604553566672,-0.19999999784592));
#14235=CARTESIAN_POINT('Ctrl Pts',(-51.4391172565101,4.95309436945249,-0.19999999784592));
#14236=CARTESIAN_POINT('Ctrl Pts',(-51.4726108109535,4.93865037087206,-0.19999999784592));
#14237=CARTESIAN_POINT('Ctrl Pts',(-51.4897871754583,4.93124311330722,-0.19999999784592));
#14238=CARTESIAN_POINT('Ctrl Pts',(-51.5067752755523,4.92344286582563,-0.19999999784592));
#14239=CARTESIAN_POINT('Ctrl Pts',(-51.5235492993681,4.91525870589532,-0.19999999784592));
#14240=CARTESIAN_POINT('Ctrl Pts',(-51.5586867183628,4.89811492097233,-0.19999999784592));
#14241=CARTESIAN_POINT('Ctrl Pts',(-51.5928874906762,4.87928693175378,-0.19999999784592));
#14242=CARTESIAN_POINT('Ctrl Pts',(-51.6261266031329,4.85883817493951,-0.19999999784592));
#14243=CARTESIAN_POINT('Ctrl Pts',(-51.658258506128,4.83907057521249,-0.19999999784592));
#14244=CARTESIAN_POINT('Ctrl Pts',(-51.6894918879473,4.81778727954149,-0.19999999784592));
#14245=CARTESIAN_POINT('Ctrl Pts',(-51.7197560577903,4.7950474047675,-0.19999999784592));
#14246=CARTESIAN_POINT('Ctrl Pts',(-51.7477497247876,4.77401353913405,-0.19999999784592));
#14247=CARTESIAN_POINT('Ctrl Pts',(-51.7749139591152,4.75173270328285,-0.19999999784592));
#14248=CARTESIAN_POINT('Ctrl Pts',(-51.8011519158397,4.72826591781707,-0.19999999784592));
#14249=CARTESIAN_POINT('Ctrl Pts',(-51.8262289392364,4.70583745151735,-0.19999999784592));
#14250=CARTESIAN_POINT('Ctrl Pts',(-51.8504598700529,4.68232500423252,-0.19999999784592));
#14251=CARTESIAN_POINT('Ctrl Pts',(-51.8737220839164,4.65780522743392,-0.19999999784592));
#14252=CARTESIAN_POINT('Ctrl Pts',(-51.8969200083261,4.63335321559821,-0.19999999784592));
#14253=CARTESIAN_POINT('Ctrl Pts',(-51.9191548921585,4.60789853281027,-0.19999999784592));
#14254=CARTESIAN_POINT('Ctrl Pts',(-51.9402633574457,4.58155264918557,-0.19999999784592));
#14255=CARTESIAN_POINT('Ctrl Pts',(-51.9593824122244,4.55768978727862,-0.19999999784592));
#14256=CARTESIAN_POINT('Ctrl Pts',(-51.9775770711622,4.53309563968133,-0.19999999784592));
#14257=CARTESIAN_POINT('Ctrl Pts',(-51.9946925487382,4.50788838223248,-0.19999999784592));
#14258=CARTESIAN_POINT('Ctrl Pts',(-51.9964734794034,4.50526547103538,-0.19999999784592));
#14259=CARTESIAN_POINT('Ctrl Pts',(-51.9982426951328,4.50263595730075,-0.19999999784592));
#14260=CARTESIAN_POINT('Ctrl Pts',(-52.,4.50000000000001,-0.19999999784592));
#14261=CARTESIAN_POINT('',(-52.8320502943378,5.05470019622524,-1.));
#14262=CARTESIAN_POINT('',(-52.,4.50000000000001,-0.2));
#14263=CARTESIAN_POINT('Ctrl Pts',(-52.8320502943378,5.05470019622524,-1.));
#14264=CARTESIAN_POINT('Ctrl Pts',(-52.5097400339512,5.53816558680525,-1.));
#14265=CARTESIAN_POINT('Ctrl Pts',(-51.9940630911838,5.88310077863704,-1.));
#14266=CARTESIAN_POINT('Ctrl Pts',(-50.999613588056,6.07698502145392,-1.));
#14267=CARTESIAN_POINT('Ctrl Pts',(-50.1052485298445,5.98644885609828,-1.));
#14268=CARTESIAN_POINT('Ctrl Pts',(-49.4079845064427,5.41475239739609,-1.));
#14269=CARTESIAN_POINT('Ctrl Pts',(-49.1679497056622,5.05470019622524,-1.));
#14270=CARTESIAN_POINT('Ctrl Pts',(-48.0016588767107,1.50201744801545,-0.199792079700283));
#14271=CARTESIAN_POINT('Ctrl Pts',(-47.6056522534702,0.909283579178269,
-0.199792079700283));
#14272=CARTESIAN_POINT('Ctrl Pts',(-47.4574223279696,0.162883774628668,
-0.199792079700283));
#14273=CARTESIAN_POINT('Ctrl Pts',(-47.6698171466927,-0.880839887677181,
-0.199792079700283));
#14274=CARTESIAN_POINT('Ctrl Pts',(-47.8059875555743,-1.20912344872463,
-0.199792079700283));
#14275=CARTESIAN_POINT('Ctrl Pts',(-48.001658859012,-1.50201748581678,-0.199792079700283));
#14276=CARTESIAN_POINT('Ctrl Pts',(-47.724415488944,1.68723097268672,-0.466528053133522));
#14277=CARTESIAN_POINT('Ctrl Pts',(-47.2793290322919,1.02172212177565,-0.466528053133521));
#14278=CARTESIAN_POINT('Ctrl Pts',(-47.1129357495754,0.182817921508962,
-0.466528053133523));
#14279=CARTESIAN_POINT('Ctrl Pts',(-47.3517005896356,-0.989391412762778,
-0.466528053133523));
#14280=CARTESIAN_POINT('Ctrl Pts',(-47.5045501147323,-1.35826127949804,
-0.466528053133523));
#14281=CARTESIAN_POINT('Ctrl Pts',(-47.7244150449021,-1.68723186614105,
-0.466528053133523));
#14282=CARTESIAN_POINT('Ctrl Pts',(-47.4471693957481,1.87244793339811,-0.733264026566761));
#14283=CARTESIAN_POINT('Ctrl Pts',(-46.9537465134786,1.13321876925535,-0.733264026566762));
#14284=CARTESIAN_POINT('Ctrl Pts',(-46.7688452842262,0.203205118495637,
-0.733264026566761));
#14285=CARTESIAN_POINT('Ctrl Pts',(-47.0334421494974,-1.098138873215,-0.733264026566762));
#14286=CARTESIAN_POINT('Ctrl Pts',(-47.2033069118962,-1.50727893285718,
-0.733264026566762));
#14287=CARTESIAN_POINT('Ctrl Pts',(-47.4471697967322,-1.87244713176349,
-0.733264026566761));
#14288=CARTESIAN_POINT('Ctrl Pts',(-47.1699260065758,2.0576614598545,-1.));
#14289=CARTESIAN_POINT('Ctrl Pts',(-46.6274236771179,1.2456568225093,-1.));
#14290=CARTESIAN_POINT('Ctrl Pts',(-46.424358911625,0.223139500749368,-1.));
#14291=CARTESIAN_POINT('Ctrl Pts',(-46.7153255187276,-1.20669050009503,
-1.));
#14292=CARTESIAN_POINT('Ctrl Pts',(-46.9018695719667,-1.65641670119473,
-1.));
#14293=CARTESIAN_POINT('Ctrl Pts',(-47.1699259818772,-2.05766151254769,
-1.));
#14294=CARTESIAN_POINT('',(-47.1679497056622,-2.05470019622522,-1.));
#14295=CARTESIAN_POINT('',(-48.,-1.5,-0.199999999461485));
#14296=CARTESIAN_POINT('',(-47.1679497056622,-2.05470019622522,-1.));
#14297=CARTESIAN_POINT('Ctrl Pts',(-48.,-1.5,-0.19999999784592));
#14298=CARTESIAN_POINT('Ctrl Pts',(-47.9643774973251,-1.44656624598764,
-0.19999999784592));
#14299=CARTESIAN_POINT('Ctrl Pts',(-47.9307285360231,-1.39188042106128,
-0.19999999784592));
#14300=CARTESIAN_POINT('Ctrl Pts',(-47.899091353883,-1.33613669228787,-0.19999999784592));
#14301=CARTESIAN_POINT('Ctrl Pts',(-47.8656286487402,-1.27717644888698,
-0.19999999784592));
#14302=CARTESIAN_POINT('Ctrl Pts',(-47.8344159380698,-1.21703250351233,
-0.19999999784592));
#14303=CARTESIAN_POINT('Ctrl Pts',(-47.8055016912926,-1.15587596653371,
-0.19999999784592));
#14304=CARTESIAN_POINT('Ctrl Pts',(-47.7758140327589,-1.09308358598422,
-0.19999999784592));
#14305=CARTESIAN_POINT('Ctrl Pts',(-47.7485487043889,-1.02922318885102,
-0.19999999784592));
#14306=CARTESIAN_POINT('Ctrl Pts',(-47.7237723139907,-0.964425926142485,
-0.19999999784592));
#14307=CARTESIAN_POINT('Ctrl Pts',(-47.6984809094413,-0.898281755885483,
-0.199999997845919));
#14308=CARTESIAN_POINT('Ctrl Pts',(-47.6757821875362,-0.831160759705065,
-0.199999997845919));
#14309=CARTESIAN_POINT('Ctrl Pts',(-47.65577338613,-0.763155681504867,-0.199999997845919));
#14310=CARTESIAN_POINT('Ctrl Pts',(-47.6486864166578,-0.739068785774771,
-0.199999997845919));
#14311=CARTESIAN_POINT('Ctrl Pts',(-47.6419371997144,-0.714870603098023,
-0.199999997845919));
#14312=CARTESIAN_POINT('Ctrl Pts',(-47.6355311206843,-0.690564108701518,
-0.199999997845919));
#14313=CARTESIAN_POINT('Ctrl Pts',(-47.624761961589,-0.649702841774781,
-0.199999997845919));
#14314=CARTESIAN_POINT('Ctrl Pts',(-47.6149621512602,-0.6085357292596,-0.199999997845919));
#14315=CARTESIAN_POINT('Ctrl Pts',(-47.6061272003274,-0.567107814323752,
-0.199999997845919));
#14316=CARTESIAN_POINT('Ctrl Pts',(-47.6015211928445,-0.545509812518401,
-0.199999997845919));
#14317=CARTESIAN_POINT('Ctrl Pts',(-47.5971767634068,-0.523836047079412,
-0.199999997845919));
#14318=CARTESIAN_POINT('Ctrl Pts',(-47.5930992436142,-0.502122750219634,
-0.199999997845919));
#14319=CARTESIAN_POINT('Ctrl Pts',(-47.5793364098685,-0.428833959495924,
-0.199999997845919));
#14320=CARTESIAN_POINT('Ctrl Pts',(-47.5685975691949,-0.355040558394179,
-0.199999997845919));
#14321=CARTESIAN_POINT('Ctrl Pts',(-47.5608690859499,-0.281016186767461,
-0.199999997845919));
#14322=CARTESIAN_POINT('Ctrl Pts',(-47.5530307399445,-0.205939535988613,
-0.199999997845919));
#14323=CARTESIAN_POINT('Ctrl Pts',(-47.5482886549578,-0.130624185849493,
-0.199999997845919));
#14324=CARTESIAN_POINT('Ctrl Pts',(-47.5466770332227,-0.0553322750296028,
-0.199999997845919));
#14325=CARTESIAN_POINT('Ctrl Pts',(-47.5450802418568,0.0192667890730612,
-0.199999997845919));
#14326=CARTESIAN_POINT('Ctrl Pts',(-47.5465564369931,0.0938439786523028,
-0.199999997845919));
#14327=CARTESIAN_POINT('Ctrl Pts',(-47.5511889362903,0.168150104865382,
-0.199999997845919));
#14328=CARTESIAN_POINT('Ctrl Pts',(-47.5525418044175,0.189850354203447,
-0.199999997845919));
#14329=CARTESIAN_POINT('Ctrl Pts',(-47.5541641977609,0.211527462935845,
-0.199999997845919));
#14330=CARTESIAN_POINT('Ctrl Pts',(-47.5560590340087,0.23317510558324,-0.199999997845919));
#14331=CARTESIAN_POINT('Ctrl Pts',(-47.5626915937077,0.308949084664431,
-0.199999997845919));
#14332=CARTESIAN_POINT('Ctrl Pts',(-47.5726585333706,0.38436361107165,-0.199999997845919));
#14333=CARTESIAN_POINT('Ctrl Pts',(-47.5858036705461,0.459259078604085,
-0.199999997845919));
#14334=CARTESIAN_POINT('Ctrl Pts',(-47.5988929321272,0.533836190480023,
-0.199999997845919));
#14335=CARTESIAN_POINT('Ctrl Pts',(-47.6151340627384,0.607899544705456,
-0.199999997845919));
#14336=CARTESIAN_POINT('Ctrl Pts',(-47.6344156852993,0.681263566174357,
-0.19999999784592));
#14337=CARTESIAN_POINT('Ctrl Pts',(-47.6534094417506,0.753532295202081,
-0.19999999784592));
#14338=CARTESIAN_POINT('Ctrl Pts',(-47.6753542328815,0.825123241385144,
-0.19999999784592));
#14339=CARTESIAN_POINT('Ctrl Pts',(-47.700175643663,0.89581915561246,-0.19999999784592));
#14340=CARTESIAN_POINT('Ctrl Pts',(-47.7234531649137,0.962117790297179,
-0.19999999784592));
#14341=CARTESIAN_POINT('Ctrl Pts',(-47.7492612534015,1.02762958776103,-0.19999999784592));
#14342=CARTESIAN_POINT('Ctrl Pts',(-47.7775572548255,1.09213260956665,-0.19999999784592));
#14343=CARTESIAN_POINT('Ctrl Pts',(-47.8048715499119,1.15439775244531,-0.19999999784592));
#14344=CARTESIAN_POINT('Ctrl Pts',(-47.8345045765051,1.21572332082374,-0.19999999784592));
#14345=CARTESIAN_POINT('Ctrl Pts',(-47.8664282023064,1.2758630612683,-0.19999999784592));
#14346=CARTESIAN_POINT('Ctrl Pts',(-47.8967978404123,1.33307530164648,-0.19999999784592));
#14347=CARTESIAN_POINT('Ctrl Pts',(-47.9292408723641,1.38921456674758,-0.19999999784592));
#14348=CARTESIAN_POINT('Ctrl Pts',(-47.9637366346684,1.4440216294543,-0.19999999784592));
#14349=CARTESIAN_POINT('Ctrl Pts',(-47.9755826282735,1.46284261124948,-0.19999999784592));
#14350=CARTESIAN_POINT('Ctrl Pts',(-47.9876707006455,1.48150605096828,-0.19999999784592));
#14351=CARTESIAN_POINT('Ctrl Pts',(-48.,1.5,-0.19999999784592));
#14352=CARTESIAN_POINT('Ctrl Pts',(-47.1679497056622,2.05470019622522,-1.));
#14353=CARTESIAN_POINT('Ctrl Pts',(-46.6269307214249,1.24317171986937,-1.));
#14354=CARTESIAN_POINT('Ctrl Pts',(-46.4245955674798,0.221976557535859,
-1.));
#14355=CARTESIAN_POINT('Ctrl Pts',(-46.7150888628728,-1.20552755688152,
-1.));
#14356=CARTESIAN_POINT('Ctrl Pts',(-46.9009525538909,-1.65420446856836,
-1.));
#14357=CARTESIAN_POINT('Ctrl Pts',(-47.1679497056622,-2.05470019622522,
-1.));
#14358=CARTESIAN_POINT('Origin',(-56.9544866856305,-2.03034220957975,-0.6));
#14359=CARTESIAN_POINT('',(-54.,1.5,-0.19999999946148));
#14360=CARTESIAN_POINT('',(-56.5384615384616,-2.30769230769237,-0.2));
#14361=CARTESIAN_POINT('',(-54.8320502943378,2.05470019622523,-1.));
#14362=CARTESIAN_POINT('',(-54.,1.5,-0.2));
#14363=CARTESIAN_POINT('',(-57.3705118327994,-1.75299211146714,-1.));
#14364=CARTESIAN_POINT('Origin',(-51.3532056220619,-7.43119625195884,-0.6));
#14365=CARTESIAN_POINT('',(-49.1679497056622,-5.05470019622524,-1.));
#14366=CARTESIAN_POINT('',(-50.937180474893,-7.70854635007145,-1.));
#14367=CARTESIAN_POINT('',(-50.,-4.50000000000001,-0.199999999461485));
#14368=CARTESIAN_POINT('',(-49.1679497056622,-5.05470019622524,-1.));
#14369=CARTESIAN_POINT('',(-51.7692307692308,-7.15384615384622,-0.2));
#14370=CARTESIAN_POINT('Ctrl Pts',(-53.9994915930813,-1.50061873958563,
-0.199936251372724));
#14371=CARTESIAN_POINT('Ctrl Pts',(-54.2525513410766,-1.12127542750813,
-0.199936251372724));
#14372=CARTESIAN_POINT('Ctrl Pts',(-54.6133931205965,-0.0872661598722446,
-0.199936251372724));
#14373=CARTESIAN_POINT('Ctrl Pts',(-54.3368593617042,0.994900579409202,
-0.199936251372724));
#14374=CARTESIAN_POINT('Ctrl Pts',(-53.9994915905209,1.50061874006451,-0.199936251372724));
#14375=CARTESIAN_POINT('Ctrl Pts',(-54.2768092893579,-1.68561526641473,
-0.466624167581816));
#14376=CARTESIAN_POINT('Ctrl Pts',(-54.5610662850114,-1.25950644797718,
-0.466624167581816));
#14377=CARTESIAN_POINT('Ctrl Pts',(-54.9663926988926,-0.0980243465189942,
-0.466624167581815));
#14378=CARTESIAN_POINT('Ctrl Pts',(-54.6557678123894,1.11755208766769,-0.466624167581816));
#14379=CARTESIAN_POINT('Ctrl Pts',(-54.2768092864819,1.68561526695265,-0.466624167581816));
#14380=CARTESIAN_POINT('Ctrl Pts',(-54.5541269856344,-1.87061179324384,
-0.733312083790908));
#14381=CARTESIAN_POINT('Ctrl Pts',(-54.8695812289461,-1.39773746844623,
-0.733312083790908));
#14382=CARTESIAN_POINT('Ctrl Pts',(-55.3193922771885,-0.108782533165743,
-0.733312083790908));
#14383=CARTESIAN_POINT('Ctrl Pts',(-54.9746762630747,1.24020359592617,-0.733312083790908));
#14384=CARTESIAN_POINT('Ctrl Pts',(-54.5541269824427,1.8706117938408,-0.733312083790908));
#14385=CARTESIAN_POINT('Ctrl Pts',(-54.8314446819109,-2.05560832007294,
-1.));
#14386=CARTESIAN_POINT('Ctrl Pts',(-55.1780961728809,-1.53596848891528,
-1.));
#14387=CARTESIAN_POINT('Ctrl Pts',(-55.6723918554844,-0.119540719812492,
-1.));
#14388=CARTESIAN_POINT('Ctrl Pts',(-55.29358471376,1.36285510418465,-1.));
#14389=CARTESIAN_POINT('Ctrl Pts',(-54.8314446784036,2.05560832072893,-1.));
#14390=CARTESIAN_POINT('',(-54.,-1.5,-0.19999999946148));
#14391=CARTESIAN_POINT('Ctrl Pts',(-54.,1.5,-0.19999999784592));
#14392=CARTESIAN_POINT('Ctrl Pts',(-54.037159345884,1.44426098117401,-0.19999999784592));
#14393=CARTESIAN_POINT('Ctrl Pts',(-54.0722070191809,1.38710452434174,-0.19999999784592));
#14394=CARTESIAN_POINT('Ctrl Pts',(-54.105072984341,1.32877209439989,-0.19999999784592));
#14395=CARTESIAN_POINT('Ctrl Pts',(-54.1399333226629,1.26689993476586,-0.19999999784592));
#14396=CARTESIAN_POINT('Ctrl Pts',(-54.1723396976561,1.20370463066273,-0.19999999784592));
#14397=CARTESIAN_POINT('Ctrl Pts',(-54.2022126305175,1.13941556461684,-0.19999999784592));
#14398=CARTESIAN_POINT('Ctrl Pts',(-54.2330767625153,1.07299335459584,-0.19999999784592));
#14399=CARTESIAN_POINT('Ctrl Pts',(-54.2612372384548,1.00540315165554,-0.19999999784592));
#14400=CARTESIAN_POINT('Ctrl Pts',(-54.2866007387916,0.936841829378477,
-0.19999999784592));
#14401=CARTESIAN_POINT('Ctrl Pts',(-54.3128651565074,0.86584519312864,-0.19999999784592));
#14402=CARTESIAN_POINT('Ctrl Pts',(-54.3361312074901,0.793806726877569,
-0.19999999784592));
#14403=CARTESIAN_POINT('Ctrl Pts',(-54.3562773453088,0.72089315051451,-0.19999999784592));
#14404=CARTESIAN_POINT('Ctrl Pts',(-54.3590652804457,0.710802962344041,
-0.19999999784592));
#14405=CARTESIAN_POINT('Ctrl Pts',(-54.3617934285101,0.700695943832559,
-0.19999999784592));
#14406=CARTESIAN_POINT('Ctrl Pts',(-54.3644614273164,0.690572470581206,
-0.19999999784592));
#14407=CARTESIAN_POINT('Ctrl Pts',(-54.3828095762266,0.620952126574182,
-0.19999999784592));
#14408=CARTESIAN_POINT('Ctrl Pts',(-54.3983160824464,0.550556645342522,
-0.19999999784592));
#14409=CARTESIAN_POINT('Ctrl Pts',(-54.4110141628132,0.479656596824272,
-0.19999999784592));
#14410=CARTESIAN_POINT('Ctrl Pts',(-54.4242498853986,0.40575460956522,-0.19999999784592));
#14411=CARTESIAN_POINT('Ctrl Pts',(-54.4344347901342,0.331303525158116,
-0.19999999784592));
#14412=CARTESIAN_POINT('Ctrl Pts',(-54.4415614122492,0.256576571963198,
-0.19999999784592));
#14413=CARTESIAN_POINT('Ctrl Pts',(-54.4487330537062,0.181377563676405,
-0.19999999784592));
#14414=CARTESIAN_POINT('Ctrl Pts',(-54.4528079015685,0.105898035118457,
-0.19999999784592));
#14415=CARTESIAN_POINT('Ctrl Pts',(-54.4537285735213,0.0303995298439708,
-0.19999999784592));
#14416=CARTESIAN_POINT('Ctrl Pts',(-54.4542765221938,-0.0145342879097479,
-0.19999999784592));
#14417=CARTESIAN_POINT('Ctrl Pts',(-54.4537062426084,-0.0594750661026145,
-0.19999999784592));
#14418=CARTESIAN_POINT('Ctrl Pts',(-54.4519967707663,-0.104367919142213,
-0.19999999784592));
#14419=CARTESIAN_POINT('Ctrl Pts',(-54.4507777749223,-0.136380263503032,
-0.19999999784592));
#14420=CARTESIAN_POINT('Ctrl Pts',(-54.4489793757057,-0.16836823992327,
-0.19999999784592));
#14421=CARTESIAN_POINT('Ctrl Pts',(-54.4465918233406,-0.200311550678677,
-0.19999999784592));
#14422=CARTESIAN_POINT('Ctrl Pts',(-54.4457730564486,-0.211265917857878,
-0.19999999784592));
#14423=CARTESIAN_POINT('Ctrl Pts',(-54.4448849344261,-0.222215628236889,
-0.19999999784592));
#14424=CARTESIAN_POINT('Ctrl Pts',(-54.4439272009356,-0.233157758185645,
-0.19999999784592));
#14425=CARTESIAN_POINT('Ctrl Pts',(-54.437353591841,-0.308261412446334,
-0.19999999784592));
#14426=CARTESIAN_POINT('Ctrl Pts',(-54.4275073301299,-0.38298313451797,
-0.19999999784592));
#14427=CARTESIAN_POINT('Ctrl Pts',(-54.4145464159694,-0.457174224668181,
-0.19999999784592));
#14428=CARTESIAN_POINT('Ctrl Pts',(-54.4016013599818,-0.531274539189025,
-0.19999999784592));
#14429=CARTESIAN_POINT('Ctrl Pts',(-54.3855486564358,-0.604846423843992,
-0.19999999784592));
#14430=CARTESIAN_POINT('Ctrl Pts',(-54.3665014745161,-0.677715309138025,
-0.19999999784592));
#14431=CARTESIAN_POINT('Ctrl Pts',(-54.3475187977154,-0.750337416922344,
-0.19999999784592));
#14432=CARTESIAN_POINT('Ctrl Pts',(-54.3255612767341,-0.822262212828249,
-0.19999999784592));
#14433=CARTESIAN_POINT('Ctrl Pts',(-54.3007061238157,-0.893276938240056,
-0.19999999784592));
#14434=CARTESIAN_POINT('Ctrl Pts',(-54.2775750817282,-0.959365632513117,
-0.19999999784592));
#14435=CARTESIAN_POINT('Ctrl Pts',(-54.2519337357712,-1.02466641420894,
-0.19999999784592));
#14436=CARTESIAN_POINT('Ctrl Pts',(-54.2238241314068,-1.08896541904571,
-0.19999999784592));
#14437=CARTESIAN_POINT('Ctrl Pts',(-54.1966835375862,-1.15104787138904,
-0.19999999784592));
#14438=CARTESIAN_POINT('Ctrl Pts',(-54.1672414596517,-1.21219685414764,
-0.19999999784592));
#14439=CARTESIAN_POINT('Ctrl Pts',(-54.1355244011493,-1.27217353606828,
-0.19999999784592));
#14440=CARTESIAN_POINT('Ctrl Pts',(-54.1053634102772,-1.32920770762651,
-0.19999999784592));
#14441=CARTESIAN_POINT('Ctrl Pts',(-54.0731448057993,-1.38518200456983,
-0.19999999784592));
#14442=CARTESIAN_POINT('Ctrl Pts',(-54.0388869668513,-1.43984403366775,
-0.19999999784592));
#14443=CARTESIAN_POINT('Ctrl Pts',(-54.0262038638818,-1.46008127468657,
-0.19999999784592));
#14444=CARTESIAN_POINT('Ctrl Pts',(-54.0132412331163,-1.48013815032553,
-0.19999999784592));
#14445=CARTESIAN_POINT('Ctrl Pts',(-54.,-1.5,-0.19999999784592));
#14446=CARTESIAN_POINT('',(-54.8320502943378,-2.05470019622524,-1.));
#14447=CARTESIAN_POINT('',(-54.,-1.5,-0.2));
#14448=CARTESIAN_POINT('Ctrl Pts',(-54.8320502943378,-2.05470019622524,
-1.));
#14449=CARTESIAN_POINT('Ctrl Pts',(-55.1783429240558,-1.53526125164839,
-1.));
#14450=CARTESIAN_POINT('Ctrl Pts',(-55.6721739364628,-0.119524254748378,
-1.));
#14451=CARTESIAN_POINT('Ctrl Pts',(-55.2937738006283,1.36211493678953,-1.));
#14452=CARTESIAN_POINT('Ctrl Pts',(-54.8320502943378,2.05470019622524,-1.));
#14453=CARTESIAN_POINT('Ctrl Pts',(-49.998248024589,-4.49668974760932,-0.199701841085895));
#14454=CARTESIAN_POINT('Ctrl Pts',(-50.0862444643074,-4.62957389691615,
-0.199701841085895));
#14455=CARTESIAN_POINT('Ctrl Pts',(-50.199737765125,-4.74362282514006,-0.199701841085896));
#14456=CARTESIAN_POINT('Ctrl Pts',(-50.4642994471801,-4.92055974194272,
-0.199701841085896));
#14457=CARTESIAN_POINT('Ctrl Pts',(-50.6126648176233,-4.98168712771043,
-0.199701841085896));
#14458=CARTESIAN_POINT('Ctrl Pts',(-51.0716538214443,-5.07227254375747,
-0.199701841085896));
#14459=CARTESIAN_POINT('Ctrl Pts',(-51.3951222682568,-5.00969417592465,
-0.199701841085896));
#14460=CARTESIAN_POINT('Ctrl Pts',(-51.791932688995,-4.75164289011093,-0.199701841085896));
#14461=CARTESIAN_POINT('Ctrl Pts',(-51.9109610959956,-4.63380642896839,
-0.199701841085896));
#14462=CARTESIAN_POINT('Ctrl Pts',(-52.0017517932524,-4.49668988027182,
-0.199701841085896));
#14463=CARTESIAN_POINT('Ctrl Pts',(-49.720222550108,-4.68079682058033,-0.466467894057263));
#14464=CARTESIAN_POINT('Ctrl Pts',(-49.8326281669154,-4.8505859935842,-0.466467894057263));
#14465=CARTESIAN_POINT('Ctrl Pts',(-49.9776682027951,-4.99622974176852,
-0.466467894057264));
#14466=CARTESIAN_POINT('Ctrl Pts',(-50.3156287560124,-5.22234532407034,
-0.466467894057263));
#14467=CARTESIAN_POINT('Ctrl Pts',(-50.5052521875005,-5.30032473532015,
-0.466467894057264));
#14468=CARTESIAN_POINT('Ctrl Pts',(-51.091485629307,-5.41626915592199,-0.466467894057263));
#14469=CARTESIAN_POINT('Ctrl Pts',(-51.5049184077762,-5.33628814736015,
-0.466467894057263));
#14470=CARTESIAN_POINT('Ctrl Pts',(-52.0116576789026,-5.00645454819858,
-0.466467894057264));
#14471=CARTESIAN_POINT('Ctrl Pts',(-52.1638725996343,-4.85603576752038,
-0.466467894057264));
#14472=CARTESIAN_POINT('Ctrl Pts',(-52.2797756162881,-4.68079603954783,
-0.466467894057264));
#14473=CARTESIAN_POINT('Ctrl Pts',(-49.4421961763226,-4.86490555904247,
-0.733233947028631));
#14474=CARTESIAN_POINT('Ctrl Pts',(-49.5790508541679,-5.07152660300699,
-0.733233947028633));
#14475=CARTESIAN_POINT('Ctrl Pts',(-49.75549425746,-5.24893972065961,-0.733233947028631));
#14476=CARTESIAN_POINT('Ctrl Pts',(-50.1669359273985,-5.52401924587811,
-0.733233947028633));
#14477=CARTESIAN_POINT('Ctrl Pts',(-50.3975753489185,-5.61918992002699,
-0.733233947028631));
#14478=CARTESIAN_POINT('Ctrl Pts',(-51.111482082794,-5.75984036570682,-0.733233947028631));
#14479=CARTESIAN_POINT('Ctrl Pts',(-51.61431285073,-5.66256057752059,-0.733233947028631));
#14480=CARTESIAN_POINT('Ctrl Pts',(-52.2315852940294,-5.26143260898805,
-0.733233947028631));
#14481=CARTESIAN_POINT('Ctrl Pts',(-52.4165331001066,-5.07806616003453,
-0.733233947028631));
#14482=CARTESIAN_POINT('Ctrl Pts',(-52.5578051344491,-4.86490671179214,
-0.733233947028631));
#14483=CARTESIAN_POINT('Ctrl Pts',(-49.1641707011717,-5.04901263325402,
-1.));
#14484=CARTESIAN_POINT('Ctrl Pts',(-49.3254345858133,-5.29253864642832,
-1.));
#14485=CARTESIAN_POINT('Ctrl Pts',(-49.5334246173813,-5.50154671405318,
-1.));
#14486=CARTESIAN_POINT('Ctrl Pts',(-50.0182652197418,-5.82580474483642,
-1.));
#14487=CARTESIAN_POINT('Ctrl Pts',(-50.2901625220021,-5.93782769714572,
-1.));
#14488=CARTESIAN_POINT('Ctrl Pts',(-51.1313140132917,-6.10383666101374,
-1.));
#14489=CARTESIAN_POINT('Ctrl Pts',(-51.724108691049,-5.98915430945862,-1.));
#14490=CARTESIAN_POINT('Ctrl Pts',(-52.4513104348608,-5.51624439101945,
-1.));
#14491=CARTESIAN_POINT('Ctrl Pts',(-52.6694444167877,-5.30029535040313,
-1.));
#14492=CARTESIAN_POINT('Ctrl Pts',(-52.8358289617267,-5.0490128744296,-1.));
#14493=CARTESIAN_POINT('',(-52.8320502943378,-5.05470019622524,-1.));
#14494=CARTESIAN_POINT('',(-52.,-4.50000000000001,-0.199999999461484));
#14495=CARTESIAN_POINT('',(-52.8320502943378,-5.05470019622524,-1.));
#14496=CARTESIAN_POINT('Ctrl Pts',(-52.,-4.50000000000001,-0.19999999784592));
#14497=CARTESIAN_POINT('Ctrl Pts',(-51.984105196182,-4.52384220572699,-0.19999999784592));
#14498=CARTESIAN_POINT('Ctrl Pts',(-51.9672826135392,-4.54715971727523,
-0.19999999784592));
#14499=CARTESIAN_POINT('Ctrl Pts',(-51.9496578653212,-4.56984927531896,
-0.19999999784592));
#14500=CARTESIAN_POINT('Ctrl Pts',(-51.9310644110372,-4.59378591571754,
-0.19999999784592));
#14501=CARTESIAN_POINT('Ctrl Pts',(-51.9115782099209,-4.61702440014334,
-0.19999999784592));
#14502=CARTESIAN_POINT('Ctrl Pts',(-51.8913011390098,-4.6394848238234,-0.19999999784592));
#14503=CARTESIAN_POINT('Ctrl Pts',(-51.8699088514098,-4.66318054620298,
-0.19999999784592));
#14504=CARTESIAN_POINT('Ctrl Pts',(-51.8476363295388,-4.68601117307524,
-0.19999999784592));
#14505=CARTESIAN_POINT('Ctrl Pts',(-51.8245534467885,-4.70791470386835,
-0.19999999784592));
#14506=CARTESIAN_POINT('Ctrl Pts',(-51.7999505343553,-4.73126060290139,
-0.19999999784592));
#14507=CARTESIAN_POINT('Ctrl Pts',(-51.7744271459938,-4.75355444467055,
-0.19999999784592));
#14508=CARTESIAN_POINT('Ctrl Pts',(-51.748011579331,-4.77473992224701,-0.19999999784592));
#14509=CARTESIAN_POINT('Ctrl Pts',(-51.729485260003,-4.78959816578613,-0.19999999784592));
#14510=CARTESIAN_POINT('Ctrl Pts',(-51.7105188897292,-4.80391163947966,
-0.19999999784592));
#14511=CARTESIAN_POINT('Ctrl Pts',(-51.6911069622968,-4.81766111859257,
-0.19999999784592));
#14512=CARTESIAN_POINT('Ctrl Pts',(-51.6822868489961,-4.82390840980171,
-0.19999999784592));
#14513=CARTESIAN_POINT('Ctrl Pts',(-51.6733745874353,-4.83003924156472,
-0.19999999784592));
#14514=CARTESIAN_POINT('Ctrl Pts',(-51.6643688658418,-4.83605160911373,
-0.19999999784592));
#14515=CARTESIAN_POINT('Ctrl Pts',(-51.6563733745162,-4.84138953035473,
-0.19999999784592));
#14516=CARTESIAN_POINT('Ctrl Pts',(-51.6483022795858,-4.84663511425783,
-0.19999999784592));
#14517=CARTESIAN_POINT('Ctrl Pts',(-51.6401755382412,-4.85177396171963,
-0.19999999784592));
#14518=CARTESIAN_POINT('Ctrl Pts',(-51.6052312641424,-4.87387055451645,
-0.19999999784592));
#14519=CARTESIAN_POINT('Ctrl Pts',(-51.5691862204971,-4.89404454053223,
-0.19999999784592));
#14520=CARTESIAN_POINT('Ctrl Pts',(-51.5321208130382,-4.91216488923035,
-0.19999999784592));
#14521=CARTESIAN_POINT('Ctrl Pts',(-51.5292810035108,-4.9135532009312,-0.19999999784592));
#14522=CARTESIAN_POINT('Ctrl Pts',(-51.5264351800368,-4.91492946334861,
-0.19999999784592));
#14523=CARTESIAN_POINT('Ctrl Pts',(-51.5235833668339,-4.91629361972438,
-0.19999999784592));
#14524=CARTESIAN_POINT('Ctrl Pts',(-51.490459691961,-4.93213823122324,-0.19999999784592));
#14525=CARTESIAN_POINT('Ctrl Pts',(-51.4565324028388,-4.94635132868679,
-0.19999999784592));
#14526=CARTESIAN_POINT('Ctrl Pts',(-51.4220276108604,-4.95897892988825,
-0.19999999784592));
#14527=CARTESIAN_POINT('Ctrl Pts',(-51.3858366823511,-4.97222360073315,
-0.19999999784592));
#14528=CARTESIAN_POINT('Ctrl Pts',(-51.3490097644078,-4.98372446075348,
-0.19999999784592));
#14529=CARTESIAN_POINT('Ctrl Pts',(-51.3117546817072,-4.99350872696452,
-0.19999999784592));
#14530=CARTESIAN_POINT('Ctrl Pts',(-51.2715160006255,-5.00407657272262,
-0.19999999784592));
#14531=CARTESIAN_POINT('Ctrl Pts',(-51.2307770742412,-5.01264267395606,
-0.19999999784592));
#14532=CARTESIAN_POINT('Ctrl Pts',(-51.1897502994326,-5.0192017835736,-0.19999999784592));
#14533=CARTESIAN_POINT('Ctrl Pts',(-51.1488566184917,-5.02573961495829,
-0.19999999784592));
#14534=CARTESIAN_POINT('Ctrl Pts',(-51.10767554031,-5.0302838045448,-0.19999999784592));
#14535=CARTESIAN_POINT('Ctrl Pts',(-51.0663878679131,-5.0327832415018,-0.19999999784592));
#14536=CARTESIAN_POINT('Ctrl Pts',(-51.0248986312692,-5.03529488057868,
-0.19999999784592));
#14537=CARTESIAN_POINT('Ctrl Pts',(-50.9833004072122,-5.03574221654877,
-0.19999999784592));
#14538=CARTESIAN_POINT('Ctrl Pts',(-50.941767446086,-5.03402076947707,-0.19999999784592));
#14539=CARTESIAN_POINT('Ctrl Pts',(-50.9027385226555,-5.03240310909049,
-0.19999999784592));
#14540=CARTESIAN_POINT('Ctrl Pts',(-50.8637662184803,-5.02887017482963,
-0.19999999784592));
#14541=CARTESIAN_POINT('Ctrl Pts',(-50.8250038579344,-5.02328746243499,
-0.19999999784592));
#14542=CARTESIAN_POINT('Ctrl Pts',(-50.8225169225169,-5.0229292839086,-0.19999999784592));
#14543=CARTESIAN_POINT('Ctrl Pts',(-50.8200308573842,-5.02256265086625,
-0.19999999784592));
#14544=CARTESIAN_POINT('Ctrl Pts',(-50.8175457057968,-5.02218752069931,
-0.19999999784592));
#14545=CARTESIAN_POINT('Ctrl Pts',(-50.8024863475556,-5.0199143315708,-0.19999999784592));
#14546=CARTESIAN_POINT('Ctrl Pts',(-50.7874604841525,-5.01732918501984,
-0.19999999784592));
#14547=CARTESIAN_POINT('Ctrl Pts',(-50.7724779712214,-5.01443980863665,
-0.19999999784592));
#14548=CARTESIAN_POINT('Ctrl Pts',(-50.7637861319785,-5.01276358815546,
-0.19999999784592));
#14549=CARTESIAN_POINT('Ctrl Pts',(-50.7551132383946,-5.0109857463658,-0.19999999784592));
#14550=CARTESIAN_POINT('Ctrl Pts',(-50.7464682102865,-5.00910965893102,
-0.19999999784592));
#14551=CARTESIAN_POINT('Ctrl Pts',(-50.7106919599509,-5.00134573117062,
-0.19999999784592));
#14552=CARTESIAN_POINT('Ctrl Pts',(-50.6753502148464,-4.99189496517482,
-0.19999999784592));
#14553=CARTESIAN_POINT('Ctrl Pts',(-50.6405356759184,-4.98086205390323,
-0.19999999784592));
#14554=CARTESIAN_POINT('Ctrl Pts',(-50.6069608313236,-4.97022200831372,
-0.19999999784592));
#14555=CARTESIAN_POINT('Ctrl Pts',(-50.5738754303063,-4.9581095070741,-0.19999999784592));
#14556=CARTESIAN_POINT('Ctrl Pts',(-50.5413968240049,-4.94458657973811,
-0.19999999784592));
#14557=CARTESIAN_POINT('Ctrl Pts',(-50.5194542234119,-4.93545046747306,
-0.19999999784592));
#14558=CARTESIAN_POINT('Ctrl Pts',(-50.4977892824076,-4.92566994459723,
-0.19999999784592));
#14559=CARTESIAN_POINT('Ctrl Pts',(-50.476450700632,-4.91525870589532,-0.19999999784592));
#14560=CARTESIAN_POINT('Ctrl Pts',(-50.4491665066297,-4.90194656268294,
-0.19999999784592));
#14561=CARTESIAN_POINT('Ctrl Pts',(-50.4224157271342,-4.88760324909312,
-0.19999999784592));
#14562=CARTESIAN_POINT('Ctrl Pts',(-50.3962037012523,-4.87224641710213,
-0.19999999784592));
#14563=CARTESIAN_POINT('Ctrl Pts',(-50.3821183550371,-4.8639942394057,-0.19999999784592));
#14564=CARTESIAN_POINT('Ctrl Pts',(-50.3681889400562,-4.85544930826648,
-0.19999999784592));
#14565=CARTESIAN_POINT('Ctrl Pts',(-50.3544189490888,-4.84661408660133,
-0.19999999784592));
#14566=CARTESIAN_POINT('Ctrl Pts',(-50.3480457126752,-4.84252483508529,
-0.19999999784592));
#14567=CARTESIAN_POINT('Ctrl Pts',(-50.3417066546665,-4.83837339851473,
-0.19999999784592));
#14568=CARTESIAN_POINT('Ctrl Pts',(-50.3354022651327,-4.83416002909105,
-0.19999999784592));
#14569=CARTESIAN_POINT('Ctrl Pts',(-50.3304207202468,-4.83083074735923,
-0.19999999784592));
#14570=CARTESIAN_POINT('Ctrl Pts',(-50.3254630098757,-4.82746420981628,
-0.19999999784592));
#14571=CARTESIAN_POINT('Ctrl Pts',(-50.3205360402776,-4.82406540168346,
-0.19999999784592));
#14572=CARTESIAN_POINT('Ctrl Pts',(-50.2926100918171,-4.80480103667079,
-0.19999999784592));
#14573=CARTESIAN_POINT('Ctrl Pts',(-50.2656008869444,-4.78445653962652,
-0.19999999784592));
#14574=CARTESIAN_POINT('Ctrl Pts',(-50.2394873934871,-4.7630605238797,-0.19999999784592));
#14575=CARTESIAN_POINT('Ctrl Pts',(-50.2144545395265,-4.74254992699597,
-0.19999999784592));
#14576=CARTESIAN_POINT('Ctrl Pts',(-50.1902447631813,-4.72107202691714,
-0.19999999784592));
#14577=CARTESIAN_POINT('Ctrl Pts',(-50.1668859484815,-4.69864970906273,
-0.19999999784592));
#14578=CARTESIAN_POINT('Ctrl Pts',(-50.1444231933155,-4.67708752610573,
-0.19999999784592));
#14579=CARTESIAN_POINT('Ctrl Pts',(-50.1227472848663,-4.65465113315276,
-0.199999997845919));
#14580=CARTESIAN_POINT('Ctrl Pts',(-50.1019277277259,-4.63137196265736,
-0.199999997845919));
#14581=CARTESIAN_POINT('Ctrl Pts',(-50.082534730469,-4.60968788520482,-0.199999997845919));
#14582=CARTESIAN_POINT('Ctrl Pts',(-50.063884887055,-4.58727199653298,-0.199999997845919));
#14583=CARTESIAN_POINT('Ctrl Pts',(-50.0460731527463,-4.56416925733345,
-0.199999997845919));
#14584=CARTESIAN_POINT('Ctrl Pts',(-50.0299995042996,-4.54332090525207,
-0.199999997845919));
#14585=CARTESIAN_POINT('Ctrl Pts',(-50.014608658682,-4.52191298802302,-0.199999997845919));
#14586=CARTESIAN_POINT('Ctrl Pts',(-50.,-4.50000000000001,-0.199999997845919));
#14587=CARTESIAN_POINT('Ctrl Pts',(-49.1679497056622,-5.05470019622525,
-1.));
#14588=CARTESIAN_POINT('Ctrl Pts',(-49.3286786926285,-5.29579367667474,
-1.));
#14589=CARTESIAN_POINT('Ctrl Pts',(-49.5353163479974,-5.50281189036344,
-1.));
#14590=CARTESIAN_POINT('Ctrl Pts',(-50.0182652197418,-5.82580474483642,
-1.));
#14591=CARTESIAN_POINT('Ctrl Pts',(-50.2901625220021,-5.93782769714572,
-1.));
#14592=CARTESIAN_POINT('Ctrl Pts',(-51.1313140132917,-6.10383666101374,
-1.));
#14593=CARTESIAN_POINT('Ctrl Pts',(-51.724108691049,-5.98915430945862,-1.));
#14594=CARTESIAN_POINT('Ctrl Pts',(-52.4494030323498,-5.51748480273954,
-1.));
#14595=CARTESIAN_POINT('Ctrl Pts',(-52.6661475730302,-5.30355427818668,
-1.));
#14596=CARTESIAN_POINT('Ctrl Pts',(-52.8320502943378,-5.05470019622524,
-1.));
#14597=CARTESIAN_POINT('Origin',(-48.6467943779381,-10.4311962519588,-0.6));
#14598=CARTESIAN_POINT('',(-49.062819525107,-10.7085463500715,-1.));
#14599=CARTESIAN_POINT('',(-48.2307692307692,-10.1538461538462,-0.2));
#14600=CARTESIAN_POINT('Ctrl Pts',(-54.,1.5,4.12754874613697E-31));
#14601=CARTESIAN_POINT('Ctrl Pts',(-54.,1.5,-0.24));
#14602=CARTESIAN_POINT('Ctrl Pts',(-54.1584857703501,1.2622713444749,4.1275487460726E-31));
#14603=CARTESIAN_POINT('Ctrl Pts',(-54.1584857703501,1.2622713444749,-0.24));
#14604=CARTESIAN_POINT('Ctrl Pts',(-54.4141696043434,0.711816010864233,
4.12754874592356E-31));
#14605=CARTESIAN_POINT('Ctrl Pts',(-54.4141696043434,0.711816010864233,
-0.24));
#14606=CARTESIAN_POINT('Ctrl Pts',(-54.5136590746428,-0.400185604935616,
4.12754874562246E-31));
#14607=CARTESIAN_POINT('Ctrl Pts',(-54.5136590746428,-0.400185604935616,
-0.24));
#14608=CARTESIAN_POINT('Ctrl Pts',(-54.2377286555251,-1.14340701671235,
4.12754874542122E-31));
#14609=CARTESIAN_POINT('Ctrl Pts',(-54.2377286555251,-1.14340701671235,
-0.24));
#14610=CARTESIAN_POINT('Ctrl Pts',(-54.,-1.5,4.12754874532466E-31));
#14611=CARTESIAN_POINT('Ctrl Pts',(-54.,-1.5,-0.24));
#14612=CARTESIAN_POINT('',(-54.,1.5,-3.55652843919768E-25));
#14613=CARTESIAN_POINT('',(-54.,1.5,-0.2));
#14614=CARTESIAN_POINT('',(-54.,-1.5,-3.55652843919768E-25));
#14615=CARTESIAN_POINT('Ctrl Pts',(-54.,1.5,-1.11022353984172E-15));
#14616=CARTESIAN_POINT('Ctrl Pts',(-54.1584857703501,1.2622713444749,-1.11022353984172E-15));
#14617=CARTESIAN_POINT('Ctrl Pts',(-54.4141696043433,0.711816010864235,
-1.11022353984172E-15));
#14618=CARTESIAN_POINT('Ctrl Pts',(-54.5136590746429,-0.40018560493562,
-1.11022353984172E-15));
#14619=CARTESIAN_POINT('Ctrl Pts',(-54.2377286555251,-1.14340701671235,
-1.11022353984172E-15));
#14620=CARTESIAN_POINT('Ctrl Pts',(-54.,-1.5,-1.11022353984172E-15));
#14621=CARTESIAN_POINT('',(-54.,-1.5,4.12754874532466E-31));
#14622=CARTESIAN_POINT('Origin',(-55.,7.1764412067941E-16,0.));
#14623=CARTESIAN_POINT('',(-52.,4.50000000000001,4.52547104890632E-25));
#14624=CARTESIAN_POINT('',(-52.,4.50000000000001,9.05094209781264E-25));
#14625=CARTESIAN_POINT('',(-52.3846153846154,3.92307692307693,0.));
#14626=CARTESIAN_POINT('Ctrl Pts',(-50.,4.50000000000001,9.05094209781264E-25));
#14627=CARTESIAN_POINT('Ctrl Pts',(-50.,4.50000000000001,-0.24));
#14628=CARTESIAN_POINT('Ctrl Pts',(-50.1056571802334,4.65848577035007,9.05094209781264E-25));
#14629=CARTESIAN_POINT('Ctrl Pts',(-50.1056571802334,4.65848577035007,-0.24));
#14630=CARTESIAN_POINT('Ctrl Pts',(-50.4290556166075,4.97409478432657,9.05094209781264E-25));
#14631=CARTESIAN_POINT('Ctrl Pts',(-50.4290556166075,4.97409478432657,-0.24));
#14632=CARTESIAN_POINT('Ctrl Pts',(-51.0701087448682,5.07960022878625,9.05094209781264E-25));
#14633=CARTESIAN_POINT('Ctrl Pts',(-51.0701087448682,5.07960022878625,-0.24));
#14634=CARTESIAN_POINT('Ctrl Pts',(-51.6516678369397,4.89067893457514,9.05094209781264E-25));
#14635=CARTESIAN_POINT('Ctrl Pts',(-51.6516678369397,4.89067893457514,-0.24));
#14636=CARTESIAN_POINT('Ctrl Pts',(-51.8943428197666,4.65848577035007,9.05094209781264E-25));
#14637=CARTESIAN_POINT('Ctrl Pts',(-51.8943428197666,4.65848577035007,-0.24));
#14638=CARTESIAN_POINT('Ctrl Pts',(-52.,4.50000000000001,9.05094209781264E-25));
#14639=CARTESIAN_POINT('Ctrl Pts',(-52.,4.50000000000001,-0.24));
#14640=CARTESIAN_POINT('',(-50.,4.50000000000001,4.52547104890632E-25));
#14641=CARTESIAN_POINT('',(-50.,4.50000000000001,-0.2));
#14642=CARTESIAN_POINT('Ctrl Pts',(-50.,4.50000000000001,9.05094209781264E-25));
#14643=CARTESIAN_POINT('Ctrl Pts',(-50.1056571802334,4.65848577035007,9.05094209781264E-25));
#14644=CARTESIAN_POINT('Ctrl Pts',(-50.4290556166076,4.97409478432657,9.05094209781264E-25));
#14645=CARTESIAN_POINT('Ctrl Pts',(-51.0701087448682,5.07960022878625,9.05094209781264E-25));
#14646=CARTESIAN_POINT('Ctrl Pts',(-51.6516678369397,4.89067893457514,9.05094209781264E-25));
#14647=CARTESIAN_POINT('Ctrl Pts',(-51.8943428197666,4.65848577035007,9.05094209781264E-25));
#14648=CARTESIAN_POINT('Ctrl Pts',(-52.,4.50000000000001,9.05094209781264E-25));
#14649=CARTESIAN_POINT('Origin',(-51.,6.,0.));
#14650=CARTESIAN_POINT('',(-48.,1.5,4.48580615489738E-24));
#14651=CARTESIAN_POINT('',(-48.,1.5,8.97161230979476E-24));
#14652=CARTESIAN_POINT('',(-47.6153846153846,0.923076923076926,0.));
#14653=CARTESIAN_POINT('Origin',(-38.,-18.0000000000002,-1.));
#14654=CARTESIAN_POINT('',(0.,-3.5,-1.));
#14655=CARTESIAN_POINT('',(-5.34266661773301E-17,3.5,-1.));
#14656=CARTESIAN_POINT('',(1.38427413538119E-17,4.46982993126584E-16,-1.));
#14657=CARTESIAN_POINT('',(-4.72077708997956,-14.9156973266778,-1.));
#14658=CARTESIAN_POINT('',(0.,-3.5,-1.));
#14659=CARTESIAN_POINT('',(-5.49999999999998,-18.839064714076,-1.));
#14660=CARTESIAN_POINT('Origin',(-0.237030410413115,-17.8452822980876,-0.999999999999993));
#14661=CARTESIAN_POINT('',(-5.4999999999999,-25.3,-1.));
#14662=CARTESIAN_POINT('',(-5.49999999999989,-26.8,-1.));
#14663=CARTESIAN_POINT('',(-6.9999999999999,-26.8,-1.));
#14664=CARTESIAN_POINT('Origin',(-6.99999999999991,-25.3,-1.));
#14665=CARTESIAN_POINT('',(-8.99999999999989,-26.8,-1.));
#14666=CARTESIAN_POINT('',(-5.49999999999989,-26.8,-1.));
#14667=CARTESIAN_POINT('',(-10.4999999999999,-25.3,-1.));
#14668=CARTESIAN_POINT('Origin',(-8.9999999999999,-25.3,-1.));
#14669=CARTESIAN_POINT('',(-10.5,-18.9512327187284,-1.));
#14670=CARTESIAN_POINT('',(-10.5,-16.8,-1.));
#14671=CARTESIAN_POINT('',(-11.9732756700269,-15.2324346870914,-1.));
#14672=CARTESIAN_POINT('Ctrl Pts',(-11.9732756700269,-15.2324346870914,
-0.999999999999996));
#14673=CARTESIAN_POINT('Ctrl Pts',(-11.5819317656158,-15.6488246013848,
-0.999999999999996));
#14674=CARTESIAN_POINT('Ctrl Pts',(-10.795479662508,-16.799992619445,-0.999999999999998));
#14675=CARTESIAN_POINT('Ctrl Pts',(-10.5,-18.1893279568236,-0.999999999999996));
#14676=CARTESIAN_POINT('Ctrl Pts',(-10.5,-18.9512327187284,-0.999999999999996));
#14677=CARTESIAN_POINT('',(-19.5357078802288,-7.18600681543658,-1.));
#14678=CARTESIAN_POINT('',(-10.5,-16.8,-1.));
#14679=CARTESIAN_POINT('',(-21.5242718451336,-7.39957965425767,-1.));
#14680=CARTESIAN_POINT('Ctrl Pts',(-21.5242718451336,-7.39957965425767,
-1.));
#14681=CARTESIAN_POINT('Ctrl Pts',(-21.450772451501,-7.27708066487018,-1.));
#14682=CARTESIAN_POINT('Ctrl Pts',(-21.2480535099574,-7.03526327222756,
-1.));
#14683=CARTESIAN_POINT('Ctrl Pts',(-20.7176898794261,-6.76342916394844,
-1.));
#14684=CARTESIAN_POINT('Ctrl Pts',(-20.028299604849,-6.79282030414013,-1.));
#14685=CARTESIAN_POINT('Ctrl Pts',(-19.6661558483658,-7.0472101773388,-1.));
#14686=CARTESIAN_POINT('Ctrl Pts',(-19.5357078802288,-7.18600681543658,
-1.));
#14687=CARTESIAN_POINT('',(-22.0000000000018,-8.19245991237087,-1.));
#14688=CARTESIAN_POINT('',(-20.6712182938101,-5.97782373538603,-1.));
#14689=CARTESIAN_POINT('',(-22.9825940639958,-8.75852038824305,-1.));
#14690=CARTESIAN_POINT('Ctrl Pts',(-22.9825940639959,-8.75852038824305,
-1.));
#14691=CARTESIAN_POINT('Ctrl Pts',(-22.8585038824113,-8.75666807800332,
-1.));
#14692=CARTESIAN_POINT('Ctrl Pts',(-22.6116390487901,-8.71242767557296,
-1.));
#14693=CARTESIAN_POINT('Ctrl Pts',(-22.2446956852229,-8.51534907320635,
-1.));
#14694=CARTESIAN_POINT('Ctrl Pts',(-22.0725305729723,-8.31334420065501,
-1.));
#14695=CARTESIAN_POINT('Ctrl Pts',(-22.0000000000018,-8.19245991237087,
-1.));
#14696=CARTESIAN_POINT('',(-24.5420279576197,-10.0107847099487,-1.));
#14697=CARTESIAN_POINT('Ctrl Pts',(-24.5420279576197,-10.0107847099487,
-1.));
#14698=CARTESIAN_POINT('Ctrl Pts',(-24.4761804193685,-9.73276177066588,
-1.));
#14699=CARTESIAN_POINT('Ctrl Pts',(-24.2213282942773,-9.2530704711253,-1.));
#14700=CARTESIAN_POINT('Ctrl Pts',(-23.5771503887969,-8.8358749859175,-0.999999999999999));
#14701=CARTESIAN_POINT('Ctrl Pts',(-23.1730490371413,-8.76136333433646,
-0.999999999999999));
#14702=CARTESIAN_POINT('Ctrl Pts',(-22.9825940639959,-8.75852038824305,
-0.999999999999999));
#14703=CARTESIAN_POINT('',(-27.0359335176086,-20.5406081854549,-1.));
#14704=CARTESIAN_POINT('',(-24.0798516832334,-8.05937377365114,-1.));
#14705=CARTESIAN_POINT('',(-27.5000000000009,-24.5135972742796,-1.));
#14706=CARTESIAN_POINT('Origin',(-18.8040288803898,-23.5157361720073,-1.));
#14707=CARTESIAN_POINT('',(-27.500000000001,-30.9999999999996,-1.));
#14708=CARTESIAN_POINT('',(-27.5000000000009,-22.5,-1.));
#14709=CARTESIAN_POINT('',(-29.0000000000014,-32.4999999999996,-1.));
#14710=CARTESIAN_POINT('Origin',(-29.000000000001,-30.9999999999996,-1.));
#14711=CARTESIAN_POINT('',(-31.0000000000013,-32.4999999999991,-1.));
#14712=CARTESIAN_POINT('',(-27.500000000001,-32.5,-1.));
#14713=CARTESIAN_POINT('',(-32.5000000000009,-30.999999999999,-1.));
#14714=CARTESIAN_POINT('Origin',(-31.0000000000009,-30.9999999999991,-1.));
#14715=CARTESIAN_POINT('',(-32.5000000000006,-24.6588712088035,-1.));
#14716=CARTESIAN_POINT('',(-32.500000000001,-32.4999999999987,-1.));
#14717=CARTESIAN_POINT('',(-34.0060645720429,-20.9532309800659,-1.));
#14718=CARTESIAN_POINT('Ctrl Pts',(-34.0060645720429,-20.9532309800659,
-1.));
#14719=CARTESIAN_POINT('Ctrl Pts',(-33.6074264673831,-21.3626430875543,
-1.));
#14720=CARTESIAN_POINT('Ctrl Pts',(-32.8029416708738,-22.5049589547351,
-1.));
#14721=CARTESIAN_POINT('Ctrl Pts',(-32.5000000000005,-23.8969664468988,
-1.));
#14722=CARTESIAN_POINT('Ctrl Pts',(-32.5000000000006,-24.6588712088035,
-1.));
#14723=CARTESIAN_POINT('',(-47.1177937714313,-7.48713072123311,-1.));
#14724=CARTESIAN_POINT('',(-32.5000000000005,-22.5000000000015,-1.));
#14725=CARTESIAN_POINT('',(-49.1093299493518,-7.67093401835768,-1.));
#14726=CARTESIAN_POINT('Ctrl Pts',(-49.1093299493518,-7.67093401835768,
-1.));
#14727=CARTESIAN_POINT('Ctrl Pts',(-49.0300870641768,-7.55206969059513,
-1.));
#14728=CARTESIAN_POINT('Ctrl Pts',(-48.818054227464,-7.32095376869977,-1.));
#14729=CARTESIAN_POINT('Ctrl Pts',(-48.2882921501662,-7.0696132164628,-1.));
#14730=CARTESIAN_POINT('Ctrl Pts',(-47.6129298594447,-7.10404451244763,
-1.));
#14731=CARTESIAN_POINT('Ctrl Pts',(-47.2506731396512,-7.35066001873696,
-1.));
#14732=CARTESIAN_POINT('Ctrl Pts',(-47.1177937714313,-7.48713072123311,
-1.));
#14733=CARTESIAN_POINT('',(-50.0000000000002,-9.00693909433024,-1.));
#14734=CARTESIAN_POINT('',(-48.2272005722973,-6.347739952776,-1.));
#14735=CARTESIAN_POINT('',(-52.0000000000002,-9.00693909433023,-1.));
#14736=CARTESIAN_POINT('Ctrl Pts',(-52.0000000000002,-9.00693909433023,
-1.));
#14737=CARTESIAN_POINT('Ctrl Pts',(-51.8943428197668,-9.16542486468029,
-1.));
#14738=CARTESIAN_POINT('Ctrl Pts',(-51.6516627483039,-9.39762747402435,
-1.));
#14739=CARTESIAN_POINT('Ctrl Pts',(-51.0701076557837,-9.58654498683305,
-1.));
#14740=CARTESIAN_POINT('Ctrl Pts',(-50.4290610206504,-9.48104755432472,
-1.));
#14741=CARTESIAN_POINT('Ctrl Pts',(-50.1056571802335,-9.1654248646803,-1.));
#14742=CARTESIAN_POINT('Ctrl Pts',(-50.0000000000002,-9.00693909433024,
-1.));
#14743=CARTESIAN_POINT('',(-52.2308579844809,-8.66065211760919,-1.));
#14744=CARTESIAN_POINT('',(-51.0000000000002,-10.5069390943302,-1.));
#14745=CARTESIAN_POINT('',(-54.2306114479604,-8.6920541127931,-1.));
#14746=CARTESIAN_POINT('Ctrl Pts',(-54.2306114479604,-8.6920541127931,-0.999999999999999));
#14747=CARTESIAN_POINT('Ctrl Pts',(-54.1299825171428,-8.53032904540766,
-0.999999999999999));
#14748=CARTESIAN_POINT('Ctrl Pts',(-53.893246417794,-8.28983021801291,-1.));
#14749=CARTESIAN_POINT('Ctrl Pts',(-53.3110295873253,-8.08643416240473,
-1.));
#14750=CARTESIAN_POINT('Ctrl Pts',(-52.6619484099533,-8.18514497338505,
-1.));
#14751=CARTESIAN_POINT('Ctrl Pts',(-52.3365151647142,-8.50216634725913,
-1.));
#14752=CARTESIAN_POINT('Ctrl Pts',(-52.2308579844809,-8.66065211760919,
-1.));
#14753=CARTESIAN_POINT('',(-63.9011154884115,-24.233935606374,-1.));
#14754=CARTESIAN_POINT('',(-53.255106834957,-7.12427884189493,-1.));
#14755=CARTESIAN_POINT('',(-65.0000000000014,-28.0800313969372,-1.));
#14756=CARTESIAN_POINT('Ctrl Pts',(-65.0000000000014,-28.0800313969372,
-0.999999999999996));
#14757=CARTESIAN_POINT('Ctrl Pts',(-65.0000000000012,-26.7466980636039,
-0.999999999999996));
#14758=CARTESIAN_POINT('Ctrl Pts',(-64.6055180041349,-25.3660110780721,
-0.999999999999996));
#14759=CARTESIAN_POINT('Ctrl Pts',(-63.9011154884115,-24.233935606374,-0.999999999999996));
#14760=CARTESIAN_POINT('',(-65.0000000000024,-34.5000000000003,-1.));
#14761=CARTESIAN_POINT('',(-65.0000000000011,-26.,-1.));
#14762=CARTESIAN_POINT('',(-66.5000000000023,-36.0000000000001,-1.));
#14763=CARTESIAN_POINT('Origin',(-66.5000000000024,-34.5000000000001,-1.));
#14764=CARTESIAN_POINT('',(-68.5000000000025,-36.0000000000003,-1.));
#14765=CARTESIAN_POINT('',(-65.0000000000026,-36.,-1.));
#14766=CARTESIAN_POINT('',(-70.0000000000026,-34.5000000000003,-1.));
#14767=CARTESIAN_POINT('Origin',(-68.5000000000026,-34.5000000000003,-1.));
#14768=CARTESIAN_POINT('',(-70.0000000000026,-28.01709934759,-1.));
#14769=CARTESIAN_POINT('',(-70.0000000000026,-36.0000000000004,-1.));
#14770=CARTESIAN_POINT('',(-70.5197311643461,-24.0510081337108,-1.));
#14771=CARTESIAN_POINT('Origin',(-77.7820898954454,-27.0197936517946,-1.));
#14772=CARTESIAN_POINT('',(-76.,-3.5,-1.));
#14773=CARTESIAN_POINT('',(-70.0000000000026,-25.9999999999996,-1.));
#14774=CARTESIAN_POINT('',(-76.,3.5,-1.));
#14775=CARTESIAN_POINT('',(-76.,0.,-1.));
#14776=CARTESIAN_POINT('',(-70.5197311643461,24.0510081337108,-1.));
#14777=CARTESIAN_POINT('',(-70.0000000000026,25.9999999999996,-1.));
#14778=CARTESIAN_POINT('',(-70.0000000000026,28.01709934759,-1.));
#14779=CARTESIAN_POINT('Origin',(-77.7820898952769,27.0197936517893,-1.));
#14780=CARTESIAN_POINT('',(-70.0000000000026,34.5000000000003,-1.));
#14781=CARTESIAN_POINT('',(-70.0000000000026,36.0000000000004,-1.));
#14782=CARTESIAN_POINT('',(-68.5000000000025,36.0000000000003,-1.));
#14783=CARTESIAN_POINT('Origin',(-68.5000000000026,34.5000000000003,-1.));
#14784=CARTESIAN_POINT('',(-66.5000000000023,36.0000000000001,-1.));
#14785=CARTESIAN_POINT('',(-65.0000000000026,36.,-1.));
#14786=CARTESIAN_POINT('',(-65.0000000000024,34.5000000000003,-1.));
#14787=CARTESIAN_POINT('Origin',(-66.5000000000024,34.5000000000001,-1.));
#14788=CARTESIAN_POINT('',(-65.0000000000014,28.0800313969372,-1.));
#14789=CARTESIAN_POINT('',(-65.0000000000011,26.,-1.));
#14790=CARTESIAN_POINT('',(-63.9011154884115,24.233935606374,-1.));
#14791=CARTESIAN_POINT('Ctrl Pts',(-63.9011154884115,24.233935606374,-0.999999999999996));
#14792=CARTESIAN_POINT('Ctrl Pts',(-64.6055180041349,25.3660110780721,-0.999999999999996));
#14793=CARTESIAN_POINT('Ctrl Pts',(-65.0000000000012,26.7466980636039,-0.999999999999996));
#14794=CARTESIAN_POINT('Ctrl Pts',(-65.0000000000014,28.0800313969372,-0.999999999999996));
#14795=CARTESIAN_POINT('',(-54.2306114479604,8.6920541127931,-1.));
#14796=CARTESIAN_POINT('',(-53.255106834957,7.12427884189493,-1.));
#14797=CARTESIAN_POINT('',(-52.2308579844809,8.66065211760919,-1.));
#14798=CARTESIAN_POINT('Ctrl Pts',(-52.2308579844809,8.66065211760919,-1.));
#14799=CARTESIAN_POINT('Ctrl Pts',(-52.3365151647142,8.50216634725913,-1.));
#14800=CARTESIAN_POINT('Ctrl Pts',(-52.580685755149,8.26921916552084,-1.));
#14801=CARTESIAN_POINT('Ctrl Pts',(-53.1690017825275,8.08420390926417,-1.));
#14802=CARTESIAN_POINT('Ctrl Pts',(-53.8146636008808,8.203245983102,-1.));
#14803=CARTESIAN_POINT('Ctrl Pts',(-54.1299825171428,8.53032904540766,-1.));
#14804=CARTESIAN_POINT('Ctrl Pts',(-54.2306114479604,8.6920541127931,-1.));
#14805=CARTESIAN_POINT('',(-52.0000000000002,9.00693909433023,-1.));
#14806=CARTESIAN_POINT('',(-51.0000000000002,10.5069390943302,-1.));
#14807=CARTESIAN_POINT('',(-50.0000000000002,9.00693909433024,-1.));
#14808=CARTESIAN_POINT('Ctrl Pts',(-50.0000000000002,9.00693909433024,-1.));
#14809=CARTESIAN_POINT('Ctrl Pts',(-50.1056571802335,9.1654248646803,-1.));
#14810=CARTESIAN_POINT('Ctrl Pts',(-50.3483372516964,9.39762747402436,-1.));
#14811=CARTESIAN_POINT('Ctrl Pts',(-50.9298923442167,9.58654498683304,-1.));
#14812=CARTESIAN_POINT('Ctrl Pts',(-51.57093897935,9.48104755432473,-1.));
#14813=CARTESIAN_POINT('Ctrl Pts',(-51.8943428197668,9.16542486468029,-1.));
#14814=CARTESIAN_POINT('Ctrl Pts',(-52.0000000000002,9.00693909433023,-1.));
#14815=CARTESIAN_POINT('',(-49.1093299493518,7.67093401835768,-1.));
#14816=CARTESIAN_POINT('',(-48.2272005722973,6.347739952776,-1.));
#14817=CARTESIAN_POINT('',(-47.1177937714313,7.48713072123311,-1.));
#14818=CARTESIAN_POINT('Ctrl Pts',(-47.1177937714313,7.48713072123311,-1.));
#14819=CARTESIAN_POINT('Ctrl Pts',(-47.2174532975963,7.384777694361,-1.));
#14820=CARTESIAN_POINT('Ctrl Pts',(-47.4682046099593,7.19637314944192,-1.));
#14821=CARTESIAN_POINT('Ctrl Pts',(-48.035019758085,7.04623814487174,-1.));
#14822=CARTESIAN_POINT('Ctrl Pts',(-48.6926721427784,7.20369632591794,-1.));
#14823=CARTESIAN_POINT('Ctrl Pts',(-49.0036727691184,7.51244824800762,-1.));
#14824=CARTESIAN_POINT('Ctrl Pts',(-49.1093299493518,7.67093401835768,-1.));
#14825=CARTESIAN_POINT('',(-34.0060645720429,20.9532309800659,-1.));
#14826=CARTESIAN_POINT('',(-32.5000000000005,22.5000000000015,-1.));
#14827=CARTESIAN_POINT('',(-32.5000000000006,24.6588712088035,-1.));
#14828=CARTESIAN_POINT('Ctrl Pts',(-32.5000000000006,24.6588712088035,-1.));
#14829=CARTESIAN_POINT('Ctrl Pts',(-32.5000000000005,24.087442637375,-1.));
#14830=CARTESIAN_POINT('Ctrl Pts',(-32.7205084284107,22.7077842154355,-1.));
#14831=CARTESIAN_POINT('Ctrl Pts',(-33.4745470991632,21.4991137900505,-1.));
#14832=CARTESIAN_POINT('Ctrl Pts',(-34.0060645720429,20.9532309800659,-1.));
#14833=CARTESIAN_POINT('',(-32.5000000000009,30.999999999999,-1.));
#14834=CARTESIAN_POINT('',(-32.500000000001,32.4999999999987,-1.));
#14835=CARTESIAN_POINT('',(-31.0000000000013,32.4999999999991,-1.));
#14836=CARTESIAN_POINT('Origin',(-31.0000000000009,30.9999999999991,-1.));
#14837=CARTESIAN_POINT('',(-29.0000000000014,32.4999999999996,-1.));
#14838=CARTESIAN_POINT('',(-27.500000000001,32.5,-1.));
#14839=CARTESIAN_POINT('',(-27.500000000001,30.9999999999996,-1.));
#14840=CARTESIAN_POINT('Origin',(-29.000000000001,30.9999999999996,-1.));
#14841=CARTESIAN_POINT('',(-27.5000000000009,24.5135972742796,-1.));
#14842=CARTESIAN_POINT('',(-27.5000000000009,22.5,-1.));
#14843=CARTESIAN_POINT('',(-27.0359335176086,20.5406081854549,-1.));
#14844=CARTESIAN_POINT('Origin',(-18.8040288803847,23.5157361720006,-1.00000000000001));
#14845=CARTESIAN_POINT('',(-24.5420279576197,10.0107847099487,-1.));
#14846=CARTESIAN_POINT('',(-24.0798516832334,8.05937377365114,-1.));
#14847=CARTESIAN_POINT('',(-22.9825940639958,8.75852038824305,-1.));
#14848=CARTESIAN_POINT('Ctrl Pts',(-22.9825940639958,8.75852038824305,-0.999999999999999));
#14849=CARTESIAN_POINT('Ctrl Pts',(-23.268276523714,8.76278480738316,-0.999999999999999));
#14850=CARTESIAN_POINT('Ctrl Pts',(-23.7916796424927,8.90805188476601,-0.999999999999999));
#14851=CARTESIAN_POINT('Ctrl Pts',(-24.3381231839852,9.44695512538301,-1.));
#14852=CARTESIAN_POINT('Ctrl Pts',(-24.4981295987856,9.82543608376017,-1.));
#14853=CARTESIAN_POINT('Ctrl Pts',(-24.5420279576197,10.0107847099487,-1.));
#14854=CARTESIAN_POINT('',(-22.0000000000018,8.19245991237087,-1.));
#14855=CARTESIAN_POINT('Ctrl Pts',(-22.0000000000018,8.19245991237087,-1.));
#14856=CARTESIAN_POINT('Ctrl Pts',(-22.0725305729723,8.313344200655,-1.));
#14857=CARTESIAN_POINT('Ctrl Pts',(-22.244695685223,8.51534907320635,-1.));
#14858=CARTESIAN_POINT('Ctrl Pts',(-22.6116390487899,8.71242767557295,-1.));
#14859=CARTESIAN_POINT('Ctrl Pts',(-22.8585038824113,8.75666807800332,-1.));
#14860=CARTESIAN_POINT('Ctrl Pts',(-22.9825940639959,8.75852038824305,-1.));
#14861=CARTESIAN_POINT('',(-21.5242718451336,7.39957965425767,-1.));
#14862=CARTESIAN_POINT('',(-20.6712182938101,5.97782373538603,-1.));
#14863=CARTESIAN_POINT('',(-19.5357078802288,7.18600681543658,-1.));
#14864=CARTESIAN_POINT('Ctrl Pts',(-19.5357078802288,7.18600681543658,-1.));
#14865=CARTESIAN_POINT('Ctrl Pts',(-19.6335438563315,7.08190933686324,-1.));
#14866=CARTESIAN_POINT('Ctrl Pts',(-19.8829897685223,6.8886546925815,-1.));
#14867=CARTESIAN_POINT('Ctrl Pts',(-20.4589819808973,6.7356437965731,-1.));
#14868=CARTESIAN_POINT('Ctrl Pts',(-21.1264082965576,6.91075776793883,-1.));
#14869=CARTESIAN_POINT('Ctrl Pts',(-21.4262726536235,7.23624766840769,-1.));
#14870=CARTESIAN_POINT('Ctrl Pts',(-21.5242718451336,7.39957965425767,-1.));
#14871=CARTESIAN_POINT('',(-11.9732756700269,15.2324346870914,-1.));
#14872=CARTESIAN_POINT('',(-10.5,16.8,-1.));
#14873=CARTESIAN_POINT('',(-10.5,18.9512327187284,-1.));
#14874=CARTESIAN_POINT('Ctrl Pts',(-10.5,18.9512327187284,-0.999999999999996));
#14875=CARTESIAN_POINT('Ctrl Pts',(-10.5,18.3798041472998,-0.999999999999996));
#14876=CARTESIAN_POINT('Ctrl Pts',(-10.715305760271,17.00236516648,-0.999999999999998));
#14877=CARTESIAN_POINT('Ctrl Pts',(-11.4514837974788,15.7876212394825,-0.999999999999996));
#14878=CARTESIAN_POINT('Ctrl Pts',(-11.9732756700269,15.2324346870914,-0.999999999999996));
#14879=CARTESIAN_POINT('',(-10.4999999999999,25.3,-1.));
#14880=CARTESIAN_POINT('',(-10.5,16.8,-1.));
#14881=CARTESIAN_POINT('',(-8.99999999999989,26.8,-1.));
#14882=CARTESIAN_POINT('Origin',(-8.9999999999999,25.3,-1.));
#14883=CARTESIAN_POINT('',(-6.9999999999999,26.8,-1.));
#14884=CARTESIAN_POINT('',(-5.49999999999989,26.8,-1.));
#14885=CARTESIAN_POINT('',(-5.4999999999999,25.3,-1.));
#14886=CARTESIAN_POINT('Origin',(-6.99999999999991,25.3,-1.));
#14887=CARTESIAN_POINT('',(-5.49999999999998,18.839064714076,-1.));
#14888=CARTESIAN_POINT('',(-5.49999999999989,26.8,-1.));
#14889=CARTESIAN_POINT('',(-4.72077708997956,14.9156973266778,-1.));
#14890=CARTESIAN_POINT('Origin',(-0.237030410419756,17.8452822980861,-1.));
#14891=CARTESIAN_POINT('',(-5.34266661773301E-17,3.5,-1.));
#14892=CARTESIAN_POINT('',(-24.8574929257125,3.84782908876086,-1.));
#14893=CARTESIAN_POINT('',(-21.1425070742875,3.84782908876086,-1.));
#14894=CARTESIAN_POINT('Ctrl Pts',(-24.8574929257125,3.84782908876086,-1.));
#14895=CARTESIAN_POINT('Ctrl Pts',(-24.7109857819519,4.0920076616953,-1.));
#14896=CARTESIAN_POINT('Ctrl Pts',(-24.5178251943468,4.30489371966067,-1.));
#14897=CARTESIAN_POINT('Ctrl Pts',(-23.9566374720495,4.72023646531793,-1.));
#14898=CARTESIAN_POINT('Ctrl Pts',(-22.945728971736,5.09227829449023,-1.));
#14899=CARTESIAN_POINT('Ctrl Pts',(-21.8905977450668,4.6973441367592,-1.));
#14900=CARTESIAN_POINT('Ctrl Pts',(-21.3357391253173,4.13015840936205,-1.));
#14901=CARTESIAN_POINT('Ctrl Pts',(-21.2305534564623,3.99457305905227,-1.));
#14902=CARTESIAN_POINT('Ctrl Pts',(-21.1425070742875,3.84782908876086,-1.));
#14903=CARTESIAN_POINT('',(-25.9574929257126,2.01449575542753,-1.));
#14904=CARTESIAN_POINT('',(-32.4163164551244,-8.75021012692548,-1.));
#14905=CARTESIAN_POINT('',(-25.9574929257125,-2.01449575542752,-1.));
#14906=CARTESIAN_POINT('Ctrl Pts',(-25.9574929257125,-2.01449575542752,
-1.));
#14907=CARTESIAN_POINT('Ctrl Pts',(-26.2693937207066,-1.49466109710407,
-1.));
#14908=CARTESIAN_POINT('Ctrl Pts',(-26.7095868731049,-0.115287183723333,
-1.));
#14909=CARTESIAN_POINT('Ctrl Pts',(-26.3733606523713,1.32138287766297,-1.));
#14910=CARTESIAN_POINT('Ctrl Pts',(-25.9574929257126,2.01449575542753,-1.));
#14911=CARTESIAN_POINT('',(-24.8574929257125,-3.84782908876086,-1.));
#14912=CARTESIAN_POINT('',(-24.475139984536,-4.48508399072172,-1.));
#14913=CARTESIAN_POINT('',(-21.1425070742875,-3.84782908876086,-1.));
#14914=CARTESIAN_POINT('Ctrl Pts',(-21.1425070742875,-3.84782908876086,
-1.));
#14915=CARTESIAN_POINT('Ctrl Pts',(-21.3463870127598,-4.1876289862147,-1.));
#14916=CARTESIAN_POINT('Ctrl Pts',(-21.9419838429003,-4.74910994202737,
-1.));
#14917=CARTESIAN_POINT('Ctrl Pts',(-23.2795504668362,-5.03494077904815,
-1.));
#14918=CARTESIAN_POINT('Ctrl Pts',(-24.1741116093534,-4.62946484571291,
-1.));
#14919=CARTESIAN_POINT('Ctrl Pts',(-24.6642986289575,-4.13035919186143,
-1.));
#14920=CARTESIAN_POINT('Ctrl Pts',(-24.7694465435377,-3.99457305905227,
-1.));
#14921=CARTESIAN_POINT('Ctrl Pts',(-24.8574929257125,-3.84782908876086,
-1.));
#14922=CARTESIAN_POINT('',(-20.0425070742875,-2.01449575542753,-1.));
#14923=CARTESIAN_POINT('',(-26.9954482507581,-13.6027310495452,-1.));
#14924=CARTESIAN_POINT('',(-20.0425070742874,2.01449575542753,-1.));
#14925=CARTESIAN_POINT('Ctrl Pts',(-20.0425070742875,2.01449575542753,-1.));
#14926=CARTESIAN_POINT('Ctrl Pts',(-19.7306062792933,1.49466109710389,-1.));
#14927=CARTESIAN_POINT('Ctrl Pts',(-19.29040945167,0.115308625634882,-1.));
#14928=CARTESIAN_POINT('Ctrl Pts',(-19.6266393476287,-1.3213828776629,-1.));
#14929=CARTESIAN_POINT('Ctrl Pts',(-20.0425070742875,-2.01449575542753,
-1.));
#14930=CARTESIAN_POINT('',(-19.0542717801698,0.367436931898051,-1.));
#14931=CARTESIAN_POINT('',(-66.2441978967802,-33.4836406831996,-1.));
#14932=CARTESIAN_POINT('Origin',(-67.3941978967802,-33.4836406831996,-1.));
#14933=CARTESIAN_POINT('',(-28.824428012048,-29.9933745303929,-1.));
#14934=CARTESIAN_POINT('Origin',(-29.9744280120479,-29.9933745303929,-1.));
#14935=CARTESIAN_POINT('',(-6.85000000000009,-24.3,-1.));
#14936=CARTESIAN_POINT('Origin',(-8.00000000000009,-24.3,-1.));
#14937=CARTESIAN_POINT('Ctrl Pts',(-24.0005329317473,3.33220194803679,-0.199900444381672));
#14938=CARTESIAN_POINT('Ctrl Pts',(-23.9215906362904,3.46409094909464,-0.199900444381672));
#14939=CARTESIAN_POINT('Ctrl Pts',(-23.8173822203816,3.57906198421176,-0.199900444381672));
#14940=CARTESIAN_POINT('Ctrl Pts',(-23.5149603617544,3.80288849082439,-0.199900444381672));
#14941=CARTESIAN_POINT('Ctrl Pts',(-22.9707858078127,4.00315957768172,-0.199900444381672));
#14942=CARTESIAN_POINT('Ctrl Pts',(-22.4028059480821,3.79056528106074,-0.199900444381672));
#14943=CARTESIAN_POINT('Ctrl Pts',(-22.1038337218029,3.48495123917026,-0.199900444381672));
#14944=CARTESIAN_POINT('Ctrl Pts',(-22.0469926108453,3.41160454684143,-0.199900444381672));
#14945=CARTESIAN_POINT('Ctrl Pts',(-21.999467077786,3.33220195341168,-0.199900444381672));
#14946=CARTESIAN_POINT('Ctrl Pts',(-24.2865814888812,3.50341710750894,-0.466600296254447));
#14947=CARTESIAN_POINT('Ctrl Pts',(-24.1851770898678,3.67296450788962,-0.466600296254447));
#14948=CARTESIAN_POINT('Ctrl Pts',(-24.0508973008506,3.8209287067544,-0.466600296254447));
#14949=CARTESIAN_POINT('Ctrl Pts',(-23.6624168747385,4.10862824731058,-0.466600296254447));
#14950=CARTESIAN_POINT('Ctrl Pts',(-22.962315716992,4.36615829014269,-0.466600296254448));
#14951=CARTESIAN_POINT('Ctrl Pts',(-22.2318627660409,4.09334351445865,-0.466600296254447));
#14952=CARTESIAN_POINT('Ctrl Pts',(-21.847692842702,3.69970112743023,-0.466600296254448));
#14953=CARTESIAN_POINT('Ctrl Pts',(-21.7744752426608,3.60563578571848,-0.466600296254448));
#14954=CARTESIAN_POINT('Ctrl Pts',(-21.7134184069367,3.50341517548543,-0.466600296254448));
#14955=CARTESIAN_POINT('Ctrl Pts',(-24.5726326247144,3.67463110624777,-0.733300148127224));
#14956=CARTESIAN_POINT('Ctrl Pts',(-24.4484444781938,3.88198166887316,-0.733300148127224));
#14957=CARTESIAN_POINT('Ctrl Pts',(-24.2849283973988,4.06256935820985,-0.733300148127225));
#14958=CARTESIAN_POINT('Ctrl Pts',(-23.8091811313176,4.41449667681441,-0.733300148127225));
#14959=CARTESIAN_POINT('Ctrl Pts',(-22.954198974634,4.72927955153575,-0.733300148127224));
#14960=CARTESIAN_POINT('Ctrl Pts',(-22.0615407725395,4.3945662904013,-0.733300148127225));
#14961=CARTESIAN_POINT('Ctrl Pts',(-21.5913408071154,3.91485718985797,-0.733300148127224));
#14962=CARTESIAN_POINT('Ctrl Pts',(-21.5021238857882,3.79932069843395,-0.733300148127224));
#14963=CARTESIAN_POINT('Ctrl Pts',(-21.4273675065433,3.67463305084046,-0.733300148127224));
#14964=CARTESIAN_POINT('Ctrl Pts',(-24.8586811824899,3.8458462654311,-1.));
#14965=CARTESIAN_POINT('Ctrl Pts',(-24.7120308523791,4.09085526340025,-1.));
#14966=CARTESIAN_POINT('Ctrl Pts',(-24.5184436062668,4.30443602449987,-1.));
#14967=CARTESIAN_POINT('Ctrl Pts',(-23.9566374720495,4.72023646531793,-1.));
#14968=CARTESIAN_POINT('Ctrl Pts',(-22.945728971736,5.09227829449023,-1.));
#14969=CARTESIAN_POINT('Ctrl Pts',(-21.8905977450668,4.6973441367592,-1.));
#14970=CARTESIAN_POINT('Ctrl Pts',(-21.3351998754731,4.12960717918508,-1.));
#14971=CARTESIAN_POINT('Ctrl Pts',(-21.2296065589119,3.99335185113565,-1.));
#14972=CARTESIAN_POINT('Ctrl Pts',(-21.1413188351393,3.84584627407207,-1.));
#14973=CARTESIAN_POINT('',(-22.,3.33333333333334,-0.1999999994615));
#14974=CARTESIAN_POINT('',(-21.1425070742875,3.84782908876086,-1.));
#14975=CARTESIAN_POINT('',(-24.,3.33333333333333,-0.199999999461496));
#14976=CARTESIAN_POINT('Ctrl Pts',(-22.,3.33333333333334,-0.199999997845982));
#14977=CARTESIAN_POINT('Ctrl Pts',(-22.0156908074149,3.35948467902489,-0.199999997845982));
#14978=CARTESIAN_POINT('Ctrl Pts',(-22.0324042901036,3.38501222250269,-0.199999997845982));
#14979=CARTESIAN_POINT('Ctrl Pts',(-22.050071472471,3.40982645010263,-0.199999997845982));
#14980=CARTESIAN_POINT('Ctrl Pts',(-22.068663752898,3.43594001300816,-0.199999997845982));
#14981=CARTESIAN_POINT('Ctrl Pts',(-22.088311840882,3.46126456243808,-0.199999997845982));
#14982=CARTESIAN_POINT('Ctrl Pts',(-22.1089738353485,3.48574126622404,-0.199999997845982));
#14983=CARTESIAN_POINT('Ctrl Pts',(-22.1258780657595,3.50576643084082,-0.199999997845982));
#14984=CARTESIAN_POINT('Ctrl Pts',(-22.1434616583874,3.52522522518331,-0.199999997845982));
#14985=CARTESIAN_POINT('Ctrl Pts',(-22.1617217512577,3.54409947733883,-0.199999997845982));
#14986=CARTESIAN_POINT('Ctrl Pts',(-22.1707545441253,3.55343607882609,-0.199999997845982));
#14987=CARTESIAN_POINT('Ctrl Pts',(-22.1799530020446,3.56262943164407,-0.199999997845982));
#14988=CARTESIAN_POINT('Ctrl Pts',(-22.1893095104519,3.57166994869418,-0.199999997845982));
#14989=CARTESIAN_POINT('Ctrl Pts',(-22.2140287773078,3.59555438760552,-0.199999997845982));
#14990=CARTESIAN_POINT('Ctrl Pts',(-22.2398560535966,3.61837833024549,-0.199999997845982));
#14991=CARTESIAN_POINT('Ctrl Pts',(-22.2666174108049,3.64001765681818,-0.199999997845982));
#14992=CARTESIAN_POINT('Ctrl Pts',(-22.294609518669,3.6626521726543,-0.199999997845982));
#14993=CARTESIAN_POINT('Ctrl Pts',(-22.3236237307617,3.68399131079303,-0.199999997845982));
#14994=CARTESIAN_POINT('Ctrl Pts',(-22.353509728327,3.70392520478331,-0.199999997845982));
#14995=CARTESIAN_POINT('Ctrl Pts',(-22.3853690167533,3.72517527939469,-0.199999997845982));
#14996=CARTESIAN_POINT('Ctrl Pts',(-22.4182190280845,3.74482925517735,-0.199999997845982));
#14997=CARTESIAN_POINT('Ctrl Pts',(-22.4519308551728,3.76277759388802,-0.199999997845982));
#14998=CARTESIAN_POINT('Ctrl Pts',(-22.4564556355623,3.76518660870676,-0.199999997845982));
#14999=CARTESIAN_POINT('Ctrl Pts',(-22.4609960147678,3.76756491794997,-0.199999997845982));
#15000=CARTESIAN_POINT('Ctrl Pts',(-22.4655517476255,3.76991227319338,-0.199999997845982));
#15001=CARTESIAN_POINT('Ctrl Pts',(-22.4987878214423,3.78703726155003,-0.199999997845982));
#15002=CARTESIAN_POINT('Ctrl Pts',(-22.5328364599198,3.80251565347843,-0.199999997845982));
#15003=CARTESIAN_POINT('Ctrl Pts',(-22.5675008125865,3.81632761919227,-0.199999997845982));
#15004=CARTESIAN_POINT('Ctrl Pts',(-22.6034843644248,3.83066521808044,-0.199999997845982));
#15005=CARTESIAN_POINT('Ctrl Pts',(-22.6401320748108,3.84320784613568,-0.199999997845982));
#15006=CARTESIAN_POINT('Ctrl Pts',(-22.6772780692397,3.85391579877997,-0.199999997845982));
#15007=CARTESIAN_POINT('Ctrl Pts',(-22.7157513417641,3.86500636147981,-0.199999997845982));
#15008=CARTESIAN_POINT('Ctrl Pts',(-22.7547599677028,3.87412964402381,-0.199999997845982));
#15009=CARTESIAN_POINT('Ctrl Pts',(-22.7941649893317,3.8812109747042,-0.199999997845982));
#15010=CARTESIAN_POINT('Ctrl Pts',(-22.8002684891446,3.88230781207914,-0.199999997845982));
#15011=CARTESIAN_POINT('Ctrl Pts',(-22.8063815701163,3.88335558767361,-0.199999997845982));
#15012=CARTESIAN_POINT('Ctrl Pts',(-22.8125037886337,3.88435394062964,-0.199999997845982));
#15013=CARTESIAN_POINT('Ctrl Pts',(-22.8515445667045,3.89072033805271,-0.199999997845982));
#15014=CARTESIAN_POINT('Ctrl Pts',(-22.8909549236122,3.89508100922298,-0.199999997845982));
#15015=CARTESIAN_POINT('Ctrl Pts',(-22.9304921676904,3.89746474285112,-0.199999997845982));
#15016=CARTESIAN_POINT('Ctrl Pts',(-22.9703345919517,3.89986687604863,-0.199999997845982));
#15017=CARTESIAN_POINT('Ctrl Pts',(-23.010307417739,3.90026156549901,-0.199999997845982));
#15018=CARTESIAN_POINT('Ctrl Pts',(-23.0501734086328,3.89862698307354,-0.199999997845982));
#15019=CARTESIAN_POINT('Ctrl Pts',(-23.0703539191672,3.89779954326539,-0.199999997845982));
#15020=CARTESIAN_POINT('Ctrl Pts',(-23.0905058812451,3.89645160506485,-0.199999997845982));
#15021=CARTESIAN_POINT('Ctrl Pts',(-23.1106129638539,3.89457314488764,-0.199999997845982));
#15022=CARTESIAN_POINT('Ctrl Pts',(-23.1365027430753,3.89215444893802,-0.199999997845982));
#15023=CARTESIAN_POINT('Ctrl Pts',(-23.162310804865,3.88885652965037,-0.199999997845982));
#15024=CARTESIAN_POINT('Ctrl Pts',(-23.187953106762,3.88465308457857,-0.199999997845982));
#15025=CARTESIAN_POINT('Ctrl Pts',(-23.2323160942493,3.8773808286839,-0.199999997845982));
#15026=CARTESIAN_POINT('Ctrl Pts',(-23.2761850205192,3.86739885934014,-0.199999997845982));
#15027=CARTESIAN_POINT('Ctrl Pts',(-23.3193836022123,3.85488691254231,-0.199999997845982));
#15028=CARTESIAN_POINT('Ctrl Pts',(-23.3608897179371,3.84286516804562,-0.199999997845982));
#15029=CARTESIAN_POINT('Ctrl Pts',(-23.401777614003,3.82850670606532,-0.199999997845982));
#15030=CARTESIAN_POINT('Ctrl Pts',(-23.4418460434404,3.81195505256382,-0.199999997845982));
#15031=CARTESIAN_POINT('Ctrl Pts',(-23.478724490002,3.79672113204999,-0.199999997845982));
#15032=CARTESIAN_POINT('Ctrl Pts',(-23.5149088725668,3.7796285591371,-0.199999997845982));
#15033=CARTESIAN_POINT('Ctrl Pts',(-23.5501990448247,3.76078835283899,-0.199999997845982));
#15034=CARTESIAN_POINT('Ctrl Pts',(-23.5839249958676,3.74278323031919,-0.199999997845982));
#15035=CARTESIAN_POINT('Ctrl Pts',(-23.6168345366157,3.7231813952924,-0.199999997845982));
#15036=CARTESIAN_POINT('Ctrl Pts',(-23.6487086288248,3.70208818417807,-0.199999997845982));
#15037=CARTESIAN_POINT('Ctrl Pts',(-23.662967302681,3.69265226939542,-0.199999997845982));
#15038=CARTESIAN_POINT('Ctrl Pts',(-23.6770181330561,3.68291807166917,-0.199999997845982));
#15039=CARTESIAN_POINT('Ctrl Pts',(-23.6908381963147,3.67289606727955,-0.199999997845982));
#15040=CARTESIAN_POINT('Ctrl Pts',(-23.7032873917963,3.66386818589955,-0.199999997845982));
#15041=CARTESIAN_POINT('Ctrl Pts',(-23.7155554998801,3.65460247773283,-0.199999997845982));
#15042=CARTESIAN_POINT('Ctrl Pts',(-23.7276327739086,3.64509870439446,-0.199999997845982));
#15043=CARTESIAN_POINT('Ctrl Pts',(-23.7516968269752,3.62616236947255,-0.199999997845982));
#15044=CARTESIAN_POINT('Ctrl Pts',(-23.7750007347883,3.60628439448175,-0.199999997845982));
#15045=CARTESIAN_POINT('Ctrl Pts',(-23.7973965187057,3.58549321162104,-0.199999997845982));
#15046=CARTESIAN_POINT('Ctrl Pts',(-23.8021854759526,3.58104737100206,-0.199999997845982));
#15047=CARTESIAN_POINT('Ctrl Pts',(-23.8069327248593,3.57655980966204,-0.199999997845982));
#15048=CARTESIAN_POINT('Ctrl Pts',(-23.8116365055997,3.57203087359525,-0.199999997845982));
#15049=CARTESIAN_POINT('Ctrl Pts',(-23.8367778990343,3.54782401324602,-0.199999997845982));
#15050=CARTESIAN_POINT('Ctrl Pts',(-23.8606791767449,3.5224318943287,-0.199999997845982));
#15051=CARTESIAN_POINT('Ctrl Pts',(-23.8833628926563,3.49594636886336,-0.199999997845982));
#15052=CARTESIAN_POINT('Ctrl Pts',(-23.9050189689987,3.47066071620891,-0.199999997845982));
#15053=CARTESIAN_POINT('Ctrl Pts',(-23.9255646108877,3.44437738183326,-0.199999997845982));
#15054=CARTESIAN_POINT('Ctrl Pts',(-23.9450040492735,3.41722259478142,-0.199999997845982));
#15055=CARTESIAN_POINT('Ctrl Pts',(-23.9624062328955,3.3929136316769,-0.199999997845982));
#15056=CARTESIAN_POINT('Ctrl Pts',(-23.978921391838,3.36790606644545,-0.199999997845982));
#15057=CARTESIAN_POINT('Ctrl Pts',(-23.9945482625021,3.34233628343971,-0.199999997845982));
#15058=CARTESIAN_POINT('Ctrl Pts',(-23.9963776833033,3.33934285667392,-0.199999997845982));
#15059=CARTESIAN_POINT('Ctrl Pts',(-23.9981949296307,3.33634178394886,-0.199999997845982));
#15060=CARTESIAN_POINT('Ctrl Pts',(-24.,3.33333333333333,-0.199999997845982));
#15061=CARTESIAN_POINT('',(-24.,3.33333333333333,-0.2));
#15062=CARTESIAN_POINT('Origin',(-31.9875699922681,-9.00745800463925,-0.6));
#15063=CARTESIAN_POINT('',(-25.1,1.5,-0.2));
#15064=CARTESIAN_POINT('',(-31.5588235294118,-9.26470588235301,-0.2));
#15065=CARTESIAN_POINT('',(-25.1,1.5,-0.2));
#15066=CARTESIAN_POINT('Origin',(-19.483018243026,0.110189054184285,-0.6));
#15067=CARTESIAN_POINT('',(-20.9,1.5,-0.2));
#15068=CARTESIAN_POINT('',(-20.0425070742874,2.01449575542753,-1.));
#15069=CARTESIAN_POINT('',(-19.9117647058823,-0.147058823529482,-0.2));
#15070=CARTESIAN_POINT('Ctrl Pts',(-25.1,-1.5,-0.2));
#15071=CARTESIAN_POINT('Ctrl Pts',(-25.3322423322217,-1.11292944629719,
-0.2));
#15072=CARTESIAN_POINT('Ctrl Pts',(-25.6600115652014,-0.08584320672746,
-0.2));
#15073=CARTESIAN_POINT('Ctrl Pts',(-25.4096564429623,0.983905928396254,
-0.2));
#15074=CARTESIAN_POINT('Ctrl Pts',(-25.1,1.5,-0.2));
#15075=CARTESIAN_POINT('Ctrl Pts',(-25.3858309752375,-1.67149858514251,
-0.466666666666667));
#15076=CARTESIAN_POINT('Ctrl Pts',(-25.6446261283833,-1.24017332989949,
-0.466666666666667));
#15077=CARTESIAN_POINT('Ctrl Pts',(-26.0098700011692,-0.0956578657260862,
-0.466666666666666));
#15078=CARTESIAN_POINT('Ctrl Pts',(-25.7308911794319,1.0963982448185,-0.466666666666666));
#15079=CARTESIAN_POINT('Ctrl Pts',(-25.3858309752375,1.67149858514251,-0.466666666666666));
#15080=CARTESIAN_POINT('Ctrl Pts',(-25.671661950475,-1.84299717028502,-0.733333333333333));
#15081=CARTESIAN_POINT('Ctrl Pts',(-25.957009924545,-1.36741721350178,-0.733333333333333));
#15082=CARTESIAN_POINT('Ctrl Pts',(-26.3597284371371,-0.105472524724707,
-0.733333333333333));
#15083=CARTESIAN_POINT('Ctrl Pts',(-26.0521259159016,1.20889056124073,-0.733333333333333));
#15084=CARTESIAN_POINT('Ctrl Pts',(-25.671661950475,1.84299717028502,-0.733333333333333));
#15085=CARTESIAN_POINT('Ctrl Pts',(-25.9574929257125,-2.01449575542752,
-1.));
#15086=CARTESIAN_POINT('Ctrl Pts',(-26.2693937207066,-1.49466109710407,
-1.));
#15087=CARTESIAN_POINT('Ctrl Pts',(-26.7095868731049,-0.115287183723333,
-1.));
#15088=CARTESIAN_POINT('Ctrl Pts',(-26.3733606523713,1.32138287766297,-1.));
#15089=CARTESIAN_POINT('Ctrl Pts',(-25.9574929257126,2.01449575542753,-1.));
#15090=CARTESIAN_POINT('',(-25.1,-1.5,-0.2));
#15091=CARTESIAN_POINT('Ctrl Pts',(-25.1,1.5,-0.2));
#15092=CARTESIAN_POINT('Ctrl Pts',(-25.4096564429623,0.983905928396254,
-0.2));
#15093=CARTESIAN_POINT('Ctrl Pts',(-25.6600115652014,-0.08584320672746,
-0.2));
#15094=CARTESIAN_POINT('Ctrl Pts',(-25.3322423322217,-1.11292944629719,
-0.2));
#15095=CARTESIAN_POINT('Ctrl Pts',(-25.1,-1.5,-0.2));
#15096=CARTESIAN_POINT('',(-25.1,-1.5,-0.2));
#15097=CARTESIAN_POINT('Ctrl Pts',(-20.9,1.5,-0.2));
#15098=CARTESIAN_POINT('Ctrl Pts',(-20.6677576677783,1.11292944629719,-0.2));
#15099=CARTESIAN_POINT('Ctrl Pts',(-20.3399856982142,0.0858591724436611,
-0.2));
#15100=CARTESIAN_POINT('Ctrl Pts',(-20.5903435570378,-0.983905928396255,
-0.2));
#15101=CARTESIAN_POINT('Ctrl Pts',(-20.9,-1.5,-0.2));
#15102=CARTESIAN_POINT('Ctrl Pts',(-20.6141690247625,1.67149858514251,-0.466666666666666));
#15103=CARTESIAN_POINT('Ctrl Pts',(-20.3553738716166,1.24017332989942,-0.466666666666666));
#15104=CARTESIAN_POINT('Ctrl Pts',(-19.9901269493662,0.0956756568407354,
-0.466666666666667));
#15105=CARTESIAN_POINT('Ctrl Pts',(-20.2691088205681,-1.09639824481847,
-0.466666666666667));
#15106=CARTESIAN_POINT('Ctrl Pts',(-20.6141690247625,-1.67149858514251,
-0.466666666666667));
#15107=CARTESIAN_POINT('Ctrl Pts',(-20.328338049525,1.84299717028502,-0.733333333333333));
#15108=CARTESIAN_POINT('Ctrl Pts',(-20.042990075455,1.36741721350166,-0.733333333333333));
#15109=CARTESIAN_POINT('Ctrl Pts',(-19.6402682005181,0.105492141237808,
-0.733333333333334));
#15110=CARTESIAN_POINT('Ctrl Pts',(-19.9478740840984,-1.20889056124069,
-0.733333333333333));
#15111=CARTESIAN_POINT('Ctrl Pts',(-20.328338049525,-1.84299717028502,-0.733333333333333));
#15112=CARTESIAN_POINT('Ctrl Pts',(-20.0425070742875,2.01449575542753,-1.));
#15113=CARTESIAN_POINT('Ctrl Pts',(-19.7306062792933,1.49466109710389,-1.));
#15114=CARTESIAN_POINT('Ctrl Pts',(-19.29040945167,0.115308625634882,-1.));
#15115=CARTESIAN_POINT('Ctrl Pts',(-19.6266393476287,-1.3213828776629,-1.));
#15116=CARTESIAN_POINT('Ctrl Pts',(-20.0425070742875,-2.01449575542753,
-1.));
#15117=CARTESIAN_POINT('',(-20.9,-1.5,-0.2));
#15118=CARTESIAN_POINT('',(-20.0425070742875,-2.01449575542753,-1.));
#15119=CARTESIAN_POINT('Ctrl Pts',(-20.9,-1.5,-0.2));
#15120=CARTESIAN_POINT('Ctrl Pts',(-20.5903435570378,-0.983905928396255,
-0.2));
#15121=CARTESIAN_POINT('Ctrl Pts',(-20.3399856982142,0.0858591724436611,
-0.2));
#15122=CARTESIAN_POINT('Ctrl Pts',(-20.6677576677783,1.11292944629719,-0.2));
#15123=CARTESIAN_POINT('Ctrl Pts',(-20.9,1.5,-0.2));
#15124=CARTESIAN_POINT('Origin',(-24.0463935216798,-4.22783611300795,-0.6));
#15125=CARTESIAN_POINT('',(-24.,-3.33333333333333,-0.2));
#15126=CARTESIAN_POINT('',(-24.,-3.33333333333333,-0.2));
#15127=CARTESIAN_POINT('',(-23.6176470588235,-3.97058823529419,-0.2));
#15128=CARTESIAN_POINT('Origin',(-27.4241947136144,-13.3454831718315,-0.6));
#15129=CARTESIAN_POINT('',(-22.,-3.33333333333333,-0.2));
#15130=CARTESIAN_POINT('',(-21.1425070742875,-3.84782908876086,-1.));
#15131=CARTESIAN_POINT('',(-27.8529411764706,-13.0882352941177,-0.2));
#15132=CARTESIAN_POINT('Ctrl Pts',(-21.9995108870944,-3.33229506063632,
-0.1999086353855));
#15133=CARTESIAN_POINT('Ctrl Pts',(-22.1092760334515,-3.51565188815747,
-0.199908635385499));
#15134=CARTESIAN_POINT('Ctrl Pts',(-22.43007669648,-3.81835827504746,-0.199908635385499));
#15135=CARTESIAN_POINT('Ctrl Pts',(-23.1504841203714,-3.9723055302,-0.199908635385499));
#15136=CARTESIAN_POINT('Ctrl Pts',(-23.6320327920912,-3.75403471046791,
-0.199908635385499));
#15137=CARTESIAN_POINT('Ctrl Pts',(-23.8961709379793,-3.48509103413648,
-0.199908635385499));
#15138=CARTESIAN_POINT('Ctrl Pts',(-23.9529736632112,-3.41166372220607,
-0.199908635385499));
#15139=CARTESIAN_POINT('Ctrl Pts',(-24.0004891242601,-3.33229506272097,
-0.199908635385499));
#15140=CARTESIAN_POINT('Ctrl Pts',(-21.713480427744,-3.5035339398546,-0.466605756923667));
#15141=CARTESIAN_POINT('Ctrl Pts',(-21.854440718745,-3.73917148811946,-0.466605756923666));
#15142=CARTESIAN_POINT('Ctrl Pts',(-22.267122536973,-4.12863607977856,-0.466605756923667));
#15143=CARTESIAN_POINT('Ctrl Pts',(-23.193351028825,-4.32644968092636,-0.466605756923666));
#15144=CARTESIAN_POINT('Ctrl Pts',(-23.8130208096765,-4.04621526965966,
-0.466605756923667));
#15145=CARTESIAN_POINT('Ctrl Pts',(-24.1522995969241,-3.69991275100093,
-0.466605756923666));
#15146=CARTESIAN_POINT('Ctrl Pts',(-24.2254767351232,-3.60565982808206,
-0.466605756923666));
#15147=CARTESIAN_POINT('Ctrl Pts',(-24.2865198883368,-3.50353237254447,
-0.466605756923666));
#15148=CARTESIAN_POINT('Ctrl Pts',(-21.4274469989193,-3.67477059141837,
-0.733302878461833));
#15149=CARTESIAN_POINT('Ctrl Pts',(-21.6001595605498,-3.96310705334184,
-0.733302878461834));
#15150=CARTESIAN_POINT('Ctrl Pts',(-22.104221949103,-4.43867917674508,-0.733302878461833));
#15151=CARTESIAN_POINT('Ctrl Pts',(-23.2366834520779,-4.68079658202184,
-0.733302878461834));
#15152=CARTESIAN_POINT('Ctrl Pts',(-23.9931237938738,-4.33728454029432,
-0.733302878461833));
#15153=CARTESIAN_POINT('Ctrl Pts',(-24.408665448459,-3.91503285835134,-0.733302878461834));
#15154=CARTESIAN_POINT('Ctrl Pts',(-24.4978122078173,-3.79945461885379,
-0.733302878461832));
#15155=CARTESIAN_POINT('Ctrl Pts',(-24.5725527178456,-3.67477216261197,
-0.733302878461832));
#15156=CARTESIAN_POINT('Ctrl Pts',(-21.1414165388908,-3.84600947012795,
-1.));
#15157=CARTESIAN_POINT('Ctrl Pts',(-21.3453243723901,-4.1866267482934,-1.));
#15158=CARTESIAN_POINT('Ctrl Pts',(-21.9412678018297,-4.74895692787847,
-1.));
#15159=CARTESIAN_POINT('Ctrl Pts',(-23.2795504668362,-5.03494077904815,
-1.));
#15160=CARTESIAN_POINT('Ctrl Pts',(-24.1741116093534,-4.62946484571291,
-1.));
#15161=CARTESIAN_POINT('Ctrl Pts',(-24.6647941615691,-4.12985464335606,
-1.));
#15162=CARTESIAN_POINT('Ctrl Pts',(-24.7703152414565,-3.99345067875758,
-1.));
#15163=CARTESIAN_POINT('Ctrl Pts',(-24.858583482394,-3.84600947300186,-1.));
#15164=CARTESIAN_POINT('Ctrl Pts',(-24.,-3.33333333333333,-0.2));
#15165=CARTESIAN_POINT('Ctrl Pts',(-23.951000404245,-3.41499932625834,-0.2));
#15166=CARTESIAN_POINT('Ctrl Pts',(-23.8259139275337,-3.57805994660849,
-0.2));
#15167=CARTESIAN_POINT('Ctrl Pts',(-23.5469435845532,-3.78431088964783,
-0.2));
#15168=CARTESIAN_POINT('Ctrl Pts',(-23.1930012485003,-3.90417013396047,
-0.2));
#15169=CARTESIAN_POINT('Ctrl Pts',(-22.6770378366914,-3.90545291306398,
-0.2));
#15170=CARTESIAN_POINT('Ctrl Pts',(-22.2332928680151,-3.66098608765315,
-0.2));
#15171=CARTESIAN_POINT('Ctrl Pts',(-22.048999595755,-3.41499932625834,-0.2));
#15172=CARTESIAN_POINT('Ctrl Pts',(-22.,-3.33333333333333,-0.2));
#15173=CARTESIAN_POINT('Origin',(-26.,0.,0.));
#15174=CARTESIAN_POINT('',(-25.1,-1.5,-6.2089487424063E-25));
#15175=CARTESIAN_POINT('',(-25.1,-1.5,1.11022353787203E-15));
#15176=CARTESIAN_POINT('',(-24.,-3.33333333333333,-3.96032642798673E-26));
#15177=CARTESIAN_POINT('',(-27.5882352941177,2.64705882352941,0.));
#15178=CARTESIAN_POINT('',(-24.,-3.33333333333333,-0.2));
#15179=CARTESIAN_POINT('Ctrl Pts',(-25.1,1.5,1.11022353787203E-15));
#15180=CARTESIAN_POINT('Ctrl Pts',(-25.1,1.5,-0.24));
#15181=CARTESIAN_POINT('Ctrl Pts',(-25.39399757453,1.01000404244998,1.11022353787203E-15));
#15182=CARTESIAN_POINT('Ctrl Pts',(-25.39399757453,1.01000404244998,-0.24));
#15183=CARTESIAN_POINT('Ctrl Pts',(-25.6739578486402,-0.0921329599722561,
1.11022353787203E-15));
#15184=CARTESIAN_POINT('Ctrl Pts',(-25.6739578486402,-0.0921329599722561,
-0.24));
#15185=CARTESIAN_POINT('Ctrl Pts',(-25.3204981808975,-1.13250303183748,
1.11022353787203E-15));
#15186=CARTESIAN_POINT('Ctrl Pts',(-25.3204981808975,-1.13250303183748,
-0.24));
#15187=CARTESIAN_POINT('Ctrl Pts',(-25.1,-1.5,1.11022353787203E-15));
#15188=CARTESIAN_POINT('Ctrl Pts',(-25.1,-1.5,-0.24));
#15189=CARTESIAN_POINT('',(-25.1,1.5,-6.2089487424063E-25));
#15190=CARTESIAN_POINT('',(-25.1,1.5,-0.2));
#15191=CARTESIAN_POINT('Ctrl Pts',(-25.1,1.5,1.11022353787203E-15));
#15192=CARTESIAN_POINT('Ctrl Pts',(-25.39399757453,1.01000404244998,1.11022353787203E-15));
#15193=CARTESIAN_POINT('Ctrl Pts',(-25.6739578486401,-0.0921329599722609,
1.11022353787203E-15));
#15194=CARTESIAN_POINT('Ctrl Pts',(-25.3204981808975,-1.13250303183748,
1.11022353787203E-15));
#15195=CARTESIAN_POINT('Ctrl Pts',(-25.1,-1.5,1.11022353787203E-15));
#15196=CARTESIAN_POINT('Origin',(-26.,5.00991872378463E-17,0.));
#15197=CARTESIAN_POINT('',(-24.,3.33333333333333,-3.96032642798673E-26));
#15198=CARTESIAN_POINT('',(-24.,3.33333333333333,2.14841554520504E-26));
#15199=CARTESIAN_POINT('',(-27.5882352941177,-2.64705882352941,0.));
#15200=CARTESIAN_POINT('Ctrl Pts',(-22.,3.33333333333333,2.14841554520504E-26));
#15201=CARTESIAN_POINT('Ctrl Pts',(-22.,3.33333333333333,-0.240000000000002));
#15202=CARTESIAN_POINT('Ctrl Pts',(-22.048999595755,3.41499932625834,2.14841554520504E-26));
#15203=CARTESIAN_POINT('Ctrl Pts',(-22.048999595755,3.41499932625834,-0.240000000000002));
#15204=CARTESIAN_POINT('Ctrl Pts',(-22.1740860724663,3.57805994660849,2.14841554520504E-26));
#15205=CARTESIAN_POINT('Ctrl Pts',(-22.1740860724663,3.57805994660849,-0.240000000000002));
#15206=CARTESIAN_POINT('Ctrl Pts',(-22.4530564154468,3.78431088964783,2.14841554520504E-26));
#15207=CARTESIAN_POINT('Ctrl Pts',(-22.4530564154468,3.78431088964783,-0.240000000000002));
#15208=CARTESIAN_POINT('Ctrl Pts',(-22.8069987514997,3.90417013396047,2.14841554520504E-26));
#15209=CARTESIAN_POINT('Ctrl Pts',(-22.8069987514997,3.90417013396047,-0.240000000000002));
#15210=CARTESIAN_POINT('Ctrl Pts',(-23.3229621633086,3.90545291306398,2.14841554520504E-26));
#15211=CARTESIAN_POINT('Ctrl Pts',(-23.3229621633086,3.90545291306398,-0.240000000000002));
#15212=CARTESIAN_POINT('Ctrl Pts',(-23.7667071319849,3.66098608765315,2.14841554520504E-26));
#15213=CARTESIAN_POINT('Ctrl Pts',(-23.7667071319849,3.66098608765315,-0.240000000000002));
#15214=CARTESIAN_POINT('Ctrl Pts',(-23.951000404245,3.41499932625834,2.14841554520504E-26));
#15215=CARTESIAN_POINT('Ctrl Pts',(-23.951000404245,3.41499932625834,-0.240000000000002));
#15216=CARTESIAN_POINT('Ctrl Pts',(-24.,3.33333333333333,2.14841554520504E-26));
#15217=CARTESIAN_POINT('Ctrl Pts',(-24.,3.33333333333333,-0.240000000000002));
#15218=CARTESIAN_POINT('',(-22.,3.33333333333333,-3.96032642798673E-26));
#15219=CARTESIAN_POINT('',(-22.,3.33333333333333,-0.200000000000002));
#15220=CARTESIAN_POINT('Ctrl Pts',(-22.,3.33333333333333,-5.55111769636117E-16));
#15221=CARTESIAN_POINT('Ctrl Pts',(-22.048999595755,3.41499932625834,-5.55111769636117E-16));
#15222=CARTESIAN_POINT('Ctrl Pts',(-22.1740860724664,3.57805994660848,-5.55111769636117E-16));
#15223=CARTESIAN_POINT('Ctrl Pts',(-22.4530564154468,3.78431088964783,-5.55111769636117E-16));
#15224=CARTESIAN_POINT('Ctrl Pts',(-22.8069987514997,3.90417013396047,-5.55111769636117E-16));
#15225=CARTESIAN_POINT('Ctrl Pts',(-23.3229621633085,3.90545291306399,-5.55111769636117E-16));
#15226=CARTESIAN_POINT('Ctrl Pts',(-23.7667071319849,3.66098608765315,-5.55111769636117E-16));
#15227=CARTESIAN_POINT('Ctrl Pts',(-23.951000404245,3.41499932625834,-5.55111769636117E-16));
#15228=CARTESIAN_POINT('Ctrl Pts',(-24.,3.33333333333333,-5.55111769636117E-16));
#15229=CARTESIAN_POINT('Origin',(-70.0000000000026,-36.0000000000004,0.));
#15230=CARTESIAN_POINT('',(-70.0000000000026,-28.01709934759,5.07040111871647E-25));
#15231=CARTESIAN_POINT('',(-70.0000000000026,-28.01709934759,-1.));
#15232=CARTESIAN_POINT('',(-70.0000000000026,-34.5000000000003,0.));
#15233=CARTESIAN_POINT('',(-70.0000000000026,-34.5000000000003,0.));
#15234=CARTESIAN_POINT('',(-70.0000000000026,-36.0000000000004,0.));
#15235=CARTESIAN_POINT('Origin',(-76.,-3.5,0.));
#15236=CARTESIAN_POINT('',(-76.,3.5,0.));
#15237=CARTESIAN_POINT('',(-76.,-3.5,0.));
#15238=CARTESIAN_POINT('',(-76.,-1.75,0.));
#15239=CARTESIAN_POINT('',(-76.,3.5,0.));
#15240=CARTESIAN_POINT('',(-76.,-3.5,0.));
#15241=CARTESIAN_POINT('Origin',(-2.81256062651897E-34,-3.5,0.));
#15242=CARTESIAN_POINT('',(-4.72077708997956,-14.9156973266778,-5.2074040037899E-25));
#15243=CARTESIAN_POINT('',(-4.72077708997956,-14.9156973266778,-1.));
#15244=CARTESIAN_POINT('',(-1.92592994438724E-33,-3.5,0.));
#15245=CARTESIAN_POINT('',(-1.92592994438724E-33,-3.5,0.));
#15246=CARTESIAN_POINT('',(0.,-3.5,0.));
#15247=CARTESIAN_POINT('Origin',(-68.5000000000026,-34.5000000000003,0.));
#15248=CARTESIAN_POINT('',(-68.5000000000025,-36.0000000000003,0.));
#15249=CARTESIAN_POINT('',(-68.5000000000025,-36.0000000000003,0.));
#15250=CARTESIAN_POINT('Origin',(-68.5000000000026,-34.5000000000003,0.));
#15251=CARTESIAN_POINT('Origin',(-65.0000000000026,-36.,0.));
#15252=CARTESIAN_POINT('',(-66.5000000000023,-36.0000000000001,0.));
#15253=CARTESIAN_POINT('',(-66.5000000000023,-36.0000000000001,0.));
#15254=CARTESIAN_POINT('',(-65.0000000000026,-36.,0.));
#15255=CARTESIAN_POINT('Origin',(-66.5000000000024,-34.5000000000001,0.));
#15256=CARTESIAN_POINT('',(-65.0000000000024,-34.5000000000003,0.));
#15257=CARTESIAN_POINT('',(-65.0000000000024,-34.5000000000003,0.));
#15258=CARTESIAN_POINT('Origin',(-66.5000000000024,-34.5000000000001,0.));
#15259=CARTESIAN_POINT('Origin',(-32.500000000001,-32.4999999999987,0.));
#15260=CARTESIAN_POINT('',(-32.5000000000006,-24.6588712088035,-2.09560802362354E-24));
#15261=CARTESIAN_POINT('',(-32.5000000000006,-24.6588712088035,-1.));
#15262=CARTESIAN_POINT('',(-32.5000000000009,-30.999999999999,0.));
#15263=CARTESIAN_POINT('',(-32.5000000000009,-30.999999999999,0.));
#15264=CARTESIAN_POINT('',(-32.500000000001,-32.4999999999987,0.));
#15265=CARTESIAN_POINT('Origin',(-31.0000000000009,-30.9999999999991,0.));
#15266=CARTESIAN_POINT('',(-31.0000000000013,-32.4999999999991,0.));
#15267=CARTESIAN_POINT('',(-31.0000000000013,-32.4999999999991,0.));
#15268=CARTESIAN_POINT('Origin',(-31.0000000000009,-30.9999999999991,0.));
#15269=CARTESIAN_POINT('Origin',(-27.500000000001,-32.5,0.));
#15270=CARTESIAN_POINT('',(-29.0000000000014,-32.4999999999996,0.));
#15271=CARTESIAN_POINT('',(-29.0000000000014,-32.4999999999996,0.));
#15272=CARTESIAN_POINT('',(-27.500000000001,-32.5,0.));
#15273=CARTESIAN_POINT('Origin',(-29.000000000001,-30.9999999999996,0.));
#15274=CARTESIAN_POINT('',(-27.500000000001,-30.9999999999996,0.));
#15275=CARTESIAN_POINT('',(-27.500000000001,-30.9999999999996,0.));
#15276=CARTESIAN_POINT('Origin',(-29.000000000001,-30.9999999999996,0.));
#15277=CARTESIAN_POINT('Origin',(-10.4999999999999,-26.8,0.));
#15278=CARTESIAN_POINT('',(-10.5,-18.9512327187284,-4.62666706522332E-25));
#15279=CARTESIAN_POINT('',(-10.5,-18.9512327187284,-1.));
#15280=CARTESIAN_POINT('',(-10.4999999999999,-25.3,0.));
#15281=CARTESIAN_POINT('',(-10.4999999999999,-25.3,0.));
#15282=CARTESIAN_POINT('',(-10.5,-16.8,0.));
#15283=CARTESIAN_POINT('Origin',(-8.9999999999999,-25.3,0.));
#15284=CARTESIAN_POINT('',(-8.99999999999989,-26.8,0.));
#15285=CARTESIAN_POINT('',(-8.99999999999989,-26.8,0.));
#15286=CARTESIAN_POINT('Origin',(-8.9999999999999,-25.3,0.));
#15287=CARTESIAN_POINT('Origin',(-5.49999999999989,-26.8,0.));
#15288=CARTESIAN_POINT('',(-6.9999999999999,-26.8,0.));
#15289=CARTESIAN_POINT('',(-6.9999999999999,-26.8,0.));
#15290=CARTESIAN_POINT('',(-5.49999999999989,-26.8,0.));
#15291=CARTESIAN_POINT('Origin',(-6.99999999999991,-25.3,0.));
#15292=CARTESIAN_POINT('',(-5.4999999999999,-25.3,0.));
#15293=CARTESIAN_POINT('',(-5.4999999999999,-25.3,0.));
#15294=CARTESIAN_POINT('Origin',(-6.99999999999991,-25.3,0.));
#15295=CARTESIAN_POINT('Origin',(-5.5,-16.8,0.));
#15296=CARTESIAN_POINT('',(-5.49999999999998,-18.839064714076,-5.2074040037899E-25));
#15297=CARTESIAN_POINT('',(-5.49999999999998,-18.839064714076,5.55111769443446E-15));
#15298=CARTESIAN_POINT('',(-5.49999999999989,-26.8,0.));
#15299=CARTESIAN_POINT('Ctrl Pts',(-4.72077708997956,-14.9156973266778,
5.55111769443446E-15));
#15300=CARTESIAN_POINT('Ctrl Pts',(-4.72077708997956,-14.9156973266778,
-1.2));
#15301=CARTESIAN_POINT('Ctrl Pts',(-5.2303067154275,-16.1478326027611,5.55111769443446E-15));
#15302=CARTESIAN_POINT('Ctrl Pts',(-5.2303067154275,-16.1478326027611,-1.2));
#15303=CARTESIAN_POINT('Ctrl Pts',(-5.49999999999999,-17.5057313807427,
5.55111769443446E-15));
#15304=CARTESIAN_POINT('Ctrl Pts',(-5.49999999999999,-17.5057313807427,
-1.2));
#15305=CARTESIAN_POINT('Ctrl Pts',(-5.49999999999998,-18.839064714076,5.55111769443446E-15));
#15306=CARTESIAN_POINT('Ctrl Pts',(-5.49999999999998,-18.839064714076,-1.2));
#15307=CARTESIAN_POINT('Origin',(-0.237030410419756,-17.8452822980861,4.44089415533927E-15));
#15308=CARTESIAN_POINT('Origin',(-10.5,-16.8,0.));
#15309=CARTESIAN_POINT('',(-19.5357078802288,-7.18600681543658,0.));
#15310=CARTESIAN_POINT('',(-19.5357078802288,-7.18600681543658,-1.));
#15311=CARTESIAN_POINT('',(-11.9732756700269,-15.2324346870914,-4.62666706522332E-25));
#15312=CARTESIAN_POINT('',(-11.9732756700269,-15.2324346870914,1.11022353815327E-15));
#15313=CARTESIAN_POINT('',(-10.5,-16.8,0.));
#15314=CARTESIAN_POINT('Ctrl Pts',(-10.5,-18.9512327187284,1.11022353815327E-15));
#15315=CARTESIAN_POINT('Ctrl Pts',(-10.5,-18.9512327187284,-1.2));
#15316=CARTESIAN_POINT('Ctrl Pts',(-10.5,-18.1893279568236,1.11022353815327E-15));
#15317=CARTESIAN_POINT('Ctrl Pts',(-10.5,-18.1893279568236,-1.2));
#15318=CARTESIAN_POINT('Ctrl Pts',(-10.7954796625081,-16.799992619445,1.11022353815327E-15));
#15319=CARTESIAN_POINT('Ctrl Pts',(-10.7954796625081,-16.799992619445,-1.2));
#15320=CARTESIAN_POINT('Ctrl Pts',(-11.5819317656158,-15.6488246013848,
1.11022353815327E-15));
#15321=CARTESIAN_POINT('Ctrl Pts',(-11.5819317656158,-15.6488246013848,
-1.2));
#15322=CARTESIAN_POINT('Ctrl Pts',(-11.9732756700269,-15.2324346870914,
1.11022353815327E-15));
#15323=CARTESIAN_POINT('Ctrl Pts',(-11.9732756700269,-15.2324346870914,
-1.2));
#15324=CARTESIAN_POINT('Ctrl Pts',(-10.5,-18.9512327187284,-9.25332855748115E-25));
#15325=CARTESIAN_POINT('Ctrl Pts',(-10.5,-18.1893279568236,-9.25332162413335E-25));
#15326=CARTESIAN_POINT('Ctrl Pts',(-10.7954796625081,-16.799992619445,-9.25334966567335E-25));
#15327=CARTESIAN_POINT('Ctrl Pts',(-11.5819317656158,-15.6488246013848,
-9.25331499893434E-25));
#15328=CARTESIAN_POINT('Ctrl Pts',(-11.9732756700269,-15.2324346870914,
-9.25332886562994E-25));
#15329=CARTESIAN_POINT('Origin',(-27.5000000000009,-22.5,0.));
#15330=CARTESIAN_POINT('',(-27.5000000000009,-24.5135972742796,-9.01930547807986E-26));
#15331=CARTESIAN_POINT('',(-27.5000000000009,-24.5135972742796,4.44089415619764E-15));
#15332=CARTESIAN_POINT('',(-27.5000000000009,-22.5,0.));
#15333=CARTESIAN_POINT('Ctrl Pts',(-27.0359335176086,-20.5406081854549,
4.44089415619764E-15));
#15334=CARTESIAN_POINT('Ctrl Pts',(-27.0359335176086,-20.5406081854549,
-1.2));
#15335=CARTESIAN_POINT('Ctrl Pts',(-27.3432220294476,-21.8380485687749,
4.44089415619764E-15));
#15336=CARTESIAN_POINT('Ctrl Pts',(-27.3432220294476,-21.8380485687749,
-1.2));
#15337=CARTESIAN_POINT('Ctrl Pts',(-27.5000000000009,-23.1802639409463,
4.44089415619764E-15));
#15338=CARTESIAN_POINT('Ctrl Pts',(-27.5000000000009,-23.1802639409463,
-1.2));
#15339=CARTESIAN_POINT('Ctrl Pts',(-27.5000000000009,-24.5135972742796,
4.44089415619764E-15));
#15340=CARTESIAN_POINT('Ctrl Pts',(-27.5000000000009,-24.5135972742796,
-1.2));
#15341=CARTESIAN_POINT('',(-27.0359335176086,-20.5406081854549,-9.01930557437635E-26));
#15342=CARTESIAN_POINT('Origin',(-18.8040288802631,-23.5157361720183,4.44089415619764E-15));
#15343=CARTESIAN_POINT('',(-27.0359335176086,-20.5406081854549,-1.));
#15344=CARTESIAN_POINT('Origin',(-32.5000000000005,-22.5000000000015,0.));
#15345=CARTESIAN_POINT('',(-47.1177937714313,-7.48713072123311,2.99635117452872E-24));
#15346=CARTESIAN_POINT('',(-47.1177937714313,-7.48713072123311,-1.));
#15347=CARTESIAN_POINT('',(-34.0060645720429,-20.9532309800659,-2.09560802362354E-24));
#15348=CARTESIAN_POINT('',(-34.0060645720429,-20.9532309800659,1.38777935267377E-16));
#15349=CARTESIAN_POINT('',(-32.5000000000005,-22.5000000000015,0.));
#15350=CARTESIAN_POINT('Ctrl Pts',(-32.5000000000006,-24.6588712088035,
1.38777935267377E-16));
#15351=CARTESIAN_POINT('Ctrl Pts',(-32.5000000000006,-24.6588712088035,
-1.2));
#15352=CARTESIAN_POINT('Ctrl Pts',(-32.5000000000005,-23.8969664468988,
1.38777935267377E-16));
#15353=CARTESIAN_POINT('Ctrl Pts',(-32.5000000000005,-23.8969664468988,
-1.2));
#15354=CARTESIAN_POINT('Ctrl Pts',(-32.8029416708737,-22.5049589547352,
1.38777935267377E-16));
#15355=CARTESIAN_POINT('Ctrl Pts',(-32.8029416708737,-22.5049589547352,
-1.2));
#15356=CARTESIAN_POINT('Ctrl Pts',(-33.6074264673831,-21.3626430875543,
1.38777935267377E-16));
#15357=CARTESIAN_POINT('Ctrl Pts',(-33.6074264673831,-21.3626430875543,
-1.2));
#15358=CARTESIAN_POINT('Ctrl Pts',(-34.0060645720429,-20.9532309800659,
1.38777935267377E-16));
#15359=CARTESIAN_POINT('Ctrl Pts',(-34.0060645720429,-20.9532309800659,
-1.2));
#15360=CARTESIAN_POINT('Ctrl Pts',(-32.5000000000006,-24.6588712088035,
-7.1198607720653E-24));
#15361=CARTESIAN_POINT('Ctrl Pts',(-32.5000000000005,-23.8969664468988,
-7.1198607142874E-24));
#15362=CARTESIAN_POINT('Ctrl Pts',(-32.8029416708738,-22.5049589547352,
-7.11986091651005E-24));
#15363=CARTESIAN_POINT('Ctrl Pts',(-33.6074264673831,-21.3626430875543,
-7.11986065843543E-24));
#15364=CARTESIAN_POINT('Ctrl Pts',(-34.0060645720429,-20.9532309800659,
-7.11986077399123E-24));
#15365=CARTESIAN_POINT('Origin',(-65.0000000000011,-26.,0.));
#15366=CARTESIAN_POINT('',(-65.0000000000014,-28.0800313969372,6.7210917980688E-25));
#15367=CARTESIAN_POINT('',(-65.0000000000014,-28.0800313969372,3.60822650334495E-15));
#15368=CARTESIAN_POINT('',(-65.0000000000011,-26.,0.));
#15369=CARTESIAN_POINT('Ctrl Pts',(-63.9011154884115,-24.233935606374,3.60822650334495E-15));
#15370=CARTESIAN_POINT('Ctrl Pts',(-63.9011154884115,-24.233935606374,-1.2));
#15371=CARTESIAN_POINT('Ctrl Pts',(-64.6055180041349,-25.3660110780721,
3.60822650334495E-15));
#15372=CARTESIAN_POINT('Ctrl Pts',(-64.6055180041349,-25.3660110780721,
-1.2));
#15373=CARTESIAN_POINT('Ctrl Pts',(-65.0000000000012,-26.7466980636039,
3.60822650334495E-15));
#15374=CARTESIAN_POINT('Ctrl Pts',(-65.0000000000012,-26.7466980636039,
-1.2));
#15375=CARTESIAN_POINT('Ctrl Pts',(-65.0000000000014,-28.0800313969372,
3.60822650334495E-15));
#15376=CARTESIAN_POINT('Ctrl Pts',(-65.0000000000014,-28.0800313969372,
-1.2));
#15377=CARTESIAN_POINT('',(-63.9011154884115,-24.233935606374,6.7210917980688E-25));
#15378=CARTESIAN_POINT('Ctrl Pts',(-63.9011154884115,-24.233935606374,1.20274216822814E-15));
#15379=CARTESIAN_POINT('Ctrl Pts',(-64.6055180041349,-25.3660110780721,
1.20274216822814E-15));
#15380=CARTESIAN_POINT('Ctrl Pts',(-65.0000000000012,-26.7466980636039,
1.20274216822814E-15));
#15381=CARTESIAN_POINT('Ctrl Pts',(-65.0000000000014,-28.0800313969372,
1.20274216822814E-15));
#15382=CARTESIAN_POINT('',(-63.9011154884115,-24.233935606374,-1.));
#15383=CARTESIAN_POINT('Origin',(-70.0000000000026,-25.9999999999996,0.));
#15384=CARTESIAN_POINT('',(-70.5197311643461,-24.0510081337108,5.07040111871647E-25));
#15385=CARTESIAN_POINT('',(-70.5197311643461,-24.0510081337108,1.01881339136794E-24));
#15386=CARTESIAN_POINT('',(-70.0000000000026,-25.9999999999996,0.));
#15387=CARTESIAN_POINT('Ctrl Pts',(-70.0000000000026,-28.01709934759,1.01881339136794E-24));
#15388=CARTESIAN_POINT('Ctrl Pts',(-70.0000000000026,-28.01709934759,-1.2));
#15389=CARTESIAN_POINT('Ctrl Pts',(-70.0000000000026,-26.6837660142567,
1.01881339136794E-24));
#15390=CARTESIAN_POINT('Ctrl Pts',(-70.0000000000026,-26.6837660142567,
-1.2));
#15391=CARTESIAN_POINT('Ctrl Pts',(-70.1761809635991,-25.3393213865125,
1.01881339136794E-24));
#15392=CARTESIAN_POINT('Ctrl Pts',(-70.1761809635991,-25.3393213865125,
-1.2));
#15393=CARTESIAN_POINT('Ctrl Pts',(-70.5197311643461,-24.0510081337108,
1.01881339136794E-24));
#15394=CARTESIAN_POINT('Ctrl Pts',(-70.5197311643461,-24.0510081337108,
-1.2));
#15395=CARTESIAN_POINT('Origin',(-77.7820898952769,-27.0197936517893,1.01408022374329E-24));
#15396=CARTESIAN_POINT('Origin',(-51.,-6.,0.));
#15397=CARTESIAN_POINT('',(-50.,-4.50000000000001,-6.84583037059122E-26));
#15398=CARTESIAN_POINT('',(-50.,-4.50000000000001,2.78282957983988E-25));
#15399=CARTESIAN_POINT('',(-48.,-1.5,4.48580615489738E-24));
#15400=CARTESIAN_POINT('',(-47.6153846153846,-0.923076923076925,0.));
#15401=CARTESIAN_POINT('',(-48.,-1.5,-0.2));
#15402=CARTESIAN_POINT('Ctrl Pts',(-52.,-4.50000000000001,2.78282957983988E-25));
#15403=CARTESIAN_POINT('Ctrl Pts',(-52.,-4.50000000000001,-0.240000000000001));
#15404=CARTESIAN_POINT('Ctrl Pts',(-51.8943428197666,-4.65848577035008,
2.78282957983988E-25));
#15405=CARTESIAN_POINT('Ctrl Pts',(-51.8943428197666,-4.65848577035008,
-0.240000000000001));
#15406=CARTESIAN_POINT('Ctrl Pts',(-51.5709443833925,-4.97409478432657,
2.78282957983988E-25));
#15407=CARTESIAN_POINT('Ctrl Pts',(-51.5709443833925,-4.97409478432657,
-0.240000000000001));
#15408=CARTESIAN_POINT('Ctrl Pts',(-50.9298912551319,-5.07960022878625,
2.78282957983988E-25));
#15409=CARTESIAN_POINT('Ctrl Pts',(-50.9298912551319,-5.07960022878625,
-0.240000000000001));
#15410=CARTESIAN_POINT('Ctrl Pts',(-50.3483321630603,-4.89067893457515,
2.78282957983988E-25));
#15411=CARTESIAN_POINT('Ctrl Pts',(-50.3483321630603,-4.89067893457515,
-0.240000000000001));
#15412=CARTESIAN_POINT('Ctrl Pts',(-50.1056571802334,-4.65848577035008,
2.78282957983988E-25));
#15413=CARTESIAN_POINT('Ctrl Pts',(-50.1056571802334,-4.65848577035008,
-0.240000000000001));
#15414=CARTESIAN_POINT('Ctrl Pts',(-50.,-4.50000000000001,2.78282957983988E-25));
#15415=CARTESIAN_POINT('Ctrl Pts',(-50.,-4.50000000000001,-0.240000000000001));
#15416=CARTESIAN_POINT('',(-52.,-4.50000000000001,-6.84583037059122E-26));
#15417=CARTESIAN_POINT('',(-52.,-4.50000000000001,-0.200000000000001));
#15418=CARTESIAN_POINT('Ctrl Pts',(-52.,-4.50000000000001,-1.36916607411824E-25));
#15419=CARTESIAN_POINT('Ctrl Pts',(-51.8943428197666,-4.65848577035008,
-1.36916607411824E-25));
#15420=CARTESIAN_POINT('Ctrl Pts',(-51.5709443833926,-4.97409478432658,
-1.36916607411826E-25));
#15421=CARTESIAN_POINT('Ctrl Pts',(-50.9298912551319,-5.07960022878625,
-1.36916607411824E-25));
#15422=CARTESIAN_POINT('Ctrl Pts',(-50.3483321630603,-4.89067893457515,
-1.36916607411824E-25));
#15423=CARTESIAN_POINT('Ctrl Pts',(-50.1056571802334,-4.65848577035008,
-1.36916607411824E-25));
#15424=CARTESIAN_POINT('Ctrl Pts',(-50.,-4.50000000000001,-1.36916607411824E-25));
#15425=CARTESIAN_POINT('Origin',(-23.,-5.,0.));
#15426=CARTESIAN_POINT('',(-22.,-3.33333333333333,-3.96032642798673E-26));
#15427=CARTESIAN_POINT('',(-22.,-3.33333333333333,3.00260042906184E-26));
#15428=CARTESIAN_POINT('',(-20.9,-1.5,-7.09974485689499E-28));
#15429=CARTESIAN_POINT('',(-23.8823529411765,-6.47058823529412,0.));
#15430=CARTESIAN_POINT('',(-20.9,-1.5,-0.2));
#15431=CARTESIAN_POINT('Ctrl Pts',(-24.,-3.33333333333333,3.00260042906184E-26));
#15432=CARTESIAN_POINT('Ctrl Pts',(-24.,-3.33333333333333,-0.24));
#15433=CARTESIAN_POINT('Ctrl Pts',(-23.951000404245,-3.41499932625834,3.00260042906184E-26));
#15434=CARTESIAN_POINT('Ctrl Pts',(-23.951000404245,-3.41499932625834,-0.24));
#15435=CARTESIAN_POINT('Ctrl Pts',(-23.8259139275337,-3.57805994660849,
3.00260042906184E-26));
#15436=CARTESIAN_POINT('Ctrl Pts',(-23.8259139275337,-3.57805994660849,
-0.24));
#15437=CARTESIAN_POINT('Ctrl Pts',(-23.5469435845532,-3.78431088964783,
3.00260042906184E-26));
#15438=CARTESIAN_POINT('Ctrl Pts',(-23.5469435845532,-3.78431088964783,
-0.24));
#15439=CARTESIAN_POINT('Ctrl Pts',(-23.1930012485003,-3.90417013396047,
3.00260042906184E-26));
#15440=CARTESIAN_POINT('Ctrl Pts',(-23.1930012485003,-3.90417013396047,
-0.24));
#15441=CARTESIAN_POINT('Ctrl Pts',(-22.6770378366914,-3.90545291306398,
3.00260042906184E-26));
#15442=CARTESIAN_POINT('Ctrl Pts',(-22.6770378366914,-3.90545291306398,
-0.24));
#15443=CARTESIAN_POINT('Ctrl Pts',(-22.2332928680151,-3.66098608765315,
3.00260042906184E-26));
#15444=CARTESIAN_POINT('Ctrl Pts',(-22.2332928680151,-3.66098608765315,
-0.24));
#15445=CARTESIAN_POINT('Ctrl Pts',(-22.048999595755,-3.41499932625834,3.00260042906184E-26));
#15446=CARTESIAN_POINT('Ctrl Pts',(-22.048999595755,-3.41499932625834,-0.24));
#15447=CARTESIAN_POINT('Ctrl Pts',(-22.,-3.33333333333333,3.00260042906184E-26));
#15448=CARTESIAN_POINT('Ctrl Pts',(-22.,-3.33333333333333,-0.24));
#15449=CARTESIAN_POINT('Ctrl Pts',(-24.,-3.33333333333333,-7.92065285597346E-26));
#15450=CARTESIAN_POINT('Ctrl Pts',(-23.951000404245,-3.41499932625834,-7.92065285597347E-26));
#15451=CARTESIAN_POINT('Ctrl Pts',(-23.8259139275338,-3.57805994660848,
-7.92065285597347E-26));
#15452=CARTESIAN_POINT('Ctrl Pts',(-23.5469435845533,-3.78431088964783,
-7.92065285597346E-26));
#15453=CARTESIAN_POINT('Ctrl Pts',(-23.1930012485003,-3.90417013396047,
-7.92065285597346E-26));
#15454=CARTESIAN_POINT('Ctrl Pts',(-22.6770378366915,-3.90545291306399,
-7.92065285597348E-26));
#15455=CARTESIAN_POINT('Ctrl Pts',(-22.2332928680151,-3.66098608765315,
-7.92065285597347E-26));
#15456=CARTESIAN_POINT('Ctrl Pts',(-22.048999595755,-3.41499932625834,-7.92065285597347E-26));
#15457=CARTESIAN_POINT('Ctrl Pts',(-22.,-3.33333333333333,-7.92065285597347E-26));
#15458=CARTESIAN_POINT('Origin',(-51.0000000000002,-10.5069390943302,0.));
#15459=CARTESIAN_POINT('',(-52.2308579844809,-8.66065211760919,-1.24608300337551E-24));
#15460=CARTESIAN_POINT('',(-52.0000000000002,-9.00693909433023,1.92830179657112E-24));
#15461=CARTESIAN_POINT('',(-51.4246782525379,-9.86992171552362,0.));
#15462=CARTESIAN_POINT('',(-52.2308579844809,-8.66065211760919,-1.));
#15463=CARTESIAN_POINT('',(-52.0000000000002,-9.00693909433023,3.85660359314224E-24));
#15464=CARTESIAN_POINT('Ctrl Pts',(-50.0000000000002,-9.00693909433024,
3.85660359314224E-24));
#15465=CARTESIAN_POINT('Ctrl Pts',(-50.0000000000002,-9.00693909433024,
-1.2));
#15466=CARTESIAN_POINT('Ctrl Pts',(-50.1056571802335,-9.1654248646803,3.85660359314224E-24));
#15467=CARTESIAN_POINT('Ctrl Pts',(-50.1056571802335,-9.1654248646803,-1.2));
#15468=CARTESIAN_POINT('Ctrl Pts',(-50.4290610206504,-9.48104755432472,
3.85660359314224E-24));
#15469=CARTESIAN_POINT('Ctrl Pts',(-50.4290610206504,-9.48104755432472,
-1.2));
#15470=CARTESIAN_POINT('Ctrl Pts',(-51.0701076557836,-9.58654498683304,
3.85660359314224E-24));
#15471=CARTESIAN_POINT('Ctrl Pts',(-51.0701076557836,-9.58654498683304,
-1.2));
#15472=CARTESIAN_POINT('Ctrl Pts',(-51.651662748304,-9.39762747402436,3.85660359314224E-24));
#15473=CARTESIAN_POINT('Ctrl Pts',(-51.651662748304,-9.39762747402436,-1.2));
#15474=CARTESIAN_POINT('Ctrl Pts',(-51.8943428197668,-9.16542486468029,
3.85660359314224E-24));
#15475=CARTESIAN_POINT('Ctrl Pts',(-51.8943428197668,-9.16542486468029,
-1.2));
#15476=CARTESIAN_POINT('Ctrl Pts',(-52.0000000000002,-9.00693909433023,
3.85660359314224E-24));
#15477=CARTESIAN_POINT('Ctrl Pts',(-52.0000000000002,-9.00693909433023,
-1.2));
#15478=CARTESIAN_POINT('',(-50.0000000000002,-9.00693909433024,1.92830179657112E-24));
#15479=CARTESIAN_POINT('',(-50.0000000000002,-9.00693909433024,-1.));
#15480=CARTESIAN_POINT('Ctrl Pts',(-50.0000000000002,-9.00693909433024,
3.85660359314224E-24));
#15481=CARTESIAN_POINT('Ctrl Pts',(-50.1056571802335,-9.1654248646803,3.85660359314224E-24));
#15482=CARTESIAN_POINT('Ctrl Pts',(-50.4290610206505,-9.48104755432472,
3.85660359314224E-24));
#15483=CARTESIAN_POINT('Ctrl Pts',(-51.0701076557836,-9.58654498683303,
3.85660359314224E-24));
#15484=CARTESIAN_POINT('Ctrl Pts',(-51.6516627483039,-9.39762747402436,
3.85660359314224E-24));
#15485=CARTESIAN_POINT('Ctrl Pts',(-51.8943428197668,-9.16542486468029,
3.85660359314224E-24));
#15486=CARTESIAN_POINT('Ctrl Pts',(-52.0000000000002,-9.00693909433023,
3.85660359314224E-24));
#15487=CARTESIAN_POINT('Ctrl Pts',(-22.0000000000018,-8.19245991237087,
1.79366120312342E-42));
#15488=CARTESIAN_POINT('Ctrl Pts',(-22.0000000000018,-8.19245991237087,
-1.2));
#15489=CARTESIAN_POINT('Ctrl Pts',(-22.0725305729723,-8.31334420065501,
1.79366120312342E-42));
#15490=CARTESIAN_POINT('Ctrl Pts',(-22.0725305729723,-8.31334420065501,
-1.2));
#15491=CARTESIAN_POINT('Ctrl Pts',(-22.244695685223,-8.51534907320635,1.79366120312342E-42));
#15492=CARTESIAN_POINT('Ctrl Pts',(-22.244695685223,-8.51534907320635,-1.2));
#15493=CARTESIAN_POINT('Ctrl Pts',(-22.61163904879,-8.71242767557296,1.79366120312342E-42));
#15494=CARTESIAN_POINT('Ctrl Pts',(-22.61163904879,-8.71242767557296,-1.2));
#15495=CARTESIAN_POINT('Ctrl Pts',(-22.8585038824113,-8.75666807800332,
1.79366120312342E-42));
#15496=CARTESIAN_POINT('Ctrl Pts',(-22.8585038824113,-8.75666807800332,
-1.2));
#15497=CARTESIAN_POINT('Ctrl Pts',(-22.9825940639959,-8.75852038824305,
1.79366120312342E-42));
#15498=CARTESIAN_POINT('Ctrl Pts',(-22.9825940639959,-8.75852038824305,
-1.2));
#15499=CARTESIAN_POINT('',(-22.9825940639958,-8.75852038824305,1.09615833677831E-42));
#15500=CARTESIAN_POINT('',(-22.9825940639959,-8.75852038824305,-1.));
#15501=CARTESIAN_POINT('',(-22.0000000000018,-8.19245991237087,-7.76534593717924E-27));
#15502=CARTESIAN_POINT('',(-22.0000000000018,-8.19245991237087,-1.));
#15503=CARTESIAN_POINT('Ctrl Pts',(-22.0000000000018,-8.19245991237087,
-1.55306918743585E-26));
#15504=CARTESIAN_POINT('Ctrl Pts',(-22.0725305729723,-8.31334420065501,
-1.55306918743584E-26));
#15505=CARTESIAN_POINT('Ctrl Pts',(-22.244695685223,-8.51534907320636,-1.55306918743586E-26));
#15506=CARTESIAN_POINT('Ctrl Pts',(-22.6116390487901,-8.71242767557295,
-1.55306918743585E-26));
#15507=CARTESIAN_POINT('Ctrl Pts',(-22.8585038824113,-8.75666807800332,
-1.55306918743585E-26));
#15508=CARTESIAN_POINT('Ctrl Pts',(-22.9825940639959,-8.75852038824305,
-1.55306918743585E-26));
#15509=CARTESIAN_POINT('Origin',(-20.6712182938101,-5.97782373538603,0.));
#15510=CARTESIAN_POINT('',(-21.5242718451336,-7.39957965425767,0.));
#15511=CARTESIAN_POINT('',(-21.6460959309428,-7.6026197972729,0.));
#15512=CARTESIAN_POINT('',(-21.5242718451336,-7.39957965425767,2.77555884774269E-16));
#15513=CARTESIAN_POINT('Ctrl Pts',(-19.5357078802288,-7.18600681543658,
2.77555884774269E-16));
#15514=CARTESIAN_POINT('Ctrl Pts',(-19.5357078802288,-7.18600681543658,
-1.2));
#15515=CARTESIAN_POINT('Ctrl Pts',(-19.6661558483658,-7.0472101773388,2.77555884774269E-16));
#15516=CARTESIAN_POINT('Ctrl Pts',(-19.6661558483658,-7.0472101773388,-1.2));
#15517=CARTESIAN_POINT('Ctrl Pts',(-20.028299604849,-6.79282030414014,2.77555884774269E-16));
#15518=CARTESIAN_POINT('Ctrl Pts',(-20.028299604849,-6.79282030414014,-1.2));
#15519=CARTESIAN_POINT('Ctrl Pts',(-20.7176898794262,-6.76342916394844,
2.77555884774269E-16));
#15520=CARTESIAN_POINT('Ctrl Pts',(-20.7176898794262,-6.76342916394844,
-1.2));
#15521=CARTESIAN_POINT('Ctrl Pts',(-21.2480535099573,-7.03526327222756,
2.77555884774269E-16));
#15522=CARTESIAN_POINT('Ctrl Pts',(-21.2480535099573,-7.03526327222756,
-1.2));
#15523=CARTESIAN_POINT('Ctrl Pts',(-21.450772451501,-7.27708066487018,2.77555884774269E-16));
#15524=CARTESIAN_POINT('Ctrl Pts',(-21.450772451501,-7.27708066487018,-1.2));
#15525=CARTESIAN_POINT('Ctrl Pts',(-21.5242718451336,-7.39957965425767,
2.77555884774269E-16));
#15526=CARTESIAN_POINT('Ctrl Pts',(-21.5242718451336,-7.39957965425767,
-1.2));
#15527=CARTESIAN_POINT('Ctrl Pts',(-19.5357078802288,-7.18600681543658,
-5.55111769548538E-16));
#15528=CARTESIAN_POINT('Ctrl Pts',(-19.6661558483658,-7.0472101773388,-5.55111769548539E-16));
#15529=CARTESIAN_POINT('Ctrl Pts',(-20.028299604849,-6.79282030414014,-5.55111769548537E-16));
#15530=CARTESIAN_POINT('Ctrl Pts',(-20.7176898794261,-6.76342916394844,
-5.5511176954854E-16));
#15531=CARTESIAN_POINT('Ctrl Pts',(-21.2480535099574,-7.03526327222755,
-5.55111769548537E-16));
#15532=CARTESIAN_POINT('Ctrl Pts',(-21.450772451501,-7.27708066487018,-5.55111769548539E-16));
#15533=CARTESIAN_POINT('Ctrl Pts',(-21.5242718451336,-7.39957965425767,
-5.55111769548538E-16));
#15534=CARTESIAN_POINT('Origin',(-48.2272005722973,-6.347739952776,0.));
#15535=CARTESIAN_POINT('',(-49.1093299493518,-7.67093401835768,2.99635117452872E-24));
#15536=CARTESIAN_POINT('',(-45.188922033611,-1.79032214474646,0.));
#15537=CARTESIAN_POINT('',(-49.1093299493518,-7.67093401835768,1.38777918513221E-16));
#15538=CARTESIAN_POINT('Ctrl Pts',(-47.1177937714313,-7.48713072123311,
1.38777918513221E-16));
#15539=CARTESIAN_POINT('Ctrl Pts',(-47.1177937714313,-7.48713072123311,
-1.2));
#15540=CARTESIAN_POINT('Ctrl Pts',(-47.2506731396512,-7.35066001873696,
1.38777918513221E-16));
#15541=CARTESIAN_POINT('Ctrl Pts',(-47.2506731396512,-7.35066001873696,
-1.2));
#15542=CARTESIAN_POINT('Ctrl Pts',(-47.6129298594448,-7.10404451244763,
1.38777918513221E-16));
#15543=CARTESIAN_POINT('Ctrl Pts',(-47.6129298594448,-7.10404451244763,
-1.2));
#15544=CARTESIAN_POINT('Ctrl Pts',(-48.288292150166,-7.06961321646281,1.38777918513221E-16));
#15545=CARTESIAN_POINT('Ctrl Pts',(-48.288292150166,-7.06961321646281,-1.2));
#15546=CARTESIAN_POINT('Ctrl Pts',(-48.8180542274641,-7.32095376869976,
1.38777918513221E-16));
#15547=CARTESIAN_POINT('Ctrl Pts',(-48.8180542274641,-7.32095376869976,
-1.2));
#15548=CARTESIAN_POINT('Ctrl Pts',(-49.0300870641768,-7.55206969059513,
1.38777918513221E-16));
#15549=CARTESIAN_POINT('Ctrl Pts',(-49.0300870641768,-7.55206969059513,
-1.2));
#15550=CARTESIAN_POINT('Ctrl Pts',(-49.1093299493518,-7.67093401835768,
1.38777918513221E-16));
#15551=CARTESIAN_POINT('Ctrl Pts',(-49.1093299493518,-7.67093401835768,
-1.2));
#15552=CARTESIAN_POINT('Ctrl Pts',(-47.1177937714313,-7.48713072123311,
-2.38734838198328E-23));
#15553=CARTESIAN_POINT('Ctrl Pts',(-47.2506731396512,-7.35066001873696,
-2.38734837909439E-23));
#15554=CARTESIAN_POINT('Ctrl Pts',(-47.6129298594448,-7.10404451244762,
-2.38734839064997E-23));
#15555=CARTESIAN_POINT('Ctrl Pts',(-48.2882921501661,-7.06961321646282,
-2.38734837078881E-23));
#15556=CARTESIAN_POINT('Ctrl Pts',(-48.8180542274641,-7.32095376869976,
-2.38734839063277E-23));
#15557=CARTESIAN_POINT('Ctrl Pts',(-49.0300870641768,-7.55206969059513,
-2.38734837350919E-23));
#15558=CARTESIAN_POINT('Ctrl Pts',(-49.1093299493518,-7.67093401835768,
-2.38734838217588E-23));
#15559=CARTESIAN_POINT('Origin',(-53.255106834957,-7.12427884189493,0.));
#15560=CARTESIAN_POINT('',(-54.2306114479604,-8.6920541127931,-1.24608300337551E-24));
#15561=CARTESIAN_POINT('',(-54.2306114479604,-8.6920541127931,0.));
#15562=CARTESIAN_POINT('',(-53.255106834957,-7.12427884189493,0.));
#15563=CARTESIAN_POINT('Ctrl Pts',(-52.2308579844809,-8.66065211760919,
0.));
#15564=CARTESIAN_POINT('Ctrl Pts',(-52.2308579844809,-8.66065211760919,
-1.2));
#15565=CARTESIAN_POINT('Ctrl Pts',(-52.3365151647142,-8.50216634725913,
0.));
#15566=CARTESIAN_POINT('Ctrl Pts',(-52.3365151647142,-8.50216634725913,
-1.2));
#15567=CARTESIAN_POINT('Ctrl Pts',(-52.6619484099533,-8.18514497338506,
0.));
#15568=CARTESIAN_POINT('Ctrl Pts',(-52.6619484099533,-8.18514497338506,
-1.2));
#15569=CARTESIAN_POINT('Ctrl Pts',(-53.3110295873253,-8.08643416240473,
0.));
#15570=CARTESIAN_POINT('Ctrl Pts',(-53.3110295873253,-8.08643416240473,
-1.2));
#15571=CARTESIAN_POINT('Ctrl Pts',(-53.8932464177941,-8.28983021801291,
0.));
#15572=CARTESIAN_POINT('Ctrl Pts',(-53.8932464177941,-8.28983021801291,
-1.2));
#15573=CARTESIAN_POINT('Ctrl Pts',(-54.1299825171428,-8.53032904540766,
0.));
#15574=CARTESIAN_POINT('Ctrl Pts',(-54.1299825171428,-8.53032904540766,
-1.2));
#15575=CARTESIAN_POINT('Ctrl Pts',(-54.2306114479604,-8.6920541127931,0.));
#15576=CARTESIAN_POINT('Ctrl Pts',(-54.2306114479604,-8.6920541127931,-1.2));
#15577=CARTESIAN_POINT('Ctrl Pts',(-52.2308579844809,-8.66065211760919,
-2.49216600675101E-24));
#15578=CARTESIAN_POINT('Ctrl Pts',(-52.3365151647142,-8.50216634725913,
-2.49216600675102E-24));
#15579=CARTESIAN_POINT('Ctrl Pts',(-52.6619484099534,-8.18514497338505,
-2.492166006751E-24));
#15580=CARTESIAN_POINT('Ctrl Pts',(-53.3110295873253,-8.08643416240474,
-2.49216600675101E-24));
#15581=CARTESIAN_POINT('Ctrl Pts',(-53.8932464177941,-8.28983021801289,
-2.49216600675101E-24));
#15582=CARTESIAN_POINT('Ctrl Pts',(-54.1299825171428,-8.53032904540766,
-2.49216600675101E-24));
#15583=CARTESIAN_POINT('Ctrl Pts',(-54.2306114479604,-8.6920541127931,-2.49216600675101E-24));
#15584=CARTESIAN_POINT('Origin',(-24.0798516832334,-8.05937377365114,0.));
#15585=CARTESIAN_POINT('',(-24.5420279576197,-10.0107847099487,0.));
#15586=CARTESIAN_POINT('',(-24.5420279576197,-10.0107847099487,1.33737458437679E-32));
#15587=CARTESIAN_POINT('',(-24.0798516832334,-8.05937377365114,0.));
#15588=CARTESIAN_POINT('Ctrl Pts',(-22.9825940639959,-8.75852038824305,
1.33737458463139E-32));
#15589=CARTESIAN_POINT('Ctrl Pts',(-22.9825940639959,-8.75852038824305,
-1.2));
#15590=CARTESIAN_POINT('Ctrl Pts',(-23.1730490371413,-8.76136333433646,
4.10137860229499E-32));
#15591=CARTESIAN_POINT('Ctrl Pts',(-23.1730490371413,-8.76136333433646,
-1.2));
#15592=CARTESIAN_POINT('Ctrl Pts',(-23.577150388797,-8.8358749859175,8.70491962518367E-32));
#15593=CARTESIAN_POINT('Ctrl Pts',(-23.577150388797,-8.8358749859175,-1.2));
#15594=CARTESIAN_POINT('Ctrl Pts',(-24.2213282942772,-9.2530704711253,1.05481539000897E-31));
#15595=CARTESIAN_POINT('Ctrl Pts',(-24.2213282942772,-9.2530704711253,-1.2));
#15596=CARTESIAN_POINT('Ctrl Pts',(-24.4761804193685,-9.73276177066588,
5.48338061092959E-32));
#15597=CARTESIAN_POINT('Ctrl Pts',(-24.4761804193685,-9.73276177066588,
-1.2));
#15598=CARTESIAN_POINT('Ctrl Pts',(-24.5420279576197,-10.0107847099487,
1.33737458437679E-32));
#15599=CARTESIAN_POINT('Ctrl Pts',(-24.5420279576197,-10.0107847099487,
-1.2));
#15600=CARTESIAN_POINT('Ctrl Pts',(-22.9825940639959,-8.75852038824305,
2.54601493761961E-42));
#15601=CARTESIAN_POINT('Ctrl Pts',(-23.1730490371413,-8.76136333433646,
2.76400401791821E-32));
#15602=CARTESIAN_POINT('Ctrl Pts',(-23.5771503887971,-8.8358749859175,7.36754504080689E-32));
#15603=CARTESIAN_POINT('Ctrl Pts',(-24.2213282942771,-9.25307047112529,
9.21077931571291E-32));
#15604=CARTESIAN_POINT('Ctrl Pts',(-24.4761804193685,-9.73276177066588,
4.1460060265528E-32));
#15605=CARTESIAN_POINT('Ctrl Pts',(-24.5420279576197,-10.0107847099487,
0.));
#15606=CARTESIAN_POINT('Origin',(-27.5000000000009,22.5,0.));
#15607=CARTESIAN_POINT('',(-27.5000000000009,24.5135972742796,-6.8182202519255E-25));
#15608=CARTESIAN_POINT('',(-27.5000000000009,24.5135972742796,-1.00000000000001));
#15609=CARTESIAN_POINT('',(-27.500000000001,30.9999999999996,0.));
#15610=CARTESIAN_POINT('',(-27.500000000001,30.9999999999996,0.));
#15611=CARTESIAN_POINT('',(-27.5000000000009,22.5,0.));
#15612=CARTESIAN_POINT('Origin',(-65.0000000000011,26.,0.));
#15613=CARTESIAN_POINT('',(-65.0000000000014,28.0800313969372,-5.73896042617688E-25));
#15614=CARTESIAN_POINT('',(-65.0000000000014,28.0800313969372,-1.));
#15615=CARTESIAN_POINT('',(-65.0000000000024,34.5000000000003,0.));
#15616=CARTESIAN_POINT('',(-65.0000000000024,34.5000000000003,0.));
#15617=CARTESIAN_POINT('',(-65.0000000000011,26.,0.));
#15618=CARTESIAN_POINT('Origin',(-70.0000000000026,25.9999999999996,0.));
#15619=CARTESIAN_POINT('',(-70.5197311643461,24.0510081337108,5.07040111871647E-25));
#15620=CARTESIAN_POINT('',(-70.5197311643461,24.0510081337108,-1.));
#15621=CARTESIAN_POINT('',(-70.0000000000026,25.9999999999996,0.));
#15622=CARTESIAN_POINT('Origin',(-5.5,16.8,0.));
#15623=CARTESIAN_POINT('',(-5.49999999999998,18.839064714076,-5.00864812959655E-25));
#15624=CARTESIAN_POINT('',(-5.49999999999998,18.839064714076,-1.));
#15625=CARTESIAN_POINT('',(-5.4999999999999,25.3,0.));
#15626=CARTESIAN_POINT('',(-5.4999999999999,25.3,0.));
#15627=CARTESIAN_POINT('',(-5.49999999999989,26.8,0.));
#15628=CARTESIAN_POINT('Origin',(-68.5000000000026,34.5000000000003,0.));
#15629=CARTESIAN_POINT('',(-70.0000000000026,34.5000000000003,0.));
#15630=CARTESIAN_POINT('',(-70.0000000000026,34.5000000000003,0.));
#15631=CARTESIAN_POINT('',(-68.5000000000025,36.0000000000003,0.));
#15632=CARTESIAN_POINT('Origin',(-68.5000000000026,34.5000000000003,0.));
#15633=CARTESIAN_POINT('',(-68.5000000000025,36.0000000000003,0.));
#15634=CARTESIAN_POINT('Origin',(-65.0000000000026,36.,0.));
#15635=CARTESIAN_POINT('',(-66.5000000000023,36.0000000000001,0.));
#15636=CARTESIAN_POINT('',(-66.5000000000023,36.0000000000001,0.));
#15637=CARTESIAN_POINT('',(-65.0000000000026,36.,0.));
#15638=CARTESIAN_POINT('Origin',(-66.5000000000024,34.5000000000001,0.));
#15639=CARTESIAN_POINT('Origin',(-66.5000000000024,34.5000000000001,0.));
#15640=CARTESIAN_POINT('Origin',(-31.0000000000009,30.9999999999991,0.));
#15641=CARTESIAN_POINT('',(-32.5000000000009,30.999999999999,0.));
#15642=CARTESIAN_POINT('',(-32.5000000000009,30.999999999999,0.));
#15643=CARTESIAN_POINT('',(-31.0000000000013,32.4999999999991,0.));
#15644=CARTESIAN_POINT('Origin',(-31.0000000000009,30.9999999999991,0.));
#15645=CARTESIAN_POINT('',(-31.0000000000013,32.4999999999991,0.));
#15646=CARTESIAN_POINT('Origin',(-27.500000000001,32.5,0.));
#15647=CARTESIAN_POINT('',(-29.0000000000014,32.4999999999996,0.));
#15648=CARTESIAN_POINT('',(-29.0000000000014,32.4999999999996,0.));
#15649=CARTESIAN_POINT('',(-27.500000000001,32.5,0.));
#15650=CARTESIAN_POINT('Origin',(-29.000000000001,30.9999999999996,0.));
#15651=CARTESIAN_POINT('Origin',(-29.000000000001,30.9999999999996,0.));
#15652=CARTESIAN_POINT('Origin',(-8.9999999999999,25.3,0.));
#15653=CARTESIAN_POINT('',(-10.4999999999999,25.3,0.));
#15654=CARTESIAN_POINT('',(-10.4999999999999,25.3,0.));
#15655=CARTESIAN_POINT('',(-8.99999999999989,26.8,0.));
#15656=CARTESIAN_POINT('Origin',(-8.9999999999999,25.3,0.));
#15657=CARTESIAN_POINT('',(-8.99999999999989,26.8,0.));
#15658=CARTESIAN_POINT('Origin',(-5.49999999999989,26.8,0.));
#15659=CARTESIAN_POINT('',(-6.9999999999999,26.8,0.));
#15660=CARTESIAN_POINT('',(-6.9999999999999,26.8,0.));
#15661=CARTESIAN_POINT('',(-5.49999999999989,26.8,0.));
#15662=CARTESIAN_POINT('Origin',(-6.99999999999991,25.3,0.));
#15663=CARTESIAN_POINT('Origin',(-6.99999999999991,25.3,0.));
#15664=CARTESIAN_POINT('Origin',(-5.34266661773301E-17,3.5,0.));
#15665=CARTESIAN_POINT('',(-4.72077708997956,14.9156973266778,-5.00864812959655E-25));
#15666=CARTESIAN_POINT('',(-4.72077708997956,14.9156973266778,1.38777945510503E-16));
#15667=CARTESIAN_POINT('',(-5.34266661773301E-17,3.5,0.));
#15668=CARTESIAN_POINT('',(-5.34266661773301E-17,3.5,0.));
#15669=CARTESIAN_POINT('',(-5.34266661773301E-17,3.5,0.));
#15670=CARTESIAN_POINT('Ctrl Pts',(-5.49999999999998,18.839064714076,1.38777945510503E-16));
#15671=CARTESIAN_POINT('Ctrl Pts',(-5.49999999999998,18.839064714076,-1.2));
#15672=CARTESIAN_POINT('Ctrl Pts',(-5.49999999999999,17.5057313807427,1.38777945510503E-16));
#15673=CARTESIAN_POINT('Ctrl Pts',(-5.49999999999999,17.5057313807427,-1.2));
#15674=CARTESIAN_POINT('Ctrl Pts',(-5.2303067154275,16.1478326027611,1.38777945510503E-16));
#15675=CARTESIAN_POINT('Ctrl Pts',(-5.2303067154275,16.1478326027611,-1.2));
#15676=CARTESIAN_POINT('Ctrl Pts',(-4.72077708997956,14.9156973266778,1.38777945510503E-16));
#15677=CARTESIAN_POINT('Ctrl Pts',(-4.72077708997956,14.9156973266778,-1.2));
#15678=CARTESIAN_POINT('Origin',(-0.237030410413115,17.8452822980876,3.1236037782926E-24));
#15679=CARTESIAN_POINT('Origin',(-10.4999999999999,26.8,0.));
#15680=CARTESIAN_POINT('',(-10.5,18.9512327187284,-4.62666706522332E-25));
#15681=CARTESIAN_POINT('',(-10.5,18.9512327187284,1.11022353815327E-15));
#15682=CARTESIAN_POINT('',(-10.5,16.8,0.));
#15683=CARTESIAN_POINT('Ctrl Pts',(-11.9732756700269,15.2324346870914,1.11022353815327E-15));
#15684=CARTESIAN_POINT('Ctrl Pts',(-11.9732756700269,15.2324346870914,-1.2));
#15685=CARTESIAN_POINT('Ctrl Pts',(-11.4514837974788,15.7876212394825,1.11022353815327E-15));
#15686=CARTESIAN_POINT('Ctrl Pts',(-11.4514837974788,15.7876212394825,-1.2));
#15687=CARTESIAN_POINT('Ctrl Pts',(-10.7153057602709,17.0023651664801,1.11022353815327E-15));
#15688=CARTESIAN_POINT('Ctrl Pts',(-10.7153057602709,17.0023651664801,-1.2));
#15689=CARTESIAN_POINT('Ctrl Pts',(-10.5,18.3798041472998,1.11022353815327E-15));
#15690=CARTESIAN_POINT('Ctrl Pts',(-10.5,18.3798041472998,-1.2));
#15691=CARTESIAN_POINT('Ctrl Pts',(-10.5,18.9512327187284,1.11022353815327E-15));
#15692=CARTESIAN_POINT('Ctrl Pts',(-10.5,18.9512327187284,-1.2));
#15693=CARTESIAN_POINT('',(-11.9732756700269,15.2324346870914,-4.62666706522332E-25));
#15694=CARTESIAN_POINT('Ctrl Pts',(-11.9732756700269,15.2324346870914,-9.25333102267148E-25));
#15695=CARTESIAN_POINT('Ctrl Pts',(-11.4514837974788,15.7876212394825,-9.25332408932368E-25));
#15696=CARTESIAN_POINT('Ctrl Pts',(-10.7153057602709,17.0023651664801,-9.25335213086367E-25));
#15697=CARTESIAN_POINT('Ctrl Pts',(-10.5,18.3798041472998,-9.25331515300874E-25));
#15698=CARTESIAN_POINT('Ctrl Pts',(-10.5,18.9512327187284,-9.25332901970434E-25));
#15699=CARTESIAN_POINT('',(-11.9732756700269,15.2324346870914,-1.));
#15700=CARTESIAN_POINT('Origin',(-24.0798516832334,8.05937377365114,0.));
#15701=CARTESIAN_POINT('',(-24.5420279576197,10.0107847099487,0.));
#15702=CARTESIAN_POINT('',(-24.5420279576197,10.0107847099487,-1.));
#15703=CARTESIAN_POINT('',(-27.0359335176086,20.5406081854549,-6.8182202519255E-25));
#15704=CARTESIAN_POINT('',(-27.0359335176086,20.5406081854549,-2.29588740394978E-40));
#15705=CARTESIAN_POINT('',(-24.0798516832334,8.05937377365114,0.));
#15706=CARTESIAN_POINT('Ctrl Pts',(-27.5000000000009,24.5135972742796,-2.29588634005259E-40));
#15707=CARTESIAN_POINT('Ctrl Pts',(-27.5000000000009,24.5135972742796,-1.20000000000001));
#15708=CARTESIAN_POINT('Ctrl Pts',(-27.5000000000009,23.1802639409463,-2.29588669229025E-40));
#15709=CARTESIAN_POINT('Ctrl Pts',(-27.5000000000009,23.1802639409463,-1.20000000000001));
#15710=CARTESIAN_POINT('Ctrl Pts',(-27.3432220294476,21.8380485687749,-2.29588705171212E-40));
#15711=CARTESIAN_POINT('Ctrl Pts',(-27.3432220294476,21.8380485687749,-1.20000000000001));
#15712=CARTESIAN_POINT('Ctrl Pts',(-27.0359335176086,20.5406081854549,-2.29588740394978E-40));
#15713=CARTESIAN_POINT('Ctrl Pts',(-27.0359335176086,20.5406081854549,-1.20000000000001));
#15714=CARTESIAN_POINT('Origin',(-18.8040288803898,23.5157361720073,-1.3636440503851E-24));
#15715=CARTESIAN_POINT('Origin',(-32.500000000001,32.4999999999987,0.));
#15716=CARTESIAN_POINT('',(-32.5000000000006,24.6588712088035,-2.09560802362354E-24));
#15717=CARTESIAN_POINT('',(-32.5000000000006,24.6588712088035,1.38777935267377E-16));
#15718=CARTESIAN_POINT('',(-32.500000000001,32.4999999999987,0.));
#15719=CARTESIAN_POINT('Ctrl Pts',(-34.0060645720429,20.9532309800659,1.38777935267377E-16));
#15720=CARTESIAN_POINT('Ctrl Pts',(-34.0060645720429,20.9532309800659,-1.2));
#15721=CARTESIAN_POINT('Ctrl Pts',(-33.4745470991632,21.4991137900505,1.38777935267377E-16));
#15722=CARTESIAN_POINT('Ctrl Pts',(-33.4745470991632,21.4991137900505,-1.2));
#15723=CARTESIAN_POINT('Ctrl Pts',(-32.7205084284107,22.7077842154357,1.38777935267377E-16));
#15724=CARTESIAN_POINT('Ctrl Pts',(-32.7205084284107,22.7077842154357,-1.2));
#15725=CARTESIAN_POINT('Ctrl Pts',(-32.5000000000005,24.087442637375,1.38777935267377E-16));
#15726=CARTESIAN_POINT('Ctrl Pts',(-32.5000000000005,24.087442637375,-1.2));
#15727=CARTESIAN_POINT('Ctrl Pts',(-32.5000000000006,24.6588712088035,1.38777935267377E-16));
#15728=CARTESIAN_POINT('Ctrl Pts',(-32.5000000000006,24.6588712088035,-1.2));
#15729=CARTESIAN_POINT('',(-34.0060645720429,20.9532309800659,-2.09560802362354E-24));
#15730=CARTESIAN_POINT('Ctrl Pts',(-34.0060645720429,20.9532309800659,-7.1198607720653E-24));
#15731=CARTESIAN_POINT('Ctrl Pts',(-33.4745470991632,21.4991137900505,-7.1198607142874E-24));
#15732=CARTESIAN_POINT('Ctrl Pts',(-32.7205084284107,22.7077842154356,-7.11986091651005E-24));
#15733=CARTESIAN_POINT('Ctrl Pts',(-32.5000000000005,24.087442637375,-7.11986065843543E-24));
#15734=CARTESIAN_POINT('Ctrl Pts',(-32.5000000000006,24.6588712088035,-7.11986077399123E-24));
#15735=CARTESIAN_POINT('',(-34.0060645720429,20.9532309800659,-1.));
#15736=CARTESIAN_POINT('Origin',(-53.255106834957,7.12427884189493,0.));
#15737=CARTESIAN_POINT('',(-54.2306114479604,8.6920541127931,-1.49882269942417E-24));
#15738=CARTESIAN_POINT('',(-54.2306114479604,8.6920541127931,-1.));
#15739=CARTESIAN_POINT('',(-63.9011154884115,24.233935606374,-5.73896042617688E-25));
#15740=CARTESIAN_POINT('',(-63.9011154884115,24.233935606374,3.6082265008624E-15));
#15741=CARTESIAN_POINT('',(-53.255106834957,7.12427884189493,0.));
#15742=CARTESIAN_POINT('Ctrl Pts',(-65.0000000000014,28.0800313969372,3.6082265008624E-15));
#15743=CARTESIAN_POINT('Ctrl Pts',(-65.0000000000014,28.0800313969372,-1.2));
#15744=CARTESIAN_POINT('Ctrl Pts',(-65.0000000000012,26.7466980636039,3.6082265008624E-15));
#15745=CARTESIAN_POINT('Ctrl Pts',(-65.0000000000012,26.7466980636039,-1.2));
#15746=CARTESIAN_POINT('Ctrl Pts',(-64.6055180041349,25.3660110780721,3.6082265008624E-15));
#15747=CARTESIAN_POINT('Ctrl Pts',(-64.6055180041349,25.3660110780721,-1.2));
#15748=CARTESIAN_POINT('Ctrl Pts',(-63.9011154884115,24.233935606374,3.6082265008624E-15));
#15749=CARTESIAN_POINT('Ctrl Pts',(-63.9011154884115,24.233935606374,-1.2));
#15750=CARTESIAN_POINT('Ctrl Pts',(-65.0000000000014,28.0800313969372,-7.62038648367366E-25));
#15751=CARTESIAN_POINT('Ctrl Pts',(-65.0000000000012,26.7466980636039,-7.62038648367366E-25));
#15752=CARTESIAN_POINT('Ctrl Pts',(-64.6055180041349,25.3660110780721,-7.62038648367366E-25));
#15753=CARTESIAN_POINT('Ctrl Pts',(-63.9011154884115,24.233935606374,-7.62038648367366E-25));
#15754=CARTESIAN_POINT('Origin',(-70.0000000000026,36.0000000000004,0.));
#15755=CARTESIAN_POINT('',(-70.0000000000026,28.01709934759,5.07040111871647E-25));
#15756=CARTESIAN_POINT('',(-70.0000000000026,28.01709934759,1.01881363788709E-24));
#15757=CARTESIAN_POINT('',(-70.0000000000026,36.0000000000004,0.));
#15758=CARTESIAN_POINT('Ctrl Pts',(-70.5197311643461,24.0510081337108,1.01881363788709E-24));
#15759=CARTESIAN_POINT('Ctrl Pts',(-70.5197311643461,24.0510081337108,-1.2));
#15760=CARTESIAN_POINT('Ctrl Pts',(-70.1761809635991,25.3393213865125,1.01881363788709E-24));
#15761=CARTESIAN_POINT('Ctrl Pts',(-70.1761809635991,25.3393213865125,-1.2));
#15762=CARTESIAN_POINT('Ctrl Pts',(-70.0000000000026,26.6837660142567,1.01881363788709E-24));
#15763=CARTESIAN_POINT('Ctrl Pts',(-70.0000000000026,26.6837660142567,-1.2));
#15764=CARTESIAN_POINT('Ctrl Pts',(-70.0000000000026,28.01709934759,1.01881363788709E-24));
#15765=CARTESIAN_POINT('Ctrl Pts',(-70.0000000000026,28.01709934759,-1.2));
#15766=CARTESIAN_POINT('Origin',(-77.7820898954454,27.0197936517946,1.01408022374329E-24));
#15767=CARTESIAN_POINT('Ctrl Pts',(-52.0000000000002,9.00693909433023,3.22841175868389E-25));
#15768=CARTESIAN_POINT('Ctrl Pts',(-52.0000000000002,9.00693909433023,-1.2));
#15769=CARTESIAN_POINT('Ctrl Pts',(-51.8943428197668,9.16542486468029,3.22841175868389E-25));
#15770=CARTESIAN_POINT('Ctrl Pts',(-51.8943428197668,9.16542486468029,-1.2));
#15771=CARTESIAN_POINT('Ctrl Pts',(-51.57093897935,9.48104755432472,3.22841175868389E-25));
#15772=CARTESIAN_POINT('Ctrl Pts',(-51.57093897935,9.48104755432472,-1.2));
#15773=CARTESIAN_POINT('Ctrl Pts',(-50.9298923442167,9.58654498683304,3.22841175868389E-25));
#15774=CARTESIAN_POINT('Ctrl Pts',(-50.9298923442167,9.58654498683304,-1.2));
#15775=CARTESIAN_POINT('Ctrl Pts',(-50.3483372516964,9.39762747402436,3.22841175868389E-25));
#15776=CARTESIAN_POINT('Ctrl Pts',(-50.3483372516964,9.39762747402436,-1.2));
#15777=CARTESIAN_POINT('Ctrl Pts',(-50.1056571802335,9.1654248646803,3.22841175868389E-25));
#15778=CARTESIAN_POINT('Ctrl Pts',(-50.1056571802335,9.1654248646803,-1.2));
#15779=CARTESIAN_POINT('Ctrl Pts',(-50.0000000000002,9.00693909433023,3.22841175868389E-25));
#15780=CARTESIAN_POINT('Ctrl Pts',(-50.0000000000002,9.00693909433023,-1.2));
#15781=CARTESIAN_POINT('',(-52.0000000000002,9.00693909433023,-2.5881528231575E-24));
#15782=CARTESIAN_POINT('',(-52.0000000000002,9.00693909433023,-1.));
#15783=CARTESIAN_POINT('',(-50.0000000000002,9.00693909433023,-2.5881528231575E-24));
#15784=CARTESIAN_POINT('Ctrl Pts',(-52.0000000000002,9.00693909433023,-5.176305646315E-24));
#15785=CARTESIAN_POINT('Ctrl Pts',(-51.8943428197668,9.16542486468029,-5.17630564631502E-24));
#15786=CARTESIAN_POINT('Ctrl Pts',(-51.57093897935,9.48104755432473,-5.17630564631498E-24));
#15787=CARTESIAN_POINT('Ctrl Pts',(-50.9298923442168,9.58654498683304,-5.17630564631502E-24));
#15788=CARTESIAN_POINT('Ctrl Pts',(-50.3483372516963,9.39762747402435,-5.17630564631499E-24));
#15789=CARTESIAN_POINT('Ctrl Pts',(-50.1056571802335,9.1654248646803,-5.17630564631502E-24));
#15790=CARTESIAN_POINT('Ctrl Pts',(-50.0000000000002,9.00693909433023,-5.176305646315E-24));
#15791=CARTESIAN_POINT('',(-50.0000000000002,9.00693909433023,3.22841175868389E-25));
#15792=CARTESIAN_POINT('Origin',(-10.5,16.8,0.));
#15793=CARTESIAN_POINT('',(-19.5357078802288,7.18600681543658,0.));
#15794=CARTESIAN_POINT('',(-19.5357078802288,7.18600681543658,2.77555884774269E-16));
#15795=CARTESIAN_POINT('',(-10.5,16.8,0.));
#15796=CARTESIAN_POINT('Ctrl Pts',(-21.5242718451336,7.39957965425767,2.77555884774269E-16));
#15797=CARTESIAN_POINT('Ctrl Pts',(-21.5242718451336,7.39957965425767,-1.2));
#15798=CARTESIAN_POINT('Ctrl Pts',(-21.4262726536235,7.23624766840769,2.77555884774269E-16));
#15799=CARTESIAN_POINT('Ctrl Pts',(-21.4262726536235,7.23624766840769,-1.2));
#15800=CARTESIAN_POINT('Ctrl Pts',(-21.1264082965576,6.91075776793882,2.77555884774269E-16));
#15801=CARTESIAN_POINT('Ctrl Pts',(-21.1264082965576,6.91075776793882,-1.2));
#15802=CARTESIAN_POINT('Ctrl Pts',(-20.4589819808973,6.73564379657309,2.77555884774269E-16));
#15803=CARTESIAN_POINT('Ctrl Pts',(-20.4589819808973,6.73564379657309,-1.2));
#15804=CARTESIAN_POINT('Ctrl Pts',(-19.8829897685222,6.8886546925815,2.77555884774269E-16));
#15805=CARTESIAN_POINT('Ctrl Pts',(-19.8829897685222,6.8886546925815,-1.2));
#15806=CARTESIAN_POINT('Ctrl Pts',(-19.6335438563315,7.08190933686324,2.77555884774269E-16));
#15807=CARTESIAN_POINT('Ctrl Pts',(-19.6335438563315,7.08190933686324,-1.2));
#15808=CARTESIAN_POINT('Ctrl Pts',(-19.5357078802288,7.18600681543658,2.77555884774269E-16));
#15809=CARTESIAN_POINT('Ctrl Pts',(-19.5357078802288,7.18600681543658,-1.2));
#15810=CARTESIAN_POINT('',(-21.5242718451336,7.39957965425767,0.));
#15811=CARTESIAN_POINT('Ctrl Pts',(-21.5242718451336,7.39957965425767,-5.55111769548538E-16));
#15812=CARTESIAN_POINT('Ctrl Pts',(-21.4262726536235,7.23624766840769,-5.55111769548539E-16));
#15813=CARTESIAN_POINT('Ctrl Pts',(-21.1264082965577,6.91075776793883,-5.55111769548537E-16));
#15814=CARTESIAN_POINT('Ctrl Pts',(-20.4589819808973,6.73564379657309,-5.5511176954854E-16));
#15815=CARTESIAN_POINT('Ctrl Pts',(-19.8829897685221,6.8886546925815,-5.55111769548537E-16));
#15816=CARTESIAN_POINT('Ctrl Pts',(-19.6335438563315,7.08190933686324,-5.55111769548539E-16));
#15817=CARTESIAN_POINT('Ctrl Pts',(-19.5357078802288,7.18600681543658,-5.55111769548538E-16));
#15818=CARTESIAN_POINT('',(-21.5242718451336,7.39957965425767,-1.));
#15819=CARTESIAN_POINT('Origin',(-32.5000000000005,22.5000000000015,0.));
#15820=CARTESIAN_POINT('',(-47.1177937714313,7.48713072123311,2.99635117452872E-24));
#15821=CARTESIAN_POINT('',(-47.1177937714313,7.48713072123311,2.77555890785341E-16));
#15822=CARTESIAN_POINT('',(-32.5000000000005,22.5000000000015,0.));
#15823=CARTESIAN_POINT('Ctrl Pts',(-49.1093299493518,7.67093401835768,2.77555890785341E-16));
#15824=CARTESIAN_POINT('Ctrl Pts',(-49.1093299493518,7.67093401835768,-1.2));
#15825=CARTESIAN_POINT('Ctrl Pts',(-49.0036727691184,7.51244824800762,2.77555890785341E-16));
#15826=CARTESIAN_POINT('Ctrl Pts',(-49.0036727691184,7.51244824800762,-1.2));
#15827=CARTESIAN_POINT('Ctrl Pts',(-48.6926721427784,7.20369632591795,2.77555890785341E-16));
#15828=CARTESIAN_POINT('Ctrl Pts',(-48.6926721427784,7.20369632591795,-1.2));
#15829=CARTESIAN_POINT('Ctrl Pts',(-48.0350197580849,7.04623814487172,2.77555890785341E-16));
#15830=CARTESIAN_POINT('Ctrl Pts',(-48.0350197580849,7.04623814487172,-1.2));
#15831=CARTESIAN_POINT('Ctrl Pts',(-47.4682046099593,7.19637314944193,2.77555890785341E-16));
#15832=CARTESIAN_POINT('Ctrl Pts',(-47.4682046099593,7.19637314944193,-1.2));
#15833=CARTESIAN_POINT('Ctrl Pts',(-47.2174532975963,7.384777694361,2.77555890785341E-16));
#15834=CARTESIAN_POINT('Ctrl Pts',(-47.2174532975963,7.384777694361,-1.2));
#15835=CARTESIAN_POINT('Ctrl Pts',(-47.1177937714313,7.48713072123311,2.77555890785341E-16));
#15836=CARTESIAN_POINT('Ctrl Pts',(-47.1177937714313,7.48713072123311,-1.2));
#15837=CARTESIAN_POINT('',(-49.1093299493518,7.67093401835768,2.99635117452872E-24));
#15838=CARTESIAN_POINT('Ctrl Pts',(-49.1093299493518,7.67093401835768,-5.55111763534889E-16));
#15839=CARTESIAN_POINT('Ctrl Pts',(-49.0036727691184,7.51244824800762,-5.55111763534887E-16));
#15840=CARTESIAN_POINT('Ctrl Pts',(-48.6926721427784,7.20369632591794,-5.55111763534891E-16));
#15841=CARTESIAN_POINT('Ctrl Pts',(-48.035019758085,7.04623814487173,-5.55111763534887E-16));
#15842=CARTESIAN_POINT('Ctrl Pts',(-47.4682046099593,7.19637314944193,-5.55111763534891E-16));
#15843=CARTESIAN_POINT('Ctrl Pts',(-47.2174532975963,7.384777694361,-5.55111763534888E-16));
#15844=CARTESIAN_POINT('Ctrl Pts',(-47.1177937714313,7.48713072123311,-5.55111763534889E-16));
#15845=CARTESIAN_POINT('',(-49.1093299493518,7.67093401835768,-1.));
#15846=CARTESIAN_POINT('Ctrl Pts',(-54.2306114479604,8.6920541127931,0.));
#15847=CARTESIAN_POINT('Ctrl Pts',(-54.2306114479604,8.6920541127931,-1.2));
#15848=CARTESIAN_POINT('Ctrl Pts',(-54.1299825171428,8.53032904540766,0.));
#15849=CARTESIAN_POINT('Ctrl Pts',(-54.1299825171428,8.53032904540766,-1.2));
#15850=CARTESIAN_POINT('Ctrl Pts',(-53.8146636008809,8.203245983102,0.));
#15851=CARTESIAN_POINT('Ctrl Pts',(-53.8146636008809,8.203245983102,-1.2));
#15852=CARTESIAN_POINT('Ctrl Pts',(-53.1690017825275,8.08420390926418,0.));
#15853=CARTESIAN_POINT('Ctrl Pts',(-53.1690017825275,8.08420390926418,-1.2));
#15854=CARTESIAN_POINT('Ctrl Pts',(-52.580685755149,8.26921916552084,0.));
#15855=CARTESIAN_POINT('Ctrl Pts',(-52.580685755149,8.26921916552084,-1.2));
#15856=CARTESIAN_POINT('Ctrl Pts',(-52.3365151647142,8.50216634725913,0.));
#15857=CARTESIAN_POINT('Ctrl Pts',(-52.3365151647142,8.50216634725913,-1.2));
#15858=CARTESIAN_POINT('Ctrl Pts',(-52.2308579844809,8.66065211760919,0.));
#15859=CARTESIAN_POINT('Ctrl Pts',(-52.2308579844809,8.66065211760919,-1.2));
#15860=CARTESIAN_POINT('',(-52.2308579844809,8.66065211760919,-1.49882269942417E-24));
#15861=CARTESIAN_POINT('Ctrl Pts',(-54.2306114479604,8.6920541127931,-2.99764539884834E-24));
#15862=CARTESIAN_POINT('Ctrl Pts',(-54.1299825171428,8.53032904540766,-2.99764539884835E-24));
#15863=CARTESIAN_POINT('Ctrl Pts',(-53.8146636008808,8.203245983102,-2.99764539884833E-24));
#15864=CARTESIAN_POINT('Ctrl Pts',(-53.1690017825276,8.08420390926418,-2.99764539884836E-24));
#15865=CARTESIAN_POINT('Ctrl Pts',(-52.580685755149,8.26921916552083,-2.99764539884833E-24));
#15866=CARTESIAN_POINT('Ctrl Pts',(-52.3365151647142,8.50216634725913,-2.99764539884835E-24));
#15867=CARTESIAN_POINT('Ctrl Pts',(-52.2308579844809,8.66065211760919,-2.99764539884834E-24));
#15868=CARTESIAN_POINT('',(-52.2308579844809,8.66065211760919,0.));
#15869=CARTESIAN_POINT('Ctrl Pts',(-22.9825940639959,8.75852038824305,2.06558273900826E-26));
#15870=CARTESIAN_POINT('Ctrl Pts',(-22.9825940639959,8.75852038824305,-1.2));
#15871=CARTESIAN_POINT('Ctrl Pts',(-22.8585038824113,8.75666807800332,2.06558273900826E-26));
#15872=CARTESIAN_POINT('Ctrl Pts',(-22.8585038824113,8.75666807800332,-1.2));
#15873=CARTESIAN_POINT('Ctrl Pts',(-22.61163904879,8.71242767557295,2.06558273900826E-26));
#15874=CARTESIAN_POINT('Ctrl Pts',(-22.61163904879,8.71242767557295,-1.2));
#15875=CARTESIAN_POINT('Ctrl Pts',(-22.244695685223,8.51534907320635,2.06558273900826E-26));
#15876=CARTESIAN_POINT('Ctrl Pts',(-22.244695685223,8.51534907320635,-1.2));
#15877=CARTESIAN_POINT('Ctrl Pts',(-22.0725305729723,8.313344200655,2.06558273900826E-26));
#15878=CARTESIAN_POINT('Ctrl Pts',(-22.0725305729723,8.313344200655,-1.2));
#15879=CARTESIAN_POINT('Ctrl Pts',(-22.0000000000018,8.19245991237087,2.06558273900826E-26));
#15880=CARTESIAN_POINT('Ctrl Pts',(-22.0000000000018,8.19245991237087,-1.2));
#15881=CARTESIAN_POINT('',(-22.9825940639958,8.75852038824305,2.83143046831177E-28));
#15882=CARTESIAN_POINT('',(-22.9825940639958,8.75852038824305,1.5794209965425E-31));
#15883=CARTESIAN_POINT('',(-22.0000000000018,8.19245991237087,6.44523712786074E-27));
#15884=CARTESIAN_POINT('Ctrl Pts',(-22.9825940639959,8.75852038824305,5.75493002405861E-28));
#15885=CARTESIAN_POINT('Ctrl Pts',(-22.8585038824113,8.75666807800332,5.75493002405849E-28));
#15886=CARTESIAN_POINT('Ctrl Pts',(-22.6116390487899,8.71242767557294,5.75493002405881E-28));
#15887=CARTESIAN_POINT('Ctrl Pts',(-22.2446956852231,8.51534907320637,5.75493002405837E-28));
#15888=CARTESIAN_POINT('Ctrl Pts',(-22.0725305729723,8.313344200655,5.75493002405887E-28));
#15889=CARTESIAN_POINT('Ctrl Pts',(-22.0000000000018,8.19245991237087,5.75493002405862E-28));
#15890=CARTESIAN_POINT('',(-22.0000000000018,8.19245991237087,2.06558273900826E-26));
#15891=CARTESIAN_POINT('Ctrl Pts',(-24.5420279576197,10.0107847099487,1.57942099656857E-31));
#15892=CARTESIAN_POINT('Ctrl Pts',(-24.5420279576197,10.0107847099487,-1.2));
#15893=CARTESIAN_POINT('Ctrl Pts',(-24.4981295987856,9.82543608376017,1.02662019303005E-31));
#15894=CARTESIAN_POINT('Ctrl Pts',(-24.4981295987856,9.82543608376017,-1.2));
#15895=CARTESIAN_POINT('Ctrl Pts',(-24.3381231839853,9.44695512538301,1.05911988438385E-32));
#15896=CARTESIAN_POINT('Ctrl Pts',(-24.3381231839853,9.44695512538301,-1.2));
#15897=CARTESIAN_POINT('Ctrl Pts',(-23.7916796424926,8.908051884766,-2.62734866572212E-32));
#15898=CARTESIAN_POINT('Ctrl Pts',(-23.7916796424926,8.908051884766,-1.2));
#15899=CARTESIAN_POINT('Ctrl Pts',(-23.268276523714,8.76278480738316,7.50219791240612E-32));
#15900=CARTESIAN_POINT('Ctrl Pts',(-23.268276523714,8.76278480738316,-1.2));
#15901=CARTESIAN_POINT('Ctrl Pts',(-22.9825940639958,8.75852038824305,1.5794209965425E-31));
#15902=CARTESIAN_POINT('Ctrl Pts',(-22.9825940639958,8.75852038824305,-1.2));
#15903=CARTESIAN_POINT('Ctrl Pts',(-24.5420279576197,10.0107847099487,2.73691106313441E-47));
#15904=CARTESIAN_POINT('Ctrl Pts',(-24.4981295987856,9.82543608376017,-5.52800803538507E-32));
#15905=CARTESIAN_POINT('Ctrl Pts',(-24.3381231839854,9.44695512538301,-1.47350900813019E-31));
#15906=CARTESIAN_POINT('Ctrl Pts',(-23.7916796424926,8.90805188476599,-1.84215586314077E-31));
#15907=CARTESIAN_POINT('Ctrl Pts',(-23.268276523714,8.76278480738316,-8.29201205327958E-32));
#15908=CARTESIAN_POINT('Ctrl Pts',(-22.9825940639958,8.75852038824305,-2.60622355986974E-42));
#15909=CARTESIAN_POINT('Ctrl Pts',(-48.,-1.5,8.97161230979476E-24));
#15910=CARTESIAN_POINT('Ctrl Pts',(-48.,-1.5,-0.240000000000001));
#15911=CARTESIAN_POINT('Ctrl Pts',(-47.8415142296499,-1.2622713444749,8.97161230979476E-24));
#15912=CARTESIAN_POINT('Ctrl Pts',(-47.8415142296499,-1.2622713444749,-0.240000000000001));
#15913=CARTESIAN_POINT('Ctrl Pts',(-47.5858229005659,-0.711808457228407,
8.97161230979477E-24));
#15914=CARTESIAN_POINT('Ctrl Pts',(-47.5858229005659,-0.711808457228407,
-0.240000000000001));
#15915=CARTESIAN_POINT('Ctrl Pts',(-47.4863206154976,0.400212035141175,
8.97161230979477E-24));
#15916=CARTESIAN_POINT('Ctrl Pts',(-47.4863206154976,0.400212035141175,
-0.240000000000001));
#15917=CARTESIAN_POINT('Ctrl Pts',(-47.7622713444749,1.14340701671235,8.97161230979476E-24));
#15918=CARTESIAN_POINT('Ctrl Pts',(-47.7622713444749,1.14340701671235,-0.240000000000001));
#15919=CARTESIAN_POINT('Ctrl Pts',(-48.,1.5,8.97161230979476E-24));
#15920=CARTESIAN_POINT('Ctrl Pts',(-48.,1.5,-0.240000000000001));
#15921=CARTESIAN_POINT('Ctrl Pts',(-48.,-1.5,-1.1102235301588E-15));
#15922=CARTESIAN_POINT('Ctrl Pts',(-47.8415142296499,-1.2622713444749,-1.1102235301588E-15));
#15923=CARTESIAN_POINT('Ctrl Pts',(-47.5858229005659,-0.711808457228411,
-1.1102235301588E-15));
#15924=CARTESIAN_POINT('Ctrl Pts',(-47.4863206154977,0.400212035141181,
-1.1102235301588E-15));
#15925=CARTESIAN_POINT('Ctrl Pts',(-47.7622713444749,1.14340701671235,-1.1102235301588E-15));
#15926=CARTESIAN_POINT('Ctrl Pts',(-48.,1.5,-1.1102235301588E-15));
#15927=CARTESIAN_POINT('Origin',(-23.,5.,0.));
#15928=CARTESIAN_POINT('',(-20.9,1.5,-7.09974485689499E-28));
#15929=CARTESIAN_POINT('',(-20.9,1.5,1.1102235391124E-15));
#15930=CARTESIAN_POINT('',(-23.8823529411765,6.47058823529412,0.));
#15931=CARTESIAN_POINT('Ctrl Pts',(-20.9,-1.5,1.1102235391124E-15));
#15932=CARTESIAN_POINT('Ctrl Pts',(-20.9,-1.5,-0.24));
#15933=CARTESIAN_POINT('Ctrl Pts',(-20.60600242547,-1.01000404244998,1.1102235391124E-15));
#15934=CARTESIAN_POINT('Ctrl Pts',(-20.60600242547,-1.01000404244998,-0.24));
#15935=CARTESIAN_POINT('Ctrl Pts',(-20.3259363271282,0.0921136712005803,
1.1102235391124E-15));
#15936=CARTESIAN_POINT('Ctrl Pts',(-20.3259363271282,0.0921136712005803,
-0.24));
#15937=CARTESIAN_POINT('Ctrl Pts',(-20.6795018191025,1.13250303183748,1.1102235391124E-15));
#15938=CARTESIAN_POINT('Ctrl Pts',(-20.6795018191025,1.13250303183748,-0.24));
#15939=CARTESIAN_POINT('Ctrl Pts',(-20.9,1.5,1.1102235391124E-15));
#15940=CARTESIAN_POINT('Ctrl Pts',(-20.9,1.5,-0.24));
#15941=CARTESIAN_POINT('Ctrl Pts',(-20.9,-1.5,1.1102235391124E-15));
#15942=CARTESIAN_POINT('Ctrl Pts',(-20.60600242547,-1.01000404244998,1.1102235391124E-15));
#15943=CARTESIAN_POINT('Ctrl Pts',(-20.3259363271281,0.0921136712005854,
1.1102235391124E-15));
#15944=CARTESIAN_POINT('Ctrl Pts',(-20.6795018191025,1.13250303183748,1.1102235391124E-15));
#15945=CARTESIAN_POINT('Ctrl Pts',(-20.9,1.5,1.1102235391124E-15));
#15946=CARTESIAN_POINT('Origin',(-38.,-18.0000000000002,0.));
#15947=CARTESIAN_POINT('',(0.,1.03507671441875E-15,0.));
#15948=CARTESIAN_POINT('',(-21.6460959309428,7.6026197972729,0.));
#15949=CARTESIAN_POINT('',(-45.188922033611,1.79032214474646,0.));
#15950=CARTESIAN_POINT('',(-51.4246782525379,9.86992171552363,0.));
#15951=CARTESIAN_POINT('',(-28.5744280120479,-29.9933745303929,0.));
#15952=CARTESIAN_POINT('Origin',(-29.9744280120479,-29.9933745303929,0.));
#15953=CARTESIAN_POINT('',(-52.3846153846154,-3.92307692307693,0.));
#15954=CARTESIAN_POINT('',(-6.60000000000009,-24.3,0.));
#15955=CARTESIAN_POINT('Origin',(-8.00000000000009,-24.3,0.));
#15956=CARTESIAN_POINT('',(-65.9941978967802,-33.4836406831996,0.));
#15957=CARTESIAN_POINT('Origin',(-67.3941978967802,-33.4836406831996,0.));
#15958=CARTESIAN_POINT('Origin',(-9.40000000000008,-24.3,-0.4));
#15959=CARTESIAN_POINT('',(-6.60000000000009,-24.3,-0.4));
#15960=CARTESIAN_POINT('Origin',(-8.00000000000009,-24.3,-0.4));
#15961=CARTESIAN_POINT('',(-7.00000000000009,-24.3,-0.4));
#15962=CARTESIAN_POINT('Origin',(-8.00000000000009,-24.3,-0.4));
#15963=CARTESIAN_POINT('Origin',(-8.00000000000009,-24.3,-0.6));
#15964=CARTESIAN_POINT('',(-7.00000000000009,-24.3,-0.8));
#15965=CARTESIAN_POINT('Origin',(-8.00000000000009,-24.3,-0.8));
#15966=CARTESIAN_POINT('',(-7.0000000000001,-24.3,-0.6));
#15967=CARTESIAN_POINT('Origin',(-9.00000000000008,-24.3,-0.8));
#15968=CARTESIAN_POINT('',(-6.85000000000009,-24.3,-0.8));
#15969=CARTESIAN_POINT('Origin',(-8.00000000000009,-24.3,-0.8));
#15970=CARTESIAN_POINT('Origin',(-8.00000000000009,-24.3,-0.9));
#15971=CARTESIAN_POINT('',(-6.8500000000001,-24.3,-0.9));
#15972=CARTESIAN_POINT('Origin',(-8.00000000000009,-24.3,-0.2));
#15973=CARTESIAN_POINT('',(-6.60000000000009,-24.3,-0.2));
#15974=CARTESIAN_POINT('Origin',(-31.3744280120479,-29.9933745303929,-0.4));
#15975=CARTESIAN_POINT('',(-28.5744280120479,-29.9933745303929,-0.4));
#15976=CARTESIAN_POINT('Origin',(-29.9744280120479,-29.9933745303929,-0.4));
#15977=CARTESIAN_POINT('',(-28.9744280120479,-29.9933745303929,-0.4));
#15978=CARTESIAN_POINT('Origin',(-29.9744280120479,-29.9933745303929,-0.4));
#15979=CARTESIAN_POINT('Origin',(-29.9744280120479,-29.9933745303929,-0.6));
#15980=CARTESIAN_POINT('',(-28.9744280120479,-29.9933745303929,-0.8));
#15981=CARTESIAN_POINT('Origin',(-29.9744280120479,-29.9933745303929,-0.8));
#15982=CARTESIAN_POINT('',(-28.9744280120479,-29.9933745303929,-0.6));
#15983=CARTESIAN_POINT('Origin',(-30.9744280120479,-29.9933745303929,-0.8));
#15984=CARTESIAN_POINT('',(-28.824428012048,-29.9933745303929,-0.8));
#15985=CARTESIAN_POINT('Origin',(-29.9744280120479,-29.9933745303929,-0.8));
#15986=CARTESIAN_POINT('Origin',(-29.9744280120479,-29.9933745303929,-0.9));
#15987=CARTESIAN_POINT('',(-28.8244280120479,-29.9933745303929,-0.9));
#15988=CARTESIAN_POINT('Origin',(-29.9744280120479,-29.9933745303929,-0.2));
#15989=CARTESIAN_POINT('',(-28.5744280120479,-29.9933745303929,-0.2));
#15990=CARTESIAN_POINT('Origin',(-68.7941978967802,-33.4836406831996,-0.4));
#15991=CARTESIAN_POINT('',(-65.9941978967802,-33.4836406831996,-0.4));
#15992=CARTESIAN_POINT('Origin',(-67.3941978967802,-33.4836406831996,-0.4));
#15993=CARTESIAN_POINT('',(-66.3941978967802,-33.4836406831996,-0.4));
#15994=CARTESIAN_POINT('Origin',(-67.3941978967802,-33.4836406831996,-0.4));
#15995=CARTESIAN_POINT('Origin',(-67.3941978967802,-33.4836406831996,-0.6));
#15996=CARTESIAN_POINT('',(-66.3941978967802,-33.4836406831996,-0.8));
#15997=CARTESIAN_POINT('Origin',(-67.3941978967802,-33.4836406831996,-0.8));
#15998=CARTESIAN_POINT('',(-66.3941978967802,-33.4836406831996,-0.6));
#15999=CARTESIAN_POINT('Origin',(-68.3941978967802,-33.4836406831996,-0.8));
#16000=CARTESIAN_POINT('',(-66.2441978967802,-33.4836406831996,-0.8));
#16001=CARTESIAN_POINT('Origin',(-67.3941978967802,-33.4836406831996,-0.8));
#16002=CARTESIAN_POINT('Origin',(-67.3941978967802,-33.4836406831996,-0.9));
#16003=CARTESIAN_POINT('',(-66.2441978967802,-33.4836406831996,-0.9));
#16004=CARTESIAN_POINT('Origin',(-67.3941978967802,-33.4836406831996,-0.2));
#16005=CARTESIAN_POINT('',(-65.9941978967802,-33.4836406831996,-0.2));
#16006=CARTESIAN_POINT('Origin',(1.38427413538119E-17,-5.47489966252955E-35,
0.));
#16007=CARTESIAN_POINT('Origin',(-20.6712182938101,5.97782373538603,0.));
#16008=CARTESIAN_POINT('Origin',(-48.2272005722973,6.347739952776,0.));
#16009=CARTESIAN_POINT('Origin',(-51.0000000000002,10.5069390943302,0.));
#16010=CARTESIAN_POINT('Origin',(-55.,-1.11022302462516E-15,0.));
#16011=CARTESIAN_POINT('Origin',(-38.,2.22044604925031E-15,0.));
#16012=CARTESIAN_POINT('',(-30.8744280120479,29.993374530393,-3.46944695195361E-17));
#16013=CARTESIAN_POINT('Origin',(-29.9744280120479,29.993374530393,0.));
#16014=CARTESIAN_POINT('Origin',(-29.9744280120479,29.993374530393,0.3));
#16015=CARTESIAN_POINT('',(-30.8744280120479,29.993374530393,0.6));
#16016=CARTESIAN_POINT('Origin',(-29.9744280120479,29.993374530393,0.6));
#16017=CARTESIAN_POINT('',(-30.8744280120479,29.993374530393,0.3));
#16018=CARTESIAN_POINT('Origin',(-28.9744280120479,29.993374530393,0.6));
#16019=CARTESIAN_POINT('',(-30.9744280120479,29.993374530393,0.6));
#16020=CARTESIAN_POINT('Origin',(-29.9744280120479,29.993374530393,0.6));
#16021=CARTESIAN_POINT('Origin',(-29.9744280120479,29.993374530393,0.7));
#16022=CARTESIAN_POINT('',(-30.9744280120479,29.993374530393,0.8));
#16023=CARTESIAN_POINT('Origin',(-29.9744280120479,29.993374530393,0.8));
#16024=CARTESIAN_POINT('',(-30.9744280120479,29.993374530393,0.7));
#16025=CARTESIAN_POINT('Origin',(-28.8744280120479,29.993374530393,0.8));
#16026=CARTESIAN_POINT('',(-31.0744280120479,29.993374530393,0.8));
#16027=CARTESIAN_POINT('Origin',(-29.9744280120479,29.993374530393,0.8));
#16028=CARTESIAN_POINT('Origin',(-29.9744280120479,29.993374530393,0.9));
#16029=CARTESIAN_POINT('',(-31.0744280120479,29.993374530393,1.));
#16030=CARTESIAN_POINT('Origin',(-29.9744280120479,29.993374530393,1.));
#16031=CARTESIAN_POINT('',(-31.0744280120479,29.993374530393,0.9));
#16032=CARTESIAN_POINT('Origin',(-28.7744280120479,29.993374530393,1.));
#16033=CARTESIAN_POINT('',(-31.1744280120479,29.993374530393,1.));
#16034=CARTESIAN_POINT('Origin',(-29.9744280120479,29.993374530393,1.));
#16035=CARTESIAN_POINT('Origin',(-29.9744280120479,29.993374530393,1.1));
#16036=CARTESIAN_POINT('',(-31.1744280120479,29.993374530393,1.2));
#16037=CARTESIAN_POINT('Origin',(-29.9744280120479,29.993374530393,1.2));
#16038=CARTESIAN_POINT('',(-31.1744280120479,29.993374530393,1.1));
#16039=CARTESIAN_POINT('Origin',(-29.9744280120479,29.993374530393,1.2));
#16040=CARTESIAN_POINT('Origin',(1.38427413538119E-17,-5.47489966252955E-35,
0.));
#16041=CARTESIAN_POINT('',(-1.92592994438724E-33,-3.5,0.));
#16042=CARTESIAN_POINT('',(-5.34266661773301E-17,3.5,0.));
#16043=CARTESIAN_POINT('',(0.,1.03507671441875E-15,0.));
#16044=CARTESIAN_POINT('',(0.,3.5,1.));
#16045=CARTESIAN_POINT('',(0.,3.5,0.));
#16046=CARTESIAN_POINT('',(0.,-3.5,1.));
#16047=CARTESIAN_POINT('',(0.,-3.5,1.));
#16048=CARTESIAN_POINT('',(0.,-3.5,0.));
#16049=CARTESIAN_POINT('Origin',(-20.6712182938101,5.97782373538603,0.));
#16050=CARTESIAN_POINT('',(-19.1845240525777,3.5,0.));
#16051=CARTESIAN_POINT('',(-22.000000000002,8.19245991237115,1.88612334795646E-28));
#16052=CARTESIAN_POINT('',(-21.6460959309428,7.6026197972729,0.));
#16053=CARTESIAN_POINT('',(-22.000000000002,8.19245991237115,1.));
#16054=CARTESIAN_POINT('',(-22.0000000000018,8.19245991237087,7.17464813734306E-42));
#16055=CARTESIAN_POINT('',(-19.1845240525777,3.5,1.));
#16056=CARTESIAN_POINT('',(-21.5242718451336,7.39957965425767,1.));
#16057=CARTESIAN_POINT('',(-19.1845240525777,3.5,0.));
#16058=CARTESIAN_POINT('Origin',(-48.2272005722973,6.347739952776,0.));
#16059=CARTESIAN_POINT('',(-46.3287072704467,3.5,0.));
#16060=CARTESIAN_POINT('',(-50.000001614323,9.006938018152,-1.00985691621448E-25));
#16061=CARTESIAN_POINT('',(-45.188922033611,1.79032214474646,0.));
#16062=CARTESIAN_POINT('',(-50.000001614323,9.006938018152,1.));
#16063=CARTESIAN_POINT('',(-50.0000000000002,9.00693909433023,9.18354536046544E-40));
#16064=CARTESIAN_POINT('',(-46.3287072704467,3.5,1.));
#16065=CARTESIAN_POINT('',(-49.1093299493518,7.67093401835768,1.));
#16066=CARTESIAN_POINT('',(-46.3287072704467,3.5,0.));
#16067=CARTESIAN_POINT('Origin',(-55.,7.1764412067941E-16,0.));
#16068=CARTESIAN_POINT('',(-53.9999999999999,1.50000000000011,-1.03995367584755E-26));
#16069=CARTESIAN_POINT('',(-51.9999983856772,4.49999892382177,1.76576831050148E-26));
#16070=CARTESIAN_POINT('',(-52.3846153846154,3.92307692307693,0.));
#16071=CARTESIAN_POINT('',(-51.9999983856772,4.49999892382177,1.));
#16072=CARTESIAN_POINT('',(-52.,4.50000000000001,-8.60957776481168E-41));
#16073=CARTESIAN_POINT('',(-53.9999999999999,1.50000000000011,1.));
#16074=CARTESIAN_POINT('',(-54.,1.5,1.));
#16075=CARTESIAN_POINT('',(-54.,1.5,-7.05379535894505E-33));
#16076=CARTESIAN_POINT('Origin',(-26.,5.00991872378463E-17,0.));
#16077=CARTESIAN_POINT('',(-25.1000017832788,1.50000106993149,-2.42263831759002E-26));
#16078=CARTESIAN_POINT('',(-24.0000001115019,3.33333340023378,-3.47683137191023E-27));
#16079=CARTESIAN_POINT('',(-27.5882352941177,-2.64705882352941,0.));
#16080=CARTESIAN_POINT('',(-24.0000001115019,3.33333340023379,1.));
#16081=CARTESIAN_POINT('',(-24.,3.33333333333333,7.34102421589752E-32));
#16082=CARTESIAN_POINT('',(-25.1000017832788,1.50000106993149,1.));
#16083=CARTESIAN_POINT('',(-25.1,1.5,1.));
#16084=CARTESIAN_POINT('',(-25.1,1.5,-2.37312557179969E-32));
#16085=CARTESIAN_POINT('Origin',(-51.0000000000002,10.5069390943302,0.));
#16086=CARTESIAN_POINT('',(-51.9999985491239,9.00693812711116,-1.00985691621448E-25));
#16087=CARTESIAN_POINT('',(-55.6712927295537,3.5,0.));
#16088=CARTESIAN_POINT('',(-51.4246782525379,9.86992171552363,0.));
#16089=CARTESIAN_POINT('',(-55.6712927295537,3.50000000000001,1.));
#16090=CARTESIAN_POINT('',(-55.6712927295537,3.5,0.));
#16091=CARTESIAN_POINT('',(-51.9999985491239,9.00693812711114,1.));
#16092=CARTESIAN_POINT('',(-52.0000000000002,9.00693909433023,1.));
#16093=CARTESIAN_POINT('',(-52.0000000000002,9.00693909433022,4.53273515100986E-40));
#16094=CARTESIAN_POINT('Origin',(-55.,-1.11022302462516E-15,0.));
#16095=CARTESIAN_POINT('',(-51.9999985491237,-4.49999903278093,-2.67113637383227E-27));
#16096=CARTESIAN_POINT('',(-54.,-1.49999999999994,-7.19127788464737E-27));
#16097=CARTESIAN_POINT('',(-52.3846153846154,-3.92307692307693,0.));
#16098=CARTESIAN_POINT('',(-54.,-1.49999999999994,1.));
#16099=CARTESIAN_POINT('',(-54.,-1.5,-7.05379533494481E-33));
#16100=CARTESIAN_POINT('',(-51.9999985491237,-4.49999903278093,1.));
#16101=CARTESIAN_POINT('',(-52.,-4.50000000000001,1.));
#16102=CARTESIAN_POINT('',(-52.,-4.50000000000001,-2.26476405977042E-42));
#16103=CARTESIAN_POINT('Origin',(-26.,0.,0.));
#16104=CARTESIAN_POINT('',(-23.9999976832557,-3.33333194333332,-1.54525768261637E-27));
#16105=CARTESIAN_POINT('',(-25.1000002193867,-1.50000013163009,-5.45092946401476E-26));
#16106=CARTESIAN_POINT('',(-27.5882352941177,2.64705882352941,0.));
#16107=CARTESIAN_POINT('',(-25.1000002193867,-1.50000013163009,1.));
#16108=CARTESIAN_POINT('',(-25.1,-1.5,-7.10700748103098E-33));
#16109=CARTESIAN_POINT('',(-23.9999976832557,-3.33333194333332,1.));
#16110=CARTESIAN_POINT('',(-24.,-3.33333333333333,1.));
#16111=CARTESIAN_POINT('',(-24.,-3.33333333333333,6.30372708359361E-43));
#16112=CARTESIAN_POINT('Origin',(-55.6712927295537,3.5,0.));
#16113=CARTESIAN_POINT('',(-76.,3.5,0.));
#16114=CARTESIAN_POINT('',(-46.8356463647768,3.50000000000001,0.));
#16115=CARTESIAN_POINT('',(-76.,3.5,1.));
#16116=CARTESIAN_POINT('',(-76.,3.5,0.));
#16117=CARTESIAN_POINT('',(-55.6712927295537,3.5,1.));
#16118=CARTESIAN_POINT('Origin',(-76.,-3.5,0.));
#16119=CARTESIAN_POINT('',(-55.6712927295537,-3.5,0.));
#16120=CARTESIAN_POINT('',(-76.,-3.5,0.));
#16121=CARTESIAN_POINT('',(-57.,-3.5,0.));
#16122=CARTESIAN_POINT('',(-55.6712927295537,-3.5,1.));
#16123=CARTESIAN_POINT('',(-55.6712927295537,-3.5,0.));
#16124=CARTESIAN_POINT('',(-76.,-3.5,1.));
#16125=CARTESIAN_POINT('',(-55.6712927295537,-3.5,1.));
#16126=CARTESIAN_POINT('',(-76.,-3.5,0.));
#16127=CARTESIAN_POINT('Origin',(-50.999999763879,-8.34027950403916,3.85660359314224E-24));
#16128=CARTESIAN_POINT('',(-50.0000014508765,-9.0069381271112,7.52393324069816E-26));
#16129=CARTESIAN_POINT('',(-51.9999983856774,-9.00693801815199,7.52393324069816E-26));
#16130=CARTESIAN_POINT('Origin',(-50.999999763879,-8.34027950403916,0.));
#16131=CARTESIAN_POINT('',(-50.0000014508764,-9.00693812711118,1.));
#16132=CARTESIAN_POINT('',(-50.0000000000002,-9.00693909433023,2.16948864756875E-40));
#16133=CARTESIAN_POINT('',(-51.9999983856774,-9.00693801815199,1.));
#16134=CARTESIAN_POINT('Origin',(-50.999999763879,-8.34027950403916,1.));
#16135=CARTESIAN_POINT('',(-52.0000000000002,-9.00693909433023,-1.17664229452426E-39));
#16136=CARTESIAN_POINT('Origin',(-46.3287072704467,-3.5,0.));
#16137=CARTESIAN_POINT('',(-26.626971657243,-3.49999999999999,0.));
#16138=CARTESIAN_POINT('',(-46.3287072704467,-3.5,0.));
#16139=CARTESIAN_POINT('',(-42.1643536352233,-3.5,0.));
#16140=CARTESIAN_POINT('',(-26.626971657243,-3.49999999999999,1.));
#16141=CARTESIAN_POINT('',(-26.626971657243,-3.49999999999999,0.));
#16142=CARTESIAN_POINT('',(-46.3287072704467,-3.5,1.));
#16143=CARTESIAN_POINT('',(-26.626971657243,-3.49999999999999,1.));
#16144=CARTESIAN_POINT('',(-46.3287072704467,-3.5,0.));
#16145=CARTESIAN_POINT('Origin',(-26.626971657243,-3.49999999999999,0.));
#16146=CARTESIAN_POINT('',(-23.717034539211,-8.34989519672002,0.));
#16147=CARTESIAN_POINT('',(-24.9336959967255,-6.32212610086249,0.));
#16148=CARTESIAN_POINT('',(-23.717034539211,-8.34989519672002,1.));
#16149=CARTESIAN_POINT('',(-23.717034539211,-8.34989519672002,0.));
#16150=CARTESIAN_POINT('',(-23.717034539211,-8.34989519672002,1.));
#16151=CARTESIAN_POINT('Origin',(-22.9951590335074,-7.91676989329791,0.));
#16152=CARTESIAN_POINT('',(-22.9825940339357,-8.75852239424536,8.96861397798825E-43));
#16153=CARTESIAN_POINT('Origin',(-22.9951590335074,-7.91676989329791,0.));
#16154=CARTESIAN_POINT('',(-22.9825940339358,-8.75852239424536,1.));
#16155=CARTESIAN_POINT('',(-22.9825940639959,-8.75852038824305,0.));
#16156=CARTESIAN_POINT('Origin',(-22.9951590335074,-7.91676989329791,1.));
#16157=CARTESIAN_POINT('Origin',(-23.0000221005248,-7.59241205133388,-1.55306918743585E-26));
#16158=CARTESIAN_POINT('',(-21.9999963032597,-8.19246213086385,-2.01994468314575E-28));
#16159=CARTESIAN_POINT('Origin',(-23.0000221005248,-7.59241205133388,0.));
#16160=CARTESIAN_POINT('',(-21.9999963032597,-8.19246213086385,1.));
#16161=CARTESIAN_POINT('',(-22.0000000000018,-8.19245991237087,7.25129280169171E-44));
#16162=CARTESIAN_POINT('Origin',(-23.0000221005248,-7.59241205133388,1.));
#16163=CARTESIAN_POINT('Origin',(-19.1845240525777,-3.5,0.));
#16164=CARTESIAN_POINT('',(-19.1845240525777,-3.5,0.));
#16165=CARTESIAN_POINT('',(-28.5922620262889,-3.5,0.));
#16166=CARTESIAN_POINT('',(-19.1845240525777,-3.5,1.));
#16167=CARTESIAN_POINT('',(0.,-3.5,1.));
#16168=CARTESIAN_POINT('',(-19.1845240525777,-3.5,0.));
#16169=CARTESIAN_POINT('Origin',(0.,3.5,0.));
#16170=CARTESIAN_POINT('',(-19.,3.5,0.));
#16171=CARTESIAN_POINT('',(0.,3.5,1.));
#16172=CARTESIAN_POINT('Origin',(-23.0000011136082,7.59245776938256,1.28904742557215E-26));
#16173=CARTESIAN_POINT('',(-22.9825940639956,8.75852038824305,8.28585048443785E-30));
#16174=CARTESIAN_POINT('Origin',(-23.0000000012305,7.59245991023764,-8.9295442089813E-26));
#16175=CARTESIAN_POINT('',(-22.9825940639957,8.75852038824305,1.));
#16176=CARTESIAN_POINT('',(-22.9825940639959,8.75852038824305,0.));
#16177=CARTESIAN_POINT('Origin',(-23.0000000012305,7.59245991023764,1.));
#16178=CARTESIAN_POINT('Origin',(-22.9951590335074,7.91676989329791,0.));
#16179=CARTESIAN_POINT('',(-23.717034539211,8.34989519672002,0.));
#16180=CARTESIAN_POINT('Origin',(-22.9951590335074,7.91676989329791,0.));
#16181=CARTESIAN_POINT('',(-23.717034539211,8.34989519672003,1.));
#16182=CARTESIAN_POINT('',(-23.717034539211,8.34989519672002,0.));
#16183=CARTESIAN_POINT('Origin',(-22.9951590335074,7.91676989329791,1.));
#16184=CARTESIAN_POINT('Origin',(-23.717034539211,8.34989519672002,0.));
#16185=CARTESIAN_POINT('',(-26.626971657243,3.49999999999999,0.));
#16186=CARTESIAN_POINT('',(-31.4199039082978,-4.4882204184247,0.));
#16187=CARTESIAN_POINT('',(-26.626971657243,3.49999999999999,1.));
#16188=CARTESIAN_POINT('',(-26.626971657243,3.49999999999999,0.));
#16189=CARTESIAN_POINT('',(-23.717034539211,8.34989519672002,1.));
#16190=CARTESIAN_POINT('Origin',(-26.626971657243,3.49999999999999,0.));
#16191=CARTESIAN_POINT('',(-32.3134858286215,3.5,0.));
#16192=CARTESIAN_POINT('',(-26.626971657243,3.49999999999999,1.));
#16193=CARTESIAN_POINT('Origin',(-51.0000002361214,8.34027950403928,-5.176305646315E-24));
#16194=CARTESIAN_POINT('Origin',(-51.0000002361214,8.34027950403928,0.));
#16195=CARTESIAN_POINT('Origin',(-51.0000002361214,8.34027950403928,1.));
#16196=CARTESIAN_POINT('Origin',(-51.0000002361212,-3.83334040970907,-1.36916607411824E-25));
#16197=CARTESIAN_POINT('',(-50.0000016143229,-4.49999892382175,-2.67113637383227E-27));
#16198=CARTESIAN_POINT('Origin',(-51.0000002361212,-3.83334040970907,0.));
#16199=CARTESIAN_POINT('',(-50.0000016143229,-4.49999892382175,1.));
#16200=CARTESIAN_POINT('Origin',(-51.0000002361212,-3.83334040970907,1.));
#16201=CARTESIAN_POINT('',(-50.,-4.50000000000001,2.86985925493723E-41));
#16202=CARTESIAN_POINT('Origin',(-51.7499980634767,6.60165785818596E-7,
-1.11022353984172E-15));
#16203=CARTESIAN_POINT('Origin',(-51.7499928648239,5.55111512312578E-16,
5.50026084943556E-15));
#16204=CARTESIAN_POINT('Origin',(-51.7499928648239,8.32667268468867E-16,
1.));
#16205=CARTESIAN_POINT('Origin',(-50.9999997638788,3.83334040970893,9.05094209781264E-25));
#16206=CARTESIAN_POINT('',(-50.0000014508763,4.49999903278096,1.76576831050148E-26));
#16207=CARTESIAN_POINT('Origin',(-50.9999997638788,3.83334040970893,0.));
#16208=CARTESIAN_POINT('',(-50.0000014508763,4.49999903278096,1.));
#16209=CARTESIAN_POINT('',(-50.,4.50000000000001,6.53497352562465E-41));
#16210=CARTESIAN_POINT('Origin',(-50.9999997638788,3.83334040970893,1.));
#16211=CARTESIAN_POINT('Origin',(-50.2500019365226,-6.60165844070085E-7,
-1.1102235301588E-15));
#16212=CARTESIAN_POINT('',(-48.0000000000001,-1.50000000000011,1.312797717929E-25));
#16213=CARTESIAN_POINT('',(-48.,1.49999999999994,1.49501529673332E-24));
#16214=CARTESIAN_POINT('Origin',(-50.2500071351761,-5.55111512312578E-16,
5.50026080146475E-15));
#16215=CARTESIAN_POINT('',(-48.0000000000001,-1.50000000000011,1.));
#16216=CARTESIAN_POINT('',(-48.,-1.5,-1.58335827201592E-32));
#16217=CARTESIAN_POINT('',(-48.,1.49999999999994,1.));
#16218=CARTESIAN_POINT('Origin',(-50.2500071351761,-8.32667268468867E-16,
1.));
#16219=CARTESIAN_POINT('',(-48.,1.5,4.17695644474998E-34));
#16220=CARTESIAN_POINT('Origin',(-22.9999966969314,-2.73333769720495,-7.92065285597346E-26));
#16221=CARTESIAN_POINT('',(-21.9999998884981,-3.33333340023378,-3.47682978588684E-27));
#16222=CARTESIAN_POINT('Origin',(-22.9999966969314,-2.73333769720495,0.));
#16223=CARTESIAN_POINT('',(-21.9999998884981,-3.33333340023378,1.));
#16224=CARTESIAN_POINT('Origin',(-22.9999966969314,-2.73333769720495,1.));
#16225=CARTESIAN_POINT('',(-22.,-3.33333333333333,0.));
#16226=CARTESIAN_POINT('Origin',(-22.5999794933208,3.54474274875927E-6,
1.11022353787203E-15));
#16227=CARTESIAN_POINT('Origin',(-22.5999794933208,3.54474274875927E-6,
0.));
#16228=CARTESIAN_POINT('Origin',(-22.5999794933208,3.54474274875927E-6,
1.));
#16229=CARTESIAN_POINT('Origin',(-23.0000033030686,2.73333769720486,-5.55111769636117E-16));
#16230=CARTESIAN_POINT('',(-22.0000023167442,3.33333194333335,-1.54525535246246E-27));
#16231=CARTESIAN_POINT('Origin',(-23.0000033030686,2.73333769720486,0.));
#16232=CARTESIAN_POINT('',(-22.0000023167442,3.33333194333335,1.));
#16233=CARTESIAN_POINT('',(-22.,3.33333333333333,-4.37982072472653E-33));
#16234=CARTESIAN_POINT('Origin',(-23.0000033030686,2.73333769720486,1.));
#16235=CARTESIAN_POINT('Origin',(-23.400020506679,-3.54474272510971E-6,
1.1102235391124E-15));
#16236=CARTESIAN_POINT('',(-20.8999982167212,-1.50000106993148,-2.77403234400781E-29));
#16237=CARTESIAN_POINT('',(-20.8999997806133,1.50000013163009,-6.23084459707124E-29));
#16238=CARTESIAN_POINT('Origin',(-23.400020506679,-3.54474272510971E-6,
0.));
#16239=CARTESIAN_POINT('',(-20.8999982167212,-1.50000106993148,1.));
#16240=CARTESIAN_POINT('',(-20.9,-1.5,-2.15438327697902E-32));
#16241=CARTESIAN_POINT('',(-20.8999997806133,1.50000013163009,1.));
#16242=CARTESIAN_POINT('Origin',(-23.400020506679,-3.54474272510971E-6,
1.));
#16243=CARTESIAN_POINT('',(-20.9,1.5,-5.86071567007101E-32));
#16244=CARTESIAN_POINT('Origin',(-74.,1.50000000000001,1.));
#16245=CARTESIAN_POINT('',(-67.,1.50000000000001,1.));
#16246=CARTESIAN_POINT('',(-74.,1.50000000000001,1.));
#16247=CARTESIAN_POINT('',(-56.,1.5,1.));
#16248=CARTESIAN_POINT('',(-67.,1.50000000000001,1.4));
#16249=CARTESIAN_POINT('',(-67.,1.50000000000001,1.));
#16250=CARTESIAN_POINT('',(-74.,1.50000000000001,1.4));
#16251=CARTESIAN_POINT('',(-74.,1.50000000000001,1.4));
#16252=CARTESIAN_POINT('',(-74.,1.50000000000001,1.));
#16253=CARTESIAN_POINT('Origin',(-67.,1.50000000000001,1.));
#16254=CARTESIAN_POINT('',(-67.,-1.49999999999999,1.));
#16255=CARTESIAN_POINT('',(-67.,0.750000000000002,1.));
#16256=CARTESIAN_POINT('',(-67.,-1.49999999999999,1.4));
#16257=CARTESIAN_POINT('',(-67.,-1.49999999999999,1.));
#16258=CARTESIAN_POINT('',(-67.,1.50000000000001,1.4));
#16259=CARTESIAN_POINT('Origin',(-67.,-1.49999999999999,1.));
#16260=CARTESIAN_POINT('',(-74.,-1.5,1.));
#16261=CARTESIAN_POINT('',(-52.5,-1.49999999999999,1.));
#16262=CARTESIAN_POINT('',(-74.,-1.5,1.4));
#16263=CARTESIAN_POINT('',(-74.,-1.5,1.));
#16264=CARTESIAN_POINT('',(-67.,-1.49999999999999,1.4));
#16265=CARTESIAN_POINT('Origin',(-74.,-1.5,1.));
#16266=CARTESIAN_POINT('',(-74.,-3.49,1.));
#16267=CARTESIAN_POINT('',(-74.,-0.75,1.));
#16268=CARTESIAN_POINT('',(-74.,-2.5,2.));
#16269=CARTESIAN_POINT('',(-74.,-2.74999987374375,1.74747487500631));
#16270=CARTESIAN_POINT('',(-74.,2.50000000000001,2.));
#16271=CARTESIAN_POINT('',(-74.,1.50000000000001,2.));
#16272=CARTESIAN_POINT('',(-74.,3.49000000000001,1.));
#16273=CARTESIAN_POINT('',(-74.,2.00753737184991,2.49743699813141));
#16274=CARTESIAN_POINT('',(-74.,1.25,1.));
#16275=CARTESIAN_POINT('',(-74.,1.50000000000001,1.4));
#16276=CARTESIAN_POINT('Origin',(-70.,5.55111512312578E-15,1.4));
#16277=CARTESIAN_POINT('Origin',(-70.,5.55111512312578E-15,2.));
#16278=CARTESIAN_POINT('',(-66.,-2.49999999999999,2.));
#16279=CARTESIAN_POINT('',(-74.,-2.5,2.));
#16280=CARTESIAN_POINT('',(-66.,2.5,2.));
#16281=CARTESIAN_POINT('',(-66.,-2.49999999999999,2.));
#16282=CARTESIAN_POINT('',(-66.,2.5,2.));
#16283=CARTESIAN_POINT('Origin',(-38.,-2.22044604925031E-15,1.));
#16284=CARTESIAN_POINT('',(-76.,3.5,1.));
#16285=CARTESIAN_POINT('',(-52.2308579844809,-8.6606521176092,1.));
#16286=CARTESIAN_POINT('',(-50.0000000000002,-9.00693909433024,1.));
#16287=CARTESIAN_POINT('',(-22.0000000000018,-8.19245991237087,1.));
#16288=CARTESIAN_POINT('',(-2.,3.49000000000001,1.));
#16289=CARTESIAN_POINT('',(-2.,1.50000000000001,1.));
#16290=CARTESIAN_POINT('',(-2.,1.25,1.));
#16291=CARTESIAN_POINT('',(-9.,1.50000000000001,1.));
#16292=CARTESIAN_POINT('',(-20.,1.5,1.));
#16293=CARTESIAN_POINT('',(-9.,-1.49999999999999,1.));
#16294=CARTESIAN_POINT('',(-9.00000000000001,0.750000000000002,1.));
#16295=CARTESIAN_POINT('',(-2.,-1.5,1.));
#16296=CARTESIAN_POINT('',(-23.5,-1.49999999999999,1.));
#16297=CARTESIAN_POINT('',(-2.,-3.49,1.));
#16298=CARTESIAN_POINT('',(-2.,-0.75,1.));
#16299=CARTESIAN_POINT('',(-10.99,-3.48999999999999,1.));
#16300=CARTESIAN_POINT('',(-20.,-3.48999999999999,1.));
#16301=CARTESIAN_POINT('',(-10.99,3.49,1.));
#16302=CARTESIAN_POINT('',(-10.99,-1.25,1.));
#16303=CARTESIAN_POINT('',(-24.,3.49,1.));
#16304=CARTESIAN_POINT('',(-22.,3.33333333333333,1.));
#16305=CARTESIAN_POINT('',(-20.9,-1.5,1.));
#16306=CARTESIAN_POINT('',(-50.,4.50000000000001,1.));
#16307=CARTESIAN_POINT('',(-48.,-1.5,1.));
#16308=CARTESIAN_POINT('',(-65.01,3.49,1.));
#16309=CARTESIAN_POINT('',(-52.,3.49,1.));
#16310=CARTESIAN_POINT('',(-65.01,-3.48999999999999,1.));
#16311=CARTESIAN_POINT('',(-65.01,-1.25,1.));
#16312=CARTESIAN_POINT('',(-56.,-3.48999999999999,1.));
#16313=CARTESIAN_POINT('Origin',(-56.,-2.99499999999999,1.5));
#16314=CARTESIAN_POINT('',(-66.,-2.49999999999999,2.));
#16315=CARTESIAN_POINT('Origin',(-65.505,-1.25,1.5));
#16316=CARTESIAN_POINT('',(-66.,2.5,2.));
#16317=CARTESIAN_POINT('Origin',(-52.,2.995,1.5));
#16318=CARTESIAN_POINT('Origin',(-2.,1.50000000000001,1.));
#16319=CARTESIAN_POINT('',(-2.,1.50000000000001,1.4));
#16320=CARTESIAN_POINT('',(-2.,1.50000000000001,1.));
#16321=CARTESIAN_POINT('',(-9.,1.50000000000001,1.4));
#16322=CARTESIAN_POINT('',(-2.,1.50000000000001,1.4));
#16323=CARTESIAN_POINT('',(-9.,1.50000000000001,1.));
#16324=CARTESIAN_POINT('Origin',(-9.,1.50000000000001,1.));
#16325=CARTESIAN_POINT('',(-9.,-1.49999999999999,1.4));
#16326=CARTESIAN_POINT('',(-9.,1.50000000000001,1.4));
#16327=CARTESIAN_POINT('',(-9.,-1.49999999999999,1.));
#16328=CARTESIAN_POINT('Origin',(-9.,-1.49999999999999,1.));
#16329=CARTESIAN_POINT('',(-2.,-1.5,1.4));
#16330=CARTESIAN_POINT('',(-9.,-1.49999999999999,1.4));
#16331=CARTESIAN_POINT('',(-2.,-1.5,1.));
#16332=CARTESIAN_POINT('Origin',(-2.,-1.5,1.));
#16333=CARTESIAN_POINT('',(-2.,1.50000000000001,1.4));
#16334=CARTESIAN_POINT('',(-2.,2.50000000000001,2.));
#16335=CARTESIAN_POINT('',(-2.,2.00753737184991,2.49743699813141));
#16336=CARTESIAN_POINT('',(-2.,-2.5,2.));
#16337=CARTESIAN_POINT('',(-2.,1.50000000000001,2.));
#16338=CARTESIAN_POINT('',(-2.,-2.74999987374375,1.74747487500631));
#16339=CARTESIAN_POINT('Origin',(-6.00000000000001,5.55111512312578E-15,
2.));
#16340=CARTESIAN_POINT('',(-10.,2.5,2.));
#16341=CARTESIAN_POINT('',(-10.,2.5,2.));
#16342=CARTESIAN_POINT('',(-10.,-2.49999999999999,2.));
#16343=CARTESIAN_POINT('',(-10.,-2.49999999999999,2.));
#16344=CARTESIAN_POINT('',(-2.,-2.5,2.));
#16345=CARTESIAN_POINT('Origin',(-6.00000000000001,5.55111512312578E-15,
1.4));
#16346=CARTESIAN_POINT('Origin',(-20.,-2.99499999999999,1.5));
#16347=CARTESIAN_POINT('',(-10.99,-3.48999999999999,1.));
#16348=CARTESIAN_POINT('Origin',(-10.495,-1.25,1.5));
#16349=CARTESIAN_POINT('',(-10.99,3.49,1.));
#16350=CARTESIAN_POINT('Origin',(-24.,2.995,1.5));
#16351=CARTESIAN_POINT('Origin',(-20.6712182938101,-5.97782373538603,0.));
#16352=CARTESIAN_POINT('',(-21.6460959309428,-7.6026197972729,0.));
#16353=CARTESIAN_POINT('Origin',(-48.2272005722973,-6.347739952776,0.));
#16354=CARTESIAN_POINT('',(-45.188922033611,-1.79032214474646,0.));
#16355=CARTESIAN_POINT('Origin',(-51.0000000000002,-10.5069390943302,0.));
#16356=CARTESIAN_POINT('',(-51.4246782525379,-9.86992171552362,0.));
#16357=CARTESIAN_POINT('Origin',(-76.,-3.5,0.));
#16358=CARTESIAN_POINT('',(-76.,-1.75,0.));
#16359=CARTESIAN_POINT('Origin',(-51.,-6.,0.));
#16360=CARTESIAN_POINT('',(-47.6153846153846,-0.923076923076925,0.));
#16361=CARTESIAN_POINT('Origin',(-51.,6.,0.));
#16362=CARTESIAN_POINT('',(-47.6153846153846,0.923076923076926,0.));
#16363=CARTESIAN_POINT('Origin',(-23.,-5.,0.));
#16364=CARTESIAN_POINT('',(-23.8823529411765,-6.47058823529412,0.));
#16365=CARTESIAN_POINT('Origin',(-23.,5.,0.));
#16366=CARTESIAN_POINT('',(-23.8823529411765,6.47058823529412,0.));
#16367=CARTESIAN_POINT('Origin',(-38.,2.22044604925031E-15,0.));
#16368=CARTESIAN_POINT('Origin',(-38.,2.22044604925031E-15,0.));
#16369=CARTESIAN_POINT('',(-8.90000000000009,24.3,-3.46944695195361E-17));
#16370=CARTESIAN_POINT('Origin',(-8.00000000000009,24.3,0.));
#16371=CARTESIAN_POINT('Origin',(-8.00000000000009,24.3,0.3));
#16372=CARTESIAN_POINT('',(-8.90000000000009,24.3,0.6));
#16373=CARTESIAN_POINT('Origin',(-8.00000000000009,24.3,0.6));
#16374=CARTESIAN_POINT('',(-8.90000000000009,24.3,0.3));
#16375=CARTESIAN_POINT('Origin',(-7.00000000000009,24.3,0.6));
#16376=CARTESIAN_POINT('',(-9.00000000000009,24.3,0.6));
#16377=CARTESIAN_POINT('Origin',(-8.00000000000009,24.3,0.6));
#16378=CARTESIAN_POINT('Origin',(-8.00000000000009,24.3,0.7));
#16379=CARTESIAN_POINT('',(-9.00000000000009,24.3,0.8));
#16380=CARTESIAN_POINT('Origin',(-8.00000000000009,24.3,0.8));
#16381=CARTESIAN_POINT('',(-9.00000000000009,24.3,0.7));
#16382=CARTESIAN_POINT('Origin',(-6.90000000000009,24.3,0.8));
#16383=CARTESIAN_POINT('',(-9.10000000000009,24.3,0.8));
#16384=CARTESIAN_POINT('Origin',(-8.00000000000009,24.3,0.8));
#16385=CARTESIAN_POINT('Origin',(-8.00000000000009,24.3,0.9));
#16386=CARTESIAN_POINT('',(-9.10000000000009,24.3,1.));
#16387=CARTESIAN_POINT('Origin',(-8.00000000000009,24.3,1.));
#16388=CARTESIAN_POINT('',(-9.10000000000009,24.3,0.9));
#16389=CARTESIAN_POINT('Origin',(-6.80000000000009,24.3,1.));
#16390=CARTESIAN_POINT('',(-9.20000000000008,24.3,1.));
#16391=CARTESIAN_POINT('Origin',(-8.00000000000009,24.3,1.));
#16392=CARTESIAN_POINT('Origin',(-8.00000000000009,24.3,1.1));
#16393=CARTESIAN_POINT('',(-9.20000000000008,24.3,1.2));
#16394=CARTESIAN_POINT('Origin',(-8.00000000000009,24.3,1.2));
#16395=CARTESIAN_POINT('',(-9.20000000000009,24.3,1.1));
#16396=CARTESIAN_POINT('Origin',(-8.00000000000009,24.3,1.2));
#16397=CARTESIAN_POINT('Origin',(-38.,2.22044604925031E-15,0.));
#16398=CARTESIAN_POINT('',(-68.24478508655,33.4760003831303,-3.46944695195361E-17));
#16399=CARTESIAN_POINT('Origin',(-67.34478508655,33.4760003831303,0.));
#16400=CARTESIAN_POINT('Origin',(-67.34478508655,33.4760003831303,0.3));
#16401=CARTESIAN_POINT('',(-68.24478508655,33.4760003831303,0.6));
#16402=CARTESIAN_POINT('Origin',(-67.34478508655,33.4760003831303,0.6));
#16403=CARTESIAN_POINT('',(-68.24478508655,33.4760003831303,0.3));
#16404=CARTESIAN_POINT('Origin',(-66.34478508655,33.4760003831303,0.6));
#16405=CARTESIAN_POINT('',(-68.34478508655,33.4760003831303,0.6));
#16406=CARTESIAN_POINT('Origin',(-67.34478508655,33.4760003831303,0.6));
#16407=CARTESIAN_POINT('Origin',(-67.34478508655,33.4760003831303,0.7));
#16408=CARTESIAN_POINT('',(-68.34478508655,33.4760003831303,0.8));
#16409=CARTESIAN_POINT('Origin',(-67.34478508655,33.4760003831303,0.8));
#16410=CARTESIAN_POINT('',(-68.34478508655,33.4760003831303,0.7));
#16411=CARTESIAN_POINT('Origin',(-66.24478508655,33.4760003831303,0.8));
#16412=CARTESIAN_POINT('',(-68.44478508655,33.4760003831303,0.8));
#16413=CARTESIAN_POINT('Origin',(-67.34478508655,33.4760003831303,0.8));
#16414=CARTESIAN_POINT('Origin',(-67.34478508655,33.4760003831303,0.9));
#16415=CARTESIAN_POINT('',(-68.44478508655,33.4760003831303,1.));
#16416=CARTESIAN_POINT('Origin',(-67.34478508655,33.4760003831303,1.));
#16417=CARTESIAN_POINT('',(-68.44478508655,33.4760003831303,0.9));
#16418=CARTESIAN_POINT('Origin',(-66.14478508655,33.4760003831303,1.));
#16419=CARTESIAN_POINT('',(-68.54478508655,33.4760003831303,1.));
#16420=CARTESIAN_POINT('Origin',(-67.34478508655,33.4760003831303,1.));
#16421=CARTESIAN_POINT('Origin',(-67.34478508655,33.4760003831303,1.1));
#16422=CARTESIAN_POINT('',(-68.54478508655,33.4760003831303,1.2));
#16423=CARTESIAN_POINT('Origin',(-67.34478508655,33.4760003831303,1.2));
#16424=CARTESIAN_POINT('',(-68.54478508655,33.4760003831303,1.1));
#16425=CARTESIAN_POINT('Origin',(-67.34478508655,33.4760003831303,1.2));
#16426=CARTESIAN_POINT('',(-4.44089209850062E-14,75.,2.22044604925031E-14));
#16427=UNCERTAINTY_MEASURE_WITH_UNIT(LENGTH_MEASURE(0.01),#16435,
'DISTANCE_ACCURACY_VALUE',
'Maximum model space distance between geometric entities at asserted c
onnectivities');
#16428=UNCERTAINTY_MEASURE_WITH_UNIT(LENGTH_MEASURE(0.01),#16435,
'DISTANCE_ACCURACY_VALUE',
'Maximum model space distance between geometric entities at asserted c
onnectivities');
#16429=UNCERTAINTY_MEASURE_WITH_UNIT(LENGTH_MEASURE(0.01),#16435,
'DISTANCE_ACCURACY_VALUE',
'Maximum model space distance between geometric entities at asserted c
onnectivities');
#16430=UNCERTAINTY_MEASURE_WITH_UNIT(LENGTH_MEASURE(0.01),#16435,
'DISTANCE_ACCURACY_VALUE',
'Maximum model space distance between geometric entities at asserted c
onnectivities');
#16431=(
GEOMETRIC_REPRESENTATION_CONTEXT(3)
GLOBAL_UNCERTAINTY_ASSIGNED_CONTEXT((#16427))
GLOBAL_UNIT_ASSIGNED_CONTEXT((#16435,#16437,#16438))
REPRESENTATION_CONTEXT('','3D')
);
#16432=(
GEOMETRIC_REPRESENTATION_CONTEXT(3)
GLOBAL_UNCERTAINTY_ASSIGNED_CONTEXT((#16428))
GLOBAL_UNIT_ASSIGNED_CONTEXT((#16435,#16437,#16438))
REPRESENTATION_CONTEXT('','3D')
);
#16433=(
GEOMETRIC_REPRESENTATION_CONTEXT(3)
GLOBAL_UNCERTAINTY_ASSIGNED_CONTEXT((#16429))
GLOBAL_UNIT_ASSIGNED_CONTEXT((#16435,#16437,#16438))
REPRESENTATION_CONTEXT('','3D')
);
#16434=(
GEOMETRIC_REPRESENTATION_CONTEXT(3)
GLOBAL_UNCERTAINTY_ASSIGNED_CONTEXT((#16430))
GLOBAL_UNIT_ASSIGNED_CONTEXT((#16435,#16437,#16438))
REPRESENTATION_CONTEXT('','3D')
);
#16435=(
LENGTH_UNIT()
NAMED_UNIT(*)
SI_UNIT(.MILLI.,.METRE.)
);
#16436=(
LENGTH_UNIT()
NAMED_UNIT(*)
SI_UNIT($,.METRE.)
);
#16437=(
NAMED_UNIT(*)
PLANE_ANGLE_UNIT()
SI_UNIT($,.RADIAN.)
);
#16438=(
NAMED_UNIT(*)
SI_UNIT($,.STERADIAN.)
SOLID_ANGLE_UNIT()
);
#16439=SHAPE_DEFINITION_REPRESENTATION(#16442,#16447);
#16440=SHAPE_DEFINITION_REPRESENTATION(#16443,#16448);
#16441=SHAPE_DEFINITION_REPRESENTATION(#16444,#16449);
#16442=PRODUCT_DEFINITION_SHAPE('',$,#16451);
#16443=PRODUCT_DEFINITION_SHAPE('',$,#16452);
#16444=PRODUCT_DEFINITION_SHAPE('',$,#16453);
#16445=PRODUCT_DEFINITION_SHAPE($,$,#17);
#16446=PRODUCT_DEFINITION_SHAPE($,$,#18);
#16447=SHAPE_REPRESENTATION('',(#8677,#9359),#16431);
#16448=SHAPE_REPRESENTATION('',(#8678,#9084),#16432);
#16449=SHAPE_REPRESENTATION('',(#8679),#16433);
#16450=PRODUCT_DEFINITION_CONTEXT('part definition',#16461,'design');
#16451=PRODUCT_DEFINITION('2026-05-10-09-31-20-980','OpenPrintSense',#16454,
#16450);
#16452=PRODUCT_DEFINITION('2026-05-10-09-23-14-408',
'Pinky_Thumb_finger_Non-Conductive-TPU',#16455,#16450);
#16453=PRODUCT_DEFINITION('2026-05-10-09-35-12-498',
'Pinky-Thumb-finger-sensor_Conductive-TPU',#16456,#16450);
#16454=PRODUCT_DEFINITION_FORMATION('',$,#16463);
#16455=PRODUCT_DEFINITION_FORMATION('',$,#16464);
#16456=PRODUCT_DEFINITION_FORMATION('',$,#16465);
#16457=PRODUCT_RELATED_PRODUCT_CATEGORY('OpenPrintSense',
'OpenPrintSense',(#16463));
#16458=PRODUCT_RELATED_PRODUCT_CATEGORY(
'Pinky_Thumb_finger_Non-Conductive-TPU',
'Pinky_Thumb_finger_Non-Conductive-TPU',(#16464));
#16459=PRODUCT_RELATED_PRODUCT_CATEGORY(
'Pinky-Thumb-finger-sensor_Conductive-TPU',
'Pinky-Thumb-finger-sensor_Conductive-TPU',(#16465));
#16460=APPLICATION_PROTOCOL_DEFINITION('international standard',
'automotive_design',2009,#16461);
#16461=APPLICATION_CONTEXT(
'Core Data for Automotive Mechanical Design Process');
#16462=PRODUCT_CONTEXT('part definition',#16461,'mechanical');
#16463=PRODUCT('2026-05-10-09-31-20-980','OpenPrintSense',$,(#16462));
#16464=PRODUCT('2026-05-10-09-23-14-408',
'Pinky_Thumb_finger_Non-Conductive-TPU',$,(#16462));
#16465=PRODUCT('2026-05-10-09-35-12-498',
'Pinky-Thumb-finger-sensor_Conductive-TPU',$,(#16462));
#16466=PRESENTATION_STYLE_ASSIGNMENT((#16471));
#16467=PRESENTATION_STYLE_ASSIGNMENT((#16472));
#16468=PRESENTATION_STYLE_ASSIGNMENT((#16473));
#16469=PRESENTATION_STYLE_ASSIGNMENT((#16474));
#16470=PRESENTATION_STYLE_ASSIGNMENT((#16475));
#16471=SURFACE_STYLE_USAGE(.BOTH.,#16476);
#16472=SURFACE_STYLE_USAGE(.BOTH.,#16477);
#16473=SURFACE_STYLE_USAGE(.BOTH.,#16478);
#16474=SURFACE_STYLE_USAGE(.BOTH.,#16479);
#16475=SURFACE_STYLE_USAGE(.BOTH.,#16480);
#16476=SURFACE_SIDE_STYLE('',(#16481));
#16477=SURFACE_SIDE_STYLE('',(#16482));
#16478=SURFACE_SIDE_STYLE('',(#16483));
#16479=SURFACE_SIDE_STYLE('',(#16484));
#16480=SURFACE_SIDE_STYLE('',(#16485));
#16481=SURFACE_STYLE_FILL_AREA(#16486);
#16482=SURFACE_STYLE_FILL_AREA(#16487);
#16483=SURFACE_STYLE_FILL_AREA(#16488);
#16484=SURFACE_STYLE_FILL_AREA(#16489);
#16485=SURFACE_STYLE_FILL_AREA(#16490);
#16486=FILL_AREA_STYLE('Plate',(#16491));
#16487=FILL_AREA_STYLE('Paint - Metallic (Silver)',(#16492));
#16488=FILL_AREA_STYLE('Paint - Metallic (Black)',(#16493));
#16489=FILL_AREA_STYLE('Opaque(160,160,160)',(#16494));
#16490=FILL_AREA_STYLE('Powder Coat - Rough (White)',(#16495));
#16491=FILL_AREA_STYLE_COLOUR('Plate',#16496);
#16492=FILL_AREA_STYLE_COLOUR('Paint - Metallic (Silver)',#16497);
#16493=FILL_AREA_STYLE_COLOUR('Paint - Metallic (Black)',#16498);
#16494=FILL_AREA_STYLE_COLOUR('Opaque(160,160,160)',#16499);
#16495=FILL_AREA_STYLE_COLOUR('Powder Coat - Rough (White)',#16500);
#16496=COLOUR_RGB('Plate',0.6,0.6,0.6);
#16497=COLOUR_RGB('Paint - Metallic (Silver)',0.984313725490196,0.980392156862745,
0.96078431372549);
#16498=COLOUR_RGB('Paint - Metallic (Black)',0.0980392156862745,0.0980392156862745,
0.0980392156862745);
#16499=COLOUR_RGB('Opaque(160,160,160)',0.627450980392157,0.627450980392157,
0.627450980392157);
#16500=COLOUR_RGB('Powder Coat - Rough (White)',0.964705882352941,0.964705882352941,
0.952941176470588);
ENDSEC;
END-ISO-10303-21;
